sorgu,niyet,skor,google_ilk_pozisyon,google_relevance,kac_kokte_onerildi
eryaman emlak ofisleri,EMLAKÇI / OFİS arayan,8.973,0,1250,96
eryaman kiralık işyeri,KİRALIK mülk arayan,8.443,0,1250,73
eryaman satılık villa arsası,SATILIK mülk arayan,8.416,0,1250,72
eryaman kiralık ev ankara,KİRALIK mülk arayan,7.998,0,1250,58
susuz mahallesi satılık ev,SATILIK mülk arayan,7.902,0,1252,55
eryaman satılık arsa,SATILIK mülk arayan,7.899,0,1251,55
eryaman en iyi emlakçı,EMLAKÇI / OFİS arayan,7.555,0,1251,46
eryaman emlakçılar listesi,EMLAKÇI / OFİS arayan,7.544,0,601,173
eryaman etap haritası,SİTE / proje / etap adı,7.384,0,1252,42
eryaman ev satılık,SATILIK mülk arayan,7.083,0,1250,36
etimesgut satılık daire fiyatları,SATILIK mülk arayan,7.029,0,1250,35
eryaman etapları,Diğer,6.925,0,1253,33
eryamandan ev alınır mı,Diğer,6.874,0,601,109
eryaman satılık ev fiyatları,SATILIK mülk arayan,6.859,0,1250,32
eryaman emlakçılar,EMLAKÇI / OFİS arayan,6.806,0,601,104
eryaman ev fiyatı,FİYAT / piyasa araştırması,6.792,0,601,103
etimesgut satılık daire sahibinden,SATILIK mülk arayan,6.736,0,1250,30
eryaman emlakçı listesi,EMLAKÇI / OFİS arayan,6.719,0,601,98
eryaman satılık ev ankara,SATILIK mülk arayan,6.467,0,1251,26
eryaman satılık ev sahibinden,SATILIK mülk arayan,6.465,0,1250,26
eryaman ev satın al,SATILIK mülk arayan,6.408,0,601,79
eryaman kiralık ev fiyatları,KİRALIK mülk arayan,6.389,0,601,78
eryaman ev projeleri,Diğer,6.234,0,1250,23
eryaman konut projesi,Diğer,6.234,0,1250,23
etimesgut kiralık daire eşyalı,KİRALIK mülk arayan,6.234,0,1250,23
yeni batı kiralık ev,KİRALIK mülk arayan,6.234,0,1250,23
eryaman da emlakçılar,EMLAKÇI / OFİS arayan,6.082,0,601,63
eryaman kiralık işyeri villa,KİRALIK mülk arayan,6.082,0,601,63
eryaman site isimleri,Diğer,6.073,0,1254,21
eryaman emlak iş ilanları,Diğer,6.059,0,601,62
eryaman ev sahibinden,Diğer,6.035,0,601,61
eryaman 1 etap kentsel dönüşüm,SİTE / proje / etap adı,5.963,0,601,58
eryaman satılık dükkanlar,SATILIK mülk arayan,5.938,0,601,57
eryaman kiralık dükkan sahibinden,KİRALIK mülk arayan,5.886,0,601,55
eryaman kiralık dükkanlar,KİRALIK mülk arayan,5.886,0,601,55
eryaman kentsel dönüşüm,Diğer,5.886,0,601,55
susuz mahallesi satılık villa,SATILIK mülk arayan,5.879,0,1251,19
eryaman kiralık daire eşyalı,KİRALIK mülk arayan,5.876,0,1250,19
ankara eryaman kiralık evler,KİRALIK mülk arayan,5.876,0,1250,19
eryaman arsa fiyatları,FİYAT / piyasa araştırması,5.86,0,601,54
susuz mahallesi satılık,SATILIK mülk arayan,5.86,0,601,54
eryaman kira fiyatları,KİRALIK mülk arayan,5.833,0,601,53
eryaman gayrimenkul şikayet,EMLAKÇI / OFİS arayan,5.778,0,601,51
eryaman satılık daire sahibinden,SATILIK mülk arayan,5.778,0,1251,18
susuz mahallesi satılık dükkan,SATILIK mülk arayan,5.776,0,1250,18
eryaman satılık arazi,SATILIK mülk arayan,5.721,0,601,49
eryaman kiralık ev 3 1,KİRALIK mülk arayan,5.661,0,601,47
eryaman 4 etap fotoğraflar,SİTE / proje / etap adı,5.661,0,601,47
eryaman 5. etap,SİTE / proje / etap adı,5.567,0,601,44
ankara eryaman satılık ev,SATILIK mülk arayan,5.56,0,1251,16
eryaman site satılık daire,SATILIK mülk arayan,5.557,0,1250,16
eryaman kiralık ev 4 1,KİRALIK mülk arayan,5.534,0,601,43
eryaman rezidans isimleri,SİTE / proje / etap adı,5.5,0,601,42
eryaman oturma planı,Diğer,5.5,0,601,42
eryaman 2 etap resimleri,SİTE / proje / etap adı,5.5,0,601,42
susuz mahallesi satilik daire,SATILIK mülk arayan,5.5,0,601,42
susuz mahallesi satılık daire,SATILIK mülk arayan,5.445,0,1253,15
eryaman konut projeleri,Diğer,5.443,0,1252,15
eryaman kiralık ofis,KİRALIK mülk arayan,5.439,0,1250,15
eryaman daire fiyatları,FİYAT / piyasa araştırması,5.439,0,1250,15
yeni batı satılık dükkan,SATILIK mülk arayan,5.439,0,1250,15
eryaman evleri emlak ofisi,EMLAKÇI / OFİS arayan,5.43,0,601,40
eryaman kiralik is yeri,KİRALIK mülk arayan,5.43,0,601,40
eryaman rezidans evleri,SİTE / proje / etap adı,5.394,0,601,39
eryaman 5 etap neresi,SİTE / proje / etap adı,5.394,0,601,39
etimesgut kiralık daire 4 1,KİRALIK mülk arayan,5.357,0,601,38
yeni batı kiralık daireler,KİRALIK mülk arayan,5.357,0,601,38
eryaman 4 etap resimleri,SİTE / proje / etap adı,5.319,0,601,37
etimesgut emlakçılar,EMLAKÇI / OFİS arayan,5.316,0,1252,14
yeni batı satılık ev,SATILIK mülk arayan,5.316,0,1252,14
ankara eryaman kiralık apart,KİRALIK mülk arayan,5.312,0,1250,14
eryaman kiralık daire fiyatları,KİRALIK mülk arayan,5.28,0,601,36
eryaman arsa m2 fiyatları,FİYAT / piyasa araştırması,5.28,0,601,36
eryaman 1 etap resimleri,SİTE / proje / etap adı,5.28,0,601,36
eryaman kiralık ev 2 1,KİRALIK mülk arayan,5.24,0,601,35
eryaman 2 etap hangi mahallede,SİTE / proje / etap adı,5.24,0,601,35
eryaman güven emlak,Diğer,5.199,0,601,34
eryaman 2 etap fotoğraflar,SİTE / proje / etap adı,5.199,0,601,34
etimesgut satılık daire 4 1,SATILIK mülk arayan,5.199,0,601,34
eryaman satılık villa sahibinden,SATILIK mülk arayan,5.157,0,601,33
eryaman kiralık ev eşyalı,KİRALIK mülk arayan,5.157,0,601,33
eryaman oturulacak yerler,Diğer,5.157,0,601,33
etimesgut satılık daireler sahibinden,SATILIK mülk arayan,5.157,0,601,33
eryaman 1 etap nerede,SİTE / proje / etap adı,5.113,0,601,32
eryaman 1 etap neresi,SİTE / proje / etap adı,5.113,0,601,32
etimesgut emlak ofisleri,EMLAKÇI / OFİS arayan,5.113,0,601,32
eryaman emlak ankara,Diğer,5.068,0,601,31
eryaman rezidans satılık daire,SATILIK mülk arayan,5.033,0,1251,12
eryaman ev dekorasyon,Diğer,5.031,0,1250,12
eryaman 3 etap fotoğraflar,SİTE / proje / etap adı,5.022,0,601,30
eryaman 7 etap,SİTE / proje / etap adı,4.974,0,601,29
eryaman 3 etap hangi mahalle,SİTE / proje / etap adı,4.974,0,601,29
eryaman 1 etap hangi mahalle,SİTE / proje / etap adı,4.974,0,601,29
eryaman emlak ofisi,EMLAKÇI / OFİS arayan,4.924,0,601,28
eryaman 6 etap satılık daireler,SATILIK mülk arayan,4.924,0,601,28
eryaman 7 etap resimleri,SİTE / proje / etap adı,4.924,0,601,28
eryaman 3 etap resimleri,SİTE / proje / etap adı,4.924,0,601,28
eryaman kaç m2,FİYAT / piyasa araştırması,4.924,0,601,28
eryaman emlakçı gayrimenkul kılıç gayrimenkul yorumlar,EMLAKÇI / OFİS arayan,4.874,0,1250,11
eryaman satılık daire fiyatları,SATILIK mülk arayan,4.874,0,1250,11
eryaman kiralık daire günlük,KİRALIK mülk arayan,4.874,0,1250,11
ankara eryaman satılık villa,SATILIK mülk arayan,4.874,0,1250,11
eryaman 6 etap kiralık daireler,KİRALIK mülk arayan,4.873,0,601,27
eryaman 7 etap kiralık daireler,KİRALIK mülk arayan,4.873,0,601,27
eryaman ev kiralama,Diğer,4.873,0,601,27
eryaman 3. etap,SİTE / proje / etap adı,4.873,0,601,27
eryaman evim market,Diğer,4.873,0,601,27
eryaman 7 etap satılık daireler,SATILIK mülk arayan,4.82,0,601,26
eryaman rezidans satılık daireler,SATILIK mülk arayan,4.82,0,601,26
yeni batı emlakçı,EMLAKÇI / OFİS arayan,4.82,0,601,26
yeni batı kiralık rezidans,KİRALIK mülk arayan,4.82,0,601,26
eryaman gayrimenkul satılık,SATILIK mülk arayan,4.764,0,601,25
eryaman etap evleri,SİTE / proje / etap adı,4.764,0,601,25
etimesgut satılık daire 3 1,SATILIK mülk arayan,4.764,0,601,25
yeni batı emlak,Diğer,4.764,0,601,25
eryaman 6 etap,SİTE / proje / etap adı,4.707,0,601,24
eryaman satılık villalar,SATILIK mülk arayan,4.707,0,601,24
ankara eryaman kiralık rezidans,KİRALIK mülk arayan,4.707,0,601,24
eryaman nasıl bir yer,SEMT / yaşam araştırması,4.707,0,601,24
eryaman kaçıncı etap,SİTE / proje / etap adı,4.707,0,601,24
eryaman kiralık daire sahibinden,KİRALIK mülk arayan,4.704,0,1250,10
eryaman kiralık rezidans,KİRALIK mülk arayan,4.704,0,1250,10
eryaman ev tadilatı,Diğer,4.704,0,1250,10
ankara eryaman satılık arsa,SATILIK mülk arayan,4.704,0,1250,10
eryaman gayrimenkul sahibinden,Diğer,4.647,0,601,23
eryaman satılık imarlı arsa,SATILIK mülk arayan,4.647,0,601,23
yeni batı satilik ev,SATILIK mülk arayan,4.647,0,601,23
eryaman kiralık daire 4 1,KİRALIK mülk arayan,4.585,0,601,22
ankara eryaman kira fiyatları,KİRALIK mülk arayan,4.585,0,601,22
eryaman evleri kaç dönüm,Diğer,4.585,0,601,22
ankara eryaman kiralık eşyalı ev,KİRALIK mülk arayan,4.577,0,800,16
eryaman en iyi mahallesi,Diğer,4.538,0,1262,9
eryaman satılık ev 3 1,SATILIK mülk arayan,4.52,0,601,21
eryaman kiralık ev sahibinden,KİRALIK mülk arayan,4.52,0,601,21
eryaman satılık daire 4 1,SATILIK mülk arayan,4.52,0,601,21
eryaman satılık ev sahıbınden,SATILIK mülk arayan,4.52,0,601,21
eryaman en iyi,Diğer,4.52,0,601,21
eryaman etap 1,SİTE / proje / etap adı,4.52,0,601,21
etimesgut kiralık daire 1 0,KİRALIK mülk arayan,4.52,0,601,21
eryaman ankara ev,Diğer,4.52,0,601,21
eryaman kiralık müstakil ev,KİRALIK mülk arayan,4.517,0,1250,9
ankara eryaman kiralık ofis,KİRALIK mülk arayan,4.517,0,1250,9
ankara eryaman satılık müstakil ev,SATILIK mülk arayan,4.517,0,1250,9
eryaman daire kiralık,KİRALIK mülk arayan,4.517,0,1250,9
etimesgut satılık daire 30 ağustos,SATILIK mülk arayan,4.517,0,1250,9
eryaman satılık daire fiyatı,SATILIK mülk arayan,4.452,0,601,20
yeni batı satılık dair,SATILIK mülk arayan,4.452,0,601,20
susuz mahallesi satilik arsa,SATILIK mülk arayan,4.452,0,601,20
eryaman satılık ev 2 1,SATILIK mülk arayan,4.381,0,601,19
eryaman 2 1 ev fiyatları,FİYAT / piyasa araştırması,4.381,0,601,19
eryaman 2 etap neresi,SİTE / proje / etap adı,4.381,0,601,19
eryaman kiralık daire ankara,KİRALIK mülk arayan,4.312,0,1251,8
eryaman satılık işyeri,SATILIK mülk arayan,4.31,0,1250,8
eryaman kiralık ev günlük,KİRALIK mülk arayan,4.31,0,1250,8
etimesgut kiralık daire fiyatları,KİRALIK mülk arayan,4.31,0,1250,8
eryaman emlak satılık daire,SATILIK mülk arayan,4.306,0,601,18
eryaman nasıl bir semt,Diğer,4.306,0,601,18
eryaman kiralık daire 3 1,KİRALIK mülk arayan,4.306,0,601,18
eryaman 4 etap hangi mahalle,SİTE / proje / etap adı,4.306,0,601,18
eryaman site satılık,SATILIK mülk arayan,4.306,0,601,18
eryaman kiralık 1 0,KİRALIK mülk arayan,4.227,0,601,17
eryaman ev aç emlak,Diğer,4.227,0,601,17
eryaman daire satılık,SATILIK mülk arayan,4.227,0,601,17
eryaman kaç metrekare,FİYAT / piyasa araştırması,4.227,0,601,17
eryaman 2 1 satılık sıfır,SATILIK mülk arayan,4.227,0,601,17
etimesgut emlakçıları,EMLAKÇI / OFİS arayan,4.227,0,601,17
etimesgut kiralık daireler sahibinden,KİRALIK mülk arayan,4.227,0,601,17
eryaman satılık ev ilanları,SATILIK mülk arayan,4.143,0,601,16
eryaman site içinde satılık daireler,SATILIK mülk arayan,4.143,0,601,16
ankara eryaman satılık ev 2 1,SATILIK mülk arayan,4.143,0,601,16
eryaman kiralık daire 1 0,KİRALIK mülk arayan,4.143,0,601,16
eryaman 5 etap hangi mahalle,SİTE / proje / etap adı,4.143,0,601,16
eryaman 3 etap neresi,SİTE / proje / etap adı,4.143,0,601,16
eryaman konut fiyatları,FİYAT / piyasa araştırması,4.143,0,601,16
yeni batı satılık 4 1,SATILIK mülk arayan,4.143,0,601,16
eryaman siteleri,SİTE / proje / etap adı,4.089,0,1256,7
etimesgut satılık daire ankara,SATILIK mülk arayan,4.079,0,1250,7
etimesgut kiralık daire sahibinden,KİRALIK mülk arayan,4.079,0,1250,7
ankara eryaman kiralık villa,KİRALIK mülk arayan,4.079,0,1250,7
eryaman kiralık ev ilanları,KİRALIK mülk arayan,4.054,0,601,15
eryaman devam eden konut projeleri,Diğer,4.054,0,601,15
eryaman 3 etap yönetimi,SİTE / proje / etap adı,4.054,0,601,15
etimesgut kiralık daire dubleks,KİRALIK mülk arayan,4.054,0,601,15
eryaman satılık ev 1 1,SATILIK mülk arayan,3.96,0,601,14
eryaman 3 etap ev fiyatları,FİYAT / piyasa araştırması,3.96,0,601,14
eryaman 2 etap ne zaman yapıldı,SİTE / proje / etap adı,3.96,0,601,14
yeni batı kiralık evler,KİRALIK mülk arayan,3.96,0,601,14
eryaman satılık dükkan,SATILIK mülk arayan,3.914,1,1251,53
eryaman günlük kiralık ev fiyatları,KİRALIK mülk arayan,3.859,0,601,13
eryaman kiralık daire eşyalı 1 1,KİRALIK mülk arayan,3.859,0,601,13
eryaman 4 etap hangi mahallede,SİTE / proje / etap adı,3.859,0,601,13
eryaman 1 etap ne zaman yapıldı,SİTE / proje / etap adı,3.859,0,601,13
etimesgut kiralık daire sahibinden 3 1,KİRALIK mülk arayan,3.859,0,601,13
etimesgut kiralık daire esyali,KİRALIK mülk arayan,3.859,0,601,13
eryaman kiralık dükkan,KİRALIK mülk arayan,3.841,1,1253,49
eryaman kiralık ev,KİRALIK mülk arayan,3.823,0,1254,6
eryaman kiralık daire 2+1,KİRALIK mülk arayan,3.82,0,1252,6
eryaman kiralık daire 3+1,KİRALIK mülk arayan,3.818,0,1251,6
eryaman kiralık daire 1+1,KİRALIK mülk arayan,3.818,0,1251,6
eryaman satılık daire göksu,SATILIK mülk arayan,3.817,0,1250,6
eryaman satılık daire ankara,SATILIK mülk arayan,3.817,0,1250,6
eryaman kiralık daire 4+1 sahibinden,KİRALIK mülk arayan,3.817,0,1250,6
eryaman ev arkadaşı,Diğer,3.817,0,1250,6
yeni batı kiralık ofis,KİRALIK mülk arayan,3.817,0,1250,6
eryaman emlakçı ayyıldız gayrimenkul yorumlar,EMLAKÇI / OFİS arayan,3.751,0,601,12
eryaman satılık daire metro yakını,SATILIK mülk arayan,3.751,0,601,12
eryaman kiralık okul,KİRALIK mülk arayan,3.751,0,601,12
eryaman kiralık daire 3 1 sahibinden,KİRALIK mülk arayan,3.751,0,601,12
eryaman ev fiyatlari,FİYAT / piyasa araştırması,3.751,0,601,12
eryaman daire projeleri,Diğer,3.751,0,601,12
eryaman 5 etap ne zaman yapıldı,SİTE / proje / etap adı,3.751,0,601,12
yeni batı satılık 2 1,SATILIK mülk arayan,3.751,0,601,12
yeni batı kiralık işyeri,KİRALIK mülk arayan,3.751,0,601,12
eryaman gayrimenkul yatirim danişmanliği,EMLAKÇI / OFİS arayan,3.634,0,601,11
ankara eryaman günlük kiralık ev sahibinden,KİRALIK mülk arayan,3.634,0,601,11
eryaman tapu müdürlüğü,Diğer,3.634,0,601,11
eryaman tapu dairesi,Diğer,3.634,0,601,11
eryaman tapu randevu,Diğer,3.634,0,601,11
yeni batı satılık işyeri,SATILIK mülk arayan,3.634,0,601,11
ankara eryaman kiralik esyali,KİRALIK mülk arayan,3.634,0,601,11
ankara eryaman satılık dükkan,SATILIK mülk arayan,3.542,0,700,9
yeni batı satılık daire,SATILIK mülk arayan,3.521,0,1255,5
yeni batı satılık villa,SATILIK mülk arayan,3.52,0,1254,5
yeni batı kiralık daire,KİRALIK mülk arayan,3.52,0,1254,5
yeni batı kiralık villa,KİRALIK mülk arayan,3.517,0,1252,5
eryaman emlakçı,EMLAKÇI / OFİS arayan,3.516,0,1251,5
eryaman kiralık villa,KİRALIK mülk arayan,3.516,0,1251,5
yeni batı satılık arsa,SATILIK mülk arayan,3.516,0,1251,5
eryaman emlak vergisi,EMLAK VERGİSİ / resmi işlem,3.515,0,1250,5
eryaman kiralık ev 1+1,KİRALIK mülk arayan,3.515,0,1250,5
eryaman kiralık daire ata mahallesi,KİRALIK mülk arayan,3.515,0,1250,5
etimesgut kiralık daire günlük,KİRALIK mülk arayan,3.515,0,1250,5
ankara eryaman 2 etap ta satılık daire fiyatları,SATILIK mülk arayan,3.506,0,601,10
eryaman kiralık daire rezidans,KİRALIK mülk arayan,3.506,0,601,10
ankara eryaman kiralık ev fiyatları,KİRALIK mülk arayan,3.506,0,601,10
eryaman ev temizliği fiyatları,FİYAT / piyasa araştırması,3.506,0,601,10
eryaman 3 etap ne zaman yapıldı,SİTE / proje / etap adı,3.506,0,601,10
yeni batı kiralık 1 1,KİRALIK mülk arayan,3.506,0,601,10
susuz mahallesinde satılık daireler,SATILIK mülk arayan,3.506,0,601,10
eryaman 4 etap çarşi satılık dükkan,SATILIK mülk arayan,3.367,0,601,9
eryaman satılık ev göksu,SATILIK mülk arayan,3.367,0,601,9
eryaman ucuz kiralık daire,KİRALIK mülk arayan,3.367,0,601,9
eryaman 5 etap satılık daire sahibinden,SATILIK mülk arayan,3.367,0,601,9
ankara eryaman kiralık müstakil ev,KİRALIK mülk arayan,3.367,0,601,9
eryaman 3 etap hangi otobüs gider,SİTE / proje / etap adı,3.367,0,601,9
eryaman 2 etap ağız ve diş sağlığı merkezi yorumlar,SİTE / proje / etap adı,3.367,0,601,9
eryaman 2 etap satılık 1 1,SATILIK mülk arayan,3.367,0,601,9
eryaman 4 etap ne zaman yapıldı,SİTE / proje / etap adı,3.367,0,601,9
eryaman konut proje,Diğer,3.367,0,601,9
ankara eryaman satılık sıfır daire,SATILIK mülk arayan,3.367,0,601,9
ankara eryaman satılık işyeri,SATILIK mülk arayan,3.367,0,601,9
ankara eryaman satılık dair,SATILIK mülk arayan,3.367,0,601,9
eryaman kombi,Diğer,3.367,0,601,9
susuz mahallesi satılık arsa,SATILIK mülk arayan,3.367,0,601,9
ankara eryaman satılık daire fiyatları,SATILIK mülk arayan,3.239,0,1050,5
eryaman satılık daire 4 1 sahibinden,SATILIK mülk arayan,3.213,0,601,8
eryaman satılık ev 4 1,SATILIK mülk arayan,3.213,0,601,8
eryaman günlük kiralik ev yorumlar,KİRALIK mülk arayan,3.213,0,601,8
eryaman günlük kiralık ev ucuz,KİRALIK mülk arayan,3.213,0,601,8
eryaman satılık daireler sahibinden,SATILIK mülk arayan,3.213,0,601,8
eryaman satılık daire 2 1,SATILIK mülk arayan,3.213,0,601,8
eryaman satılık daire 3 1 sahibinden,SATILIK mülk arayan,3.213,0,601,8
eryaman kiralık daire 1 1,KİRALIK mülk arayan,3.213,0,601,8
eryaman kiralık daire 2 1,KİRALIK mülk arayan,3.213,0,601,8
eryaman etapları haritası,Diğer,3.213,0,601,8
eryaman 4 etap 2 1 satılık daire,SATILIK mülk arayan,3.213,0,601,8
eryaman 3 4 5 etap taksi,SİTE / proje / etap adı,3.213,0,601,8
eryaman yapı denetim,Diğer,3.213,0,601,8
etimesgut satılık daire 2 1,SATILIK mülk arayan,3.213,0,601,8
yeni batı satılık müstakil,SATILIK mülk arayan,3.213,0,601,8
yeni batı kiralık daire 2 1,KİRALIK mülk arayan,3.213,0,601,8
eryaman korniş,Diğer,3.213,0,601,8
etimesgut emlak vergisi ne kadar,FİYAT / piyasa araştırması,3.199,0,700,7
eryaman kiralık daire,KİRALIK mülk arayan,3.164,0,1256,4
eryaman satılık ev,SATILIK mülk arayan,3.161,0,1253,4
eryaman site yönetimi,Diğer,3.161,0,1253,4
eryaman rezidans kiralık,KİRALIK mülk arayan,3.159,0,1252,4
eryaman kiralık 1+1,KİRALIK mülk arayan,3.158,0,1251,4
eryaman konut projeleri 2026,Diğer,3.158,0,1251,4
eryaman satılık daire 2+1,SATILIK mülk arayan,3.157,0,1250,4
eryaman satılık daire 4+1,SATILIK mülk arayan,3.157,0,1250,4
eryaman satılık daire sıfır,SATILIK mülk arayan,3.157,1,1250,24
eryaman kiralık bahçeli ev,KİRALIK mülk arayan,3.157,0,1250,4
eryaman ev kiraları,Diğer,3.157,0,1250,4
ankara eryaman kiralık dükkan,KİRALIK mülk arayan,3.157,0,1250,4
eryaman 3 etap emlakçılar,EMLAKÇI / OFİS arayan,3.041,0,601,7
eryaman ünsal rezidans satılık daire,SATILIK mülk arayan,3.041,0,601,7
eryaman kiralık daire 2 1 eşyalı,KİRALIK mülk arayan,3.041,0,601,7
eryaman kiralık daire metro yakını,KİRALIK mülk arayan,3.041,0,601,7
eryaman 2 etap sahibinden kiralık daire,KİRALIK mülk arayan,3.041,0,601,7
eryaman 3 etap yorumlar,SİTE / proje / etap adı,3.041,0,601,7
eryaman 1 etap pazarı hangi gün,SİTE / proje / etap adı,3.041,0,601,7
eryaman 5 etap 2 1 satılık daire,SATILIK mülk arayan,3.041,0,601,7
eryaman 2 etap 3 1 satılık,SATILIK mülk arayan,3.041,0,601,7
eryaman etap taksi 3 4 5 etap yorumlar,SİTE / proje / etap adı,3.041,0,601,7
eryaman dere,Diğer,3.041,0,601,7
etimesgut satılık daire sahibinden 3 1,SATILIK mülk arayan,3.041,0,601,7
etimesgut kiralık daire ilanları,KİRALIK mülk arayan,3.041,0,601,7
yeni batı kiralık 2 1,KİRALIK mülk arayan,3.041,0,601,7
ankara eryaman satılık rezidans,SATILIK mülk arayan,3.041,0,601,7
eryaman kiralik işyeri,KİRALIK mülk arayan,3.028,1,600,62
eryaman satılık dukkan,SATILIK mülk arayan,2.967,1,600,57
eryaman 3 etap kentsel dönüşüm,SİTE / proje / etap adı,2.955,1,600,56
eryaman satilik dükkan,SATILIK mülk arayan,2.928,1,600,54
eryaman kiralik dukkanlar,KİRALIK mülk arayan,2.873,1,600,50
eryaman emlakçi gayrimenkul kiliç gayrimenkul,EMLAKÇI / OFİS arayan,2.846,0,601,6
eryaman satılık daire 5 etap,SATILIK mülk arayan,2.846,0,601,6
eryaman kiralık residence,KİRALIK mülk arayan,2.846,0,601,6
eryaman günlük kiralık ev şu anda açık olanlar,KİRALIK mülk arayan,2.846,0,601,6
eryaman 2 etap demirer satılık daire,SATILIK mülk arayan,2.846,0,601,6
eryaman kiralık daireler sahibinden,KİRALIK mülk arayan,2.846,0,601,6
ankara eryaman kiralık daire 2 1,KİRALIK mülk arayan,2.846,0,601,6
ankara eryaman batıkent satılık ev,SATILIK mülk arayan,2.846,0,601,6
eryaman evleri ne zaman yapıldı,Diğer,2.846,0,601,6
eryamanda yaşamak,SEMT / yaşam araştırması,2.846,0,601,6
eryamanda yaşanır mı,Diğer,2.846,0,601,6
eryaman en iyi restoranlar en çok oy alanlar,Diğer,2.846,0,601,6
eryaman 2 etap 2 1 satılık daire,SATILIK mülk arayan,2.846,0,601,6
eryaman 2 etap çarşı,SİTE / proje / etap adı,2.846,0,601,6
eryaman 2 etap nasıl gidilir,SİTE / proje / etap adı,2.846,0,601,6
eryaman 3 etap nasıl gidilir,SİTE / proje / etap adı,2.846,0,601,6
eryaman 4 etap lokman hekim eczanesi,SİTE / proje / etap adı,2.846,0,601,6
eryaman 4.etap ne/zaman. yapıldı,SİTE / proje / etap adı,2.846,0,601,6
eryaman 2.etap ne zaman yapıldı,SİTE / proje / etap adı,2.846,0,601,6
eryaman 5 etap 3 1 satılık daire,SATILIK mülk arayan,2.846,0,601,6
ankara eryaman günlük kiralık ev,KİRALIK mülk arayan,2.846,0,601,6
ankara eryaman kiralık 1 1,KİRALIK mülk arayan,2.846,0,601,6
eryaman komi iş ilanları,Diğer,2.846,0,601,6
eryaman ev proje,Diğer,2.846,0,601,6
eryaman site içi satılık daire,SATILIK mülk arayan,2.781,1,1252,16
susuz mahallesi satilik,SATILIK mülk arayan,2.749,1,600,42
eryaman en iyi devlet ortaokulları,SEMT / yaşam araştırması,2.734,0,1264,3
eryaman en iyi özel okul,SEMT / yaşam araştırması,2.725,0,1255,3
etimesgut emlak vergisi,EMLAK VERGİSİ / resmi işlem,2.724,0,1254,3
eryaman satılık villa,SATILIK mülk arayan,2.721,0,1252,3
eryaman 2. etap sahibinden kiralık daire,KİRALIK mülk arayan,2.721,0,1252,3
eryaman satılık müstakil ev,SATILIK mülk arayan,2.72,0,1251,3
eryaman satılık daire 3+1,SATILIK mülk arayan,2.72,0,1251,3
eryaman satılık daire 1+1,SATILIK mülk arayan,2.719,0,1250,3
eryaman satılık ofis,SATILIK mülk arayan,2.719,0,1250,3
eryaman satılık konut,SATILIK mülk arayan,2.719,0,1250,3
eryaman ev fiyatları,FİYAT / piyasa araştırması,2.719,0,1250,3
eryaman ev ilanları,Diğer,2.719,0,1250,3
eryaman en iyi ilkokul,SEMT / yaşam araştırması,2.719,0,1250,3
eryaman etap 3,SİTE / proje / etap adı,2.719,1,1250,15
etimesgut emlak ödeme,Diğer,2.719,0,1250,3
eryaman rezidans kiralık daire,KİRALIK mülk arayan,2.656,1,1250,14
ankara eryaman bilgi emlak ofisi,EMLAKÇI / OFİS arayan,2.62,0,601,5
eryaman satılık müstakil villa,SATILIK mülk arayan,2.62,0,601,5
eryaman satılık 2 1 rezidans,SATILIK mülk arayan,2.62,0,601,5
ankara eryaman toki satılık daire sahibinden,SATILIK mülk arayan,2.62,0,601,5
ankara eryaman uygun satılık daire,SATILIK mülk arayan,2.62,0,601,5
ankara eryaman satılık 2 1 daireler,SATILIK mülk arayan,2.62,0,601,5
ankara eryaman satılık daire 4 1,SATILIK mülk arayan,2.62,0,601,5
eryaman kiralık cafe,KİRALIK mülk arayan,2.62,0,601,5
eryaman günlük kiralık ev fırat life,KİRALIK mülk arayan,2.62,0,601,5
eryaman günlük kiralık ev sahibinden,KİRALIK mülk arayan,2.62,0,601,5
eryaman kiralık müstakil,KİRALIK mülk arayan,2.62,0,601,5
eryaman site kiralık daire,KİRALIK mülk arayan,2.62,0,601,5
eryaman kiralık 2 1 rezidans,KİRALIK mülk arayan,2.62,0,601,5
eryaman kiralık daire metroya yakın,KİRALIK mülk arayan,2.62,0,601,5
eryaman günlük kiralik daire ev yorumlar,KİRALIK mülk arayan,2.62,0,601,5
eryaman günlük ev daire yorumlar,Diğer,2.62,0,601,5
eryaman 1+1 ev fiyatları,FİYAT / piyasa araştırması,2.62,0,601,5
eryaman rezidans günlük kiralık,KİRALIK mülk arayan,2.62,0,601,5
eryaman 1 etap altay mahallesi satılık daireler,SATILIK mülk arayan,2.62,0,601,5
eryaman 2 etap eston blokları satılık daire,SATILIK mülk arayan,2.62,0,601,5
eryaman 2 etap metro,SİTE / proje / etap adı,2.62,0,601,5
eryaman 1 etap pazarı yorumlar,SİTE / proje / etap adı,2.62,0,601,5
eryaman 2 etap toplu yapı yönetimi,SİTE / proje / etap adı,2.62,0,601,5
eryaman 3 etap yorumları,SİTE / proje / etap adı,2.62,0,601,5
eryaman 2 etap yol tarifi,SİTE / proje / etap adı,2.62,0,601,5
eryaman atakent 6 etap satılık daireler,SATILIK mülk arayan,2.62,0,601,5
ankara eryaman 7 etap 168 adet konut,SİTE / proje / etap adı,2.62,0,601,5
eryaman 3 etap sahibinden 3 1 kiralık daire,KİRALIK mülk arayan,2.62,0,601,5
eryaman 1 etap sahibinden satılık daire,SATILIK mülk arayan,2.62,0,601,5
lalekent eryaman 1 2 etap metro istasyonu,SİTE / proje / etap adı,2.62,0,601,5
eryaman etap taksi 3 4 5 etap fotoğraflar,SİTE / proje / etap adı,2.62,0,601,5
ankara eryaman satılık konut,SATILIK mülk arayan,2.62,0,601,5
eryaman devren,Diğer,2.62,0,601,5
eryaman demirci,Diğer,2.62,0,601,5
ankara etimesgut emlakçı,EMLAKÇI / OFİS arayan,2.62,0,601,5
yeni batı satılık daireler,SATILIK mülk arayan,2.62,0,601,5
yeni batı satılık rezidans,SATILIK mülk arayan,2.62,0,601,5
ankara eryaman kiralık işyeri,KİRALIK mülk arayan,2.62,0,601,5
ankara eryaman kiralık 2 1,KİRALIK mülk arayan,2.62,0,601,5
eryaman konut taksi yorumları,Diğer,2.538,0,750,4
etimesgut emlakcılar,EMLAKÇI / OFİS arayan,2.533,1,600,31
eryaman satılık sahibinden,SATILIK mülk arayan,2.453,0,1000,3
eryaman 4 etap yönetimi,SİTE / proje / etap adı,2.435,1,600,27
eryaman 5 etap yönetimi,SİTE / proje / etap adı,2.435,1,600,27
eryaman 7 etap toki,SİTE / proje / etap adı,2.435,1,600,27
eryaman rezidans satılık,SATILIK mülk arayan,2.41,1,601,26
eryaman en iyi sitesi,SİTE / proje / etap adı,2.408,1,600,26
yeni batı mahallesi emlakçı,EMLAKÇI / OFİS arayan,2.408,1,600,26
eryaman emlak ayyıldız gayrimenkul,Diğer,2.353,0,601,4
borsem eryaman emlak ofisi,EMLAKÇI / OFİS arayan,2.353,0,601,4
eryaman 5 etap emlakçıları,EMLAKÇI / OFİS arayan,2.353,0,601,4
eryaman ınşaat gayrimenkul yorumları,Diğer,2.353,0,601,4
eryaman center satılık dükkan,SATILIK mülk arayan,2.353,0,601,4
eryaman endora satılık daire,SATILIK mülk arayan,2.353,0,601,4
eryaman güzelkent satılık villa,SATILIK mülk arayan,2.353,0,601,4
eryaman yunuskent sitesi satılık villa,SATILIK mülk arayan,2.353,0,601,4
eryaman satılık 0 daireler,SATILIK mülk arayan,2.353,0,601,4
eryaman satılık 1 0 daire,SATILIK mülk arayan,2.353,0,601,4
eryaman günlük kiralık ev jakuzili,KİRALIK mülk arayan,2.353,0,601,4
eryaman kiralık rezidans 2 1,KİRALIK mülk arayan,2.353,0,601,4
eryaman kiralık daire 11 eşyali,KİRALIK mülk arayan,2.353,0,601,4
ankara eryaman satılık daire hürriyet emlak,SATILIK mülk arayan,2.353,0,601,4
sahıbınden eryaman satılık daıre tunahan mahallesi,SATILIK mülk arayan,2.353,0,601,4
eryaman kiralık daire göksu,KİRALIK mülk arayan,2.353,0,601,4
eryaman kiralık daire ilanları,KİRALIK mülk arayan,2.353,0,601,4
eryaman evleri kiralık daire sahibinden,KİRALIK mülk arayan,2.353,0,601,4
ankara eryaman satılık ev ilanları,SATILIK mülk arayan,2.353,0,601,4
eryaman sahibinden satılık müstakil ev,SATILIK mülk arayan,2.353,0,601,4
eryaman 3 etap günlük kiralık ev,KİRALIK mülk arayan,2.353,0,601,4
eryaman ankara ev fiyatları,FİYAT / piyasa araştırması,2.353,0,601,4
ankara eryaman ev temizliği,Diğer,2.353,0,601,4
ankara eryaman ev yemekleri,Diğer,2.353,0,601,4
eryaman da ev temizliği için bayan arayanlar,Diğer,2.353,0,601,4
eryaman ev fiyatları kiralık,KİRALIK mülk arayan,2.353,0,601,4
ankara eryaman ev fiyatları,FİYAT / piyasa araştırması,2.353,0,601,4
eryaman 3 etap kiralık dükkan,KİRALIK mülk arayan,2.353,0,601,4
eryaman 3 etap satılık villa,SATILIK mülk arayan,2.353,0,601,4
eryaman 5 etap age satılık daireler,SATILIK mülk arayan,2.353,0,601,4
eryaman 2 etap grand park düğün salonu,SİTE / proje / etap adı,2.353,0,601,4
eryaman 4 etap eczane,SİTE / proje / etap adı,2.353,0,601,4
eryaman 1 etap migros,SİTE / proje / etap adı,2.353,0,601,4
eryaman 7 etap fotoğraflar,SİTE / proje / etap adı,2.353,0,601,4
eryaman 1 etap pazarı fotoğraflar,SİTE / proje / etap adı,2.353,0,601,4
eryaman 4 etap satılık daireler sahibinden,SATILIK mülk arayan,2.353,0,601,4
eryaman 5 etap 5m migros,SİTE / proje / etap adı,2.353,0,601,4
eryaman 1 1 konut projeleri,Diğer,2.353,0,601,4
etimesgut kiralık daire istasyon mahallesi,KİRALIK mülk arayan,2.353,0,601,4
etimesgut kiralık daire 2 1,KİRALIK mülk arayan,2.353,0,601,4
eryaman 1 1 ev fiyatları,FİYAT / piyasa araştırması,2.353,0,601,4
sahibinden susuz mahallesi satılık daire,SATILIK mülk arayan,2.353,0,601,4
susuz mahallesi 4 1 satılık daire,SATILIK mülk arayan,2.353,0,601,4
susuz mahallesi 2 1 satılık daire,SATILIK mülk arayan,2.353,0,601,4
eryaman gayrimenkul kiralık,KİRALIK mülk arayan,2.352,1,600,24
eryaman gayrimenkul,Diğer,2.322,1,600,23
eryaman 2 etap,SİTE / proje / etap adı,2.291,1,600,22
eryaman kiralık ev 1 1,KİRALIK mülk arayan,2.259,1,600,21
eryaman ankara evleri kiralik,KİRALIK mülk arayan,2.259,1,600,21
ankara eryaman satılık ev fiyatları,SATILIK mülk arayan,2.258,1,1250,9
eryaman emlakçıları,EMLAKÇI / OFİS arayan,2.225,1,600,20
eryaman 4 etap yorumları,SİTE / proje / etap adı,2.189,1,600,19
eryaman rezidans kiralik,KİRALIK mülk arayan,2.189,1,600,19
eryaman 2 etap kiralık,KİRALIK mülk arayan,2.189,1,600,19
eryaman ankara evleri satılık,SATILIK mülk arayan,2.189,1,600,19
eryaman en iyi kebapçı,Diğer,2.166,0,1263,2
eryaman en iyi hamburger,Diğer,2.163,0,1259,2
eryaman en iyi ortaokul,SEMT / yaşam araştırması,2.162,0,1258,2
eryaman 4. etap çarşı,SİTE / proje / etap adı,2.161,0,1257,2
eryaman 4. etap sağlık ocağı,SİTE / proje / etap adı,2.16,0,1256,2
eryaman 4. etap yardımcı blokları satılık daire,SATILIK mülk arayan,2.159,0,1255,2
eryaman satılık daire,SATILIK mülk arayan,2.158,0,1254,2
eryaman en iyi yemek yerleri,Diğer,2.158,0,1253,2
eryaman etap taksi,SİTE / proje / etap adı,2.158,0,1254,2
eryaman 3. etap taksi,SİTE / proje / etap adı,2.158,0,1254,2
eryaman 3. etap satılık daire,SATILIK mülk arayan,2.158,0,1253,2
eryaman 4. etap kiralık daire,KİRALIK mülk arayan,2.158,0,1254,2
eryaman 4. etap taksi,SİTE / proje / etap adı,2.158,0,1253,2
eryaman 5. etap kiralık daire,KİRALIK mülk arayan,2.158,0,1253,2
eryaman ev yemekleri,Diğer,2.157,0,1252,2
eryaman 3. etap pazar yeri,SİTE / proje / etap adı,2.157,0,1252,2
eryaman 4. etap öztaş bloklari satılık daire,SATILIK mülk arayan,2.157,0,1252,2
eryaman 5. etap taksi,SİTE / proje / etap adı,2.157,0,1252,2
eryaman konut taksi,Diğer,2.157,0,1252,2
ankara eryaman satılık daire,SATILIK mülk arayan,2.157,0,1252,2
eryaman satılık 1+1,SATILIK mülk arayan,2.156,0,1251,2
eryaman satılık 2+1,SATILIK mülk arayan,2.156,0,1251,2
eryaman kiralık araç,KİRALIK mülk arayan,2.156,0,1251,2
eryaman kiralık bina,KİRALIK mülk arayan,2.156,0,1251,2
eryaman en iyi lahmacun,Diğer,2.156,0,1251,2
eryaman en iyi anadolu liseleri,Diğer,2.156,0,1251,2
eryaman en iyi pideci,Diğer,2.156,0,1251,2
eryaman 1. etap satılık daire,SATILIK mülk arayan,2.156,0,1251,2
eryaman 2. etap noter,SİTE / proje / etap adı,2.156,0,1251,2
eryaman 3. etap yol tarifi,SİTE / proje / etap adı,2.156,0,1251,2
eryaman 3. etap kiralık daire,KİRALIK mülk arayan,2.156,0,1251,2
eryaman 3. etap şeyh şamil kiralık daire,KİRALIK mülk arayan,2.156,0,1251,2
eryaman 3. etap çarşı,SİTE / proje / etap adı,2.156,0,1251,2
eryaman 4. etap neresi,SİTE / proje / etap adı,2.156,0,1251,2
eryaman 5. etap metro,SİTE / proje / etap adı,2.156,0,1251,2
eryaman 5. etap satılık,SATILIK mülk arayan,2.156,0,1251,2
etimesgut emlak ofisi,EMLAKÇI / OFİS arayan,2.156,0,1251,2
etimesgut emlak beyanı,EMLAK VERGİSİ / resmi işlem,2.156,0,1251,2
ankara eryaman kiralık daire,KİRALIK mülk arayan,2.156,0,1251,2
eryaman satılık 3+1 daire,SATILIK mülk arayan,2.155,0,1250,2
eryaman satılık bahçeli ev,SATILIK mülk arayan,2.155,0,1250,2
eryaman satılık rezidans,SATILIK mülk arayan,2.155,0,1250,2
eryaman kiralık günlük ev,KİRALIK mülk arayan,2.155,0,1250,2
eryaman kiralık sahibinden,KİRALIK mülk arayan,2.155,0,1250,2
eryaman en iyi çorbacı,Diğer,2.155,0,1250,2
eryaman en iyi restoranlar,Diğer,2.155,0,1250,2
eryaman 1. etap pazarı,SİTE / proje / etap adı,2.155,0,1250,2
eryaman 1. etap mesa bloklarında satılık daire,SATILIK mülk arayan,2.155,0,1250,2
eryaman 4. etap parkı,SİTE / proje / etap adı,2.155,0,1250,2
eryaman 5. etap yönetim,SİTE / proje / etap adı,2.155,0,1250,2
etimesgut emlak katılım,Diğer,2.155,0,1250,2
etimesgut emlak rayiç bedelleri,Diğer,2.155,0,1250,2
etimesgut kiralık daire 3+1,KİRALIK mülk arayan,2.155,0,1250,2
etimesgut kiralık daire 1+1,KİRALIK mülk arayan,2.155,0,1250,2
etimesgut kiralık daire ankara,KİRALIK mülk arayan,2.155,0,1250,2
etimesgut satılık daireler,SATILIK mülk arayan,2.152,1,600,18
eryaman nasil bir yer,SEMT / yaşam araştırması,2.112,1,600,17
eryaman 4 etap parkı resimleri,SİTE / proje / etap adı,2.07,1,600,16
etimesgut kiralık daire 2+1,KİRALIK mülk arayan,2.028,0,1100,2
eryaman emlak vergisi ödeme,EMLAK VERGİSİ / resmi işlem,2.027,0,601,3
eryaman emlak çandarlı,Diğer,2.027,0,601,3
eryaman vizyon emlak yorumları,EMLAKÇI / OFİS arayan,2.027,0,601,3
eryaman ınşaat gayrimenkul fotoğraflar,Diğer,2.027,0,601,3
eryaman mia concept satılık daire,SATILIK mülk arayan,2.027,0,601,3
eryaman satılık dubleks daire,SATILIK mülk arayan,2.027,0,601,3
eryaman güzelkent satılık arsa,SATILIK mülk arayan,2.027,0,601,3
eryaman kutlutaş satılık villa,SATILIK mülk arayan,2.027,0,601,3
eryaman köyü satılık dükkan,SATILIK mülk arayan,2.027,0,601,3
eryaman port satılık dükkan,SATILIK mülk arayan,2.027,0,601,3
eryaman susuz satılık arsa,SATILIK mülk arayan,2.027,0,601,3
eryaman yeşilova satılık arsa,SATILIK mülk arayan,2.027,0,601,3
eryaman 0 daire,Diğer,2.027,0,601,3
relax eryaman satılık ev,SATILIK mülk arayan,2.027,0,601,3
eryaman da sahibinden satılık müstakil ev ve villalar,SATILIK mülk arayan,2.027,0,601,3
eryaman center kiralık dükkan,KİRALIK mülk arayan,2.027,0,601,3
eryaman mia concept kiralık daire,KİRALIK mülk arayan,2.027,0,601,3
eryaman kiralık forklift,KİRALIK mülk arayan,2.027,0,601,3
eryaman günlük kiralık yorumlar,KİRALIK mülk arayan,2.027,0,601,3
eryaman kiralık konut,KİRALIK mülk arayan,2.027,0,601,3
eryaman kaşmir kiralık dükkan,KİRALIK mülk arayan,2.027,0,601,3
eryaman port kiralık dükkan,KİRALIK mülk arayan,2.027,0,601,3
eryaman yeşilova kiralık dükkan,KİRALIK mülk arayan,2.027,0,601,3
ankara eryaman kiralık 3+1,KİRALIK mülk arayan,2.027,0,601,3
eryaman 5 kiralık daire,KİRALIK mülk arayan,2.027,0,601,3
eryaman endora kiralık daire,KİRALIK mülk arayan,2.027,0,601,3
eryaman satılık daire güzelkent,SATILIK mülk arayan,2.027,0,601,3
eryaman satılık daire hepsiemlak,SATILIK mülk arayan,2.027,0,601,3
eryaman satılık daire kaşmir,SATILIK mülk arayan,2.027,0,601,3
eryaman satılık daire 41 sahibinden,SATILIK mülk arayan,2.027,0,601,3
eryaman kiral8k kiralik daire,KİRALIK mülk arayan,2.027,0,601,3
satılık ev eryaman yavuz selim,SATILIK mülk arayan,2.027,0,601,3
eryaman günlük kiralik ev resimleri,KİRALIK mülk arayan,2.027,0,601,3
eryaman ev arkadaşı sahibinden,Diğer,2.027,0,601,3
ankara eryaman ev kiraları,Diğer,2.027,0,601,3
ankara eryaman da ev fiyatları,FİYAT / piyasa araştırması,2.027,0,601,3
ankara eryaman ev projeleri,Diğer,2.027,0,601,3
eryaman ev temizlik yorumlar,Diğer,2.027,0,601,3
sahibinden eryaman satılık dükkan,SATILIK mülk arayan,2.027,0,601,3
sahibinden eryaman satılık arsa,SATILIK mülk arayan,2.027,0,601,3
eryaman ilkiz sitesi satılık villa,SATILIK mülk arayan,2.027,0,601,3
eryaman portakal çiçeği sitesi satılık villa,SATILIK mülk arayan,2.027,0,601,3
eryaman 1 etap satılık villa,SATILIK mülk arayan,2.027,0,601,3
sahibinden eryaman güzelkent satılık villa,SATILIK mülk arayan,2.027,0,601,3
eryaman villa siteleri,SİTE / proje / etap adı,2.027,0,601,3
eryaman fırat rezidans telefon numarası,SİTE / proje / etap adı,2.027,0,601,3
eryaman ata mahallesi nasıl bir yer,SEMT / yaşam araştırması,2.027,0,601,3
eryaman şeker mahallesi nasıl bir yer,SEMT / yaşam araştırması,2.027,0,601,3
eryaman en iyi güzellik merkezi,Diğer,2.027,0,601,3
eryaman 4 etap aile hekimliği,SİTE / proje / etap adı,2.027,0,601,3
eryaman 3 etap aile hekimliği,SİTE / proje / etap adı,2.027,0,601,3
eryaman 4 etap bildirici market,SİTE / proje / etap adı,2.027,0,601,3
eryaman 3 etap coffee lab,SİTE / proje / etap adı,2.027,0,601,3
eryaman 3 etap dominos pizza,SİTE / proje / etap adı,2.027,0,601,3
eryaman 4 etap haznedaroğlu blokları,SİTE / proje / etap adı,2.027,0,601,3
eryaman 1 etap güzellik merkezi,SİTE / proje / etap adı,2.027,0,601,3
eryaman 3 etap iş merkezi,SİTE / proje / etap adı,2.027,0,601,3
eryaman 2 etap içtaş bloklarında satılık daire,SATILIK mülk arayan,2.027,0,601,3
eryaman 4 etap iş merkezi,SİTE / proje / etap adı,2.027,0,601,3
eryaman 3 etap metro durağı,SİTE / proje / etap adı,2.027,0,601,3
eryaman 5 etap metro istasyonu,SİTE / proje / etap adı,2.027,0,601,3
eryaman 1 etap noter,SİTE / proje / etap adı,2.027,0,601,3
eryaman 5 etap nöbetçi eczane,SİTE / proje / etap adı,2.027,0,601,3
eryaman 5 etap okyanus plaza,SİTE / proje / etap adı,2.027,0,601,3
eryaman 4 etap sağlık ocağı,SİTE / proje / etap adı,2.027,0,601,3
eryaman 1 etap sağlık ocağı,SİTE / proje / etap adı,2.027,0,601,3
eryaman 5 etap özar sitesi satılık,SATILIK mülk arayan,2.027,0,601,3
eryaman 3 etap özar çarşı,SİTE / proje / etap adı,2.027,0,601,3
eryaman 3 etap pazar yeri,SİTE / proje / etap adı,2.027,0,601,3
eryaman 5 etap posta kodu,SİTE / proje / etap adı,2.027,0,601,3
eryaman 2 etap pazar yeri,SİTE / proje / etap adı,2.027,0,601,3
eryaman 1 etap pazarı resimleri,SİTE / proje / etap adı,2.027,0,601,3
eryaman 1 etap satılık daire,SATILIK mülk arayan,2.027,0,601,3
eryaman 4 etap ziraat bankası,SİTE / proje / etap adı,2.027,0,601,3
eryaman 1 etap villa satılık,SATILIK mülk arayan,2.027,0,601,3
eryaman 3 etap yol tarifi,SİTE / proje / etap adı,2.027,0,601,3
eryaman 4 etap üst yönetim,SİTE / proje / etap adı,2.027,0,601,3
eryaman 3 etap üst yönetim,SİTE / proje / etap adı,2.027,0,601,3
eryaman 7. etap toki,SİTE / proje / etap adı,2.027,0,601,3
eryaman 5 etap migros,SİTE / proje / etap adı,2.027,0,601,3
eryaman 2 etap migros,SİTE / proje / etap adı,2.027,0,601,3
eryaman 4 etap yorumlar,SİTE / proje / etap adı,2.027,0,601,3
eryaman 1 etap 21 satılık daireler,SATILIK mülk arayan,2.027,0,601,3
eryaman 1 etap 3 1 satılık daireler,SATILIK mülk arayan,2.027,0,601,3
eryaman 4 etap 1 1 satılık,SATILIK mülk arayan,2.027,0,601,3
garanti bankası eryaman 2 etap şubesi,SİTE / proje / etap adı,2.027,0,601,3
eryaman 3 4 etap taksi,SİTE / proje / etap adı,2.027,0,601,3
eryaman site görevlisi iş ilanları,Diğer,2.027,0,601,3
eryaman konut taksi etimesgut ankara,Diğer,2.027,0,601,3
eryaman konut taksi resimleri,Diğer,2.027,0,601,3
eryaman konut taksi durağı,Diğer,2.027,0,601,3
eryaman toplu konut polis lojmanları,SİTE / proje / etap adı,2.027,0,601,3
etimesgut emlak ofisi fotoğraflar,EMLAKÇI / OFİS arayan,2.027,0,601,3
etimesgut emlak ofisi yorumları,EMLAKÇI / OFİS arayan,2.027,0,601,3
etimesgut emlak showroom,Diğer,2.027,0,601,3
etimesgut satılık daire süvari mahallesi,SATILIK mülk arayan,2.027,0,601,3
etimesgut satılık daireler istasyon mahallesi,SATILIK mülk arayan,2.027,0,601,3
etimesgut ulubatlı hasan caddesi satılık daire,SATILIK mülk arayan,2.027,0,601,3
etimesgut kiralık daire sahibinden 3+1,KİRALIK mülk arayan,2.027,0,601,3
etimesgut kiralık daire şu anda açık olanlar,KİRALIK mülk arayan,2.027,0,601,3
yeni batı satılık sıfır daire,SATILIK mülk arayan,2.027,0,601,3
yeni batı mahallesi kiralık daire,KİRALIK mülk arayan,2.027,0,601,3
batıkent yeni batı kiralık daire,KİRALIK mülk arayan,2.027,0,601,3
ankara eryaman satılık 2 1,SATILIK mülk arayan,2.027,0,601,3
ankara eryaman kiralık daire 4 1,KİRALIK mülk arayan,2.027,0,601,3
ankara eryaman fırat life style kiralık,KİRALIK mülk arayan,2.027,0,601,3
yenimahalle susuz mahallesi satılık daire,SATILIK mülk arayan,2.027,0,601,3
eryaman 6,Diğer,2.026,1,600,15
eryaman etap 2,SİTE / proje / etap adı,2.026,1,600,15
ankara eryaman kiralık dair,KİRALIK mülk arayan,2.026,1,600,15
yeni batı satılık,SATILIK mülk arayan,1.979,1,600,14
eryaman rezidans kiralik daireler,KİRALIK mülk arayan,1.929,1,600,13
eryaman 3 etap kiralık daire sahibinden,KİRALIK mülk arayan,1.875,1,601,12
eryaman en iyi yemek,Diğer,1.875,1,601,12
eryaman satılık daire 3 1,SATILIK mülk arayan,1.874,1,600,12
eryaman 1 etap yönetimi,SİTE / proje / etap adı,1.874,1,600,12
eryaman 4 etap neresi,SİTE / proje / etap adı,1.874,1,600,12
eryaman gayrimenkul kiralik,KİRALIK mülk arayan,1.816,1,600,11
eryaman satılık daireler inşaat firmasından,SATILIK mülk arayan,1.816,1,600,11
eryaman 5 etap harita,SİTE / proje / etap adı,1.816,1,600,11
eryaman dükkan kiraları,TİCARİ (dükkan / iş yeri / arsa),1.763,2,552,40
eryaman en iyi ortaokulları,SEMT / yaşam araştırması,1.758,1,1251,5
eryaman ev kirası,KİRALIK mülk arayan,1.752,1,600,10
eryaman kira,KİRALIK mülk arayan,1.752,1,600,10
eryaman 2 etap harita,SİTE / proje / etap adı,1.752,1,600,10
etimesgut kiralık daire sahibinden 2 1,KİRALIK mülk arayan,1.752,1,600,10
eryaman kiralık daire 2 1 sahibinden,KİRALIK mülk arayan,1.684,1,601,9
eryaman kiralık 2 1,KİRALIK mülk arayan,1.683,1,600,9
ankara eryaman günlük kiralik ev fiyatları,KİRALIK mülk arayan,1.683,1,600,9
eryaman ev fiyat,FİYAT / piyasa araştırması,1.683,1,600,9
eryaman kir,Diğer,1.683,1,600,9
eryaman 4 etap harita,SİTE / proje / etap adı,1.683,1,600,9
eryaman konut projeleri 2024,Diğer,1.683,1,600,9
etimesgut emlakcı,EMLAKÇI / OFİS arayan,1.683,1,600,9
etimesgut emlak merkezi,Diğer,1.683,1,600,9
etimesgut emlak endeksi,Diğer,1.683,1,600,9
eryaman kombici,Diğer,1.683,1,600,9
eryaman emlakçı şirin gayrimenkul,EMLAKÇI / OFİS arayan,1.607,0,601,2
empa emlak eryaman 2 etap,SİTE / proje / etap adı,1.607,0,601,2
eryaman inşaat & gayrimenkul,Diğer,1.607,0,601,2
eryaman prestij gayrimenkul,Diğer,1.607,0,601,2
eryaman referans gayrimenkul,Diğer,1.607,0,601,2
eryaman alaçati gayrimenkul etimesgut ankara,Diğer,1.607,0,601,2
eryaman efor gayrımenkul danışmanlığı,EMLAKÇI / OFİS arayan,1.607,0,601,2
eryaman satılık cafe,SATILIK mülk arayan,1.607,0,601,2
eryaman çakırlar satılık daire,SATILIK mülk arayan,1.607,0,601,2
eryaman frekans satılık daire,SATILIK mülk arayan,1.607,0,601,2
eryaman 11 satılık daire fiyatları,SATILIK mülk arayan,1.607,1,601,8
eryaman havuzlubahçe satılık daire,SATILIK mülk arayan,1.607,0,601,2
eryaman ılgazlar satılık daire,SATILIK mülk arayan,1.607,0,601,2
eryaman neopolitan satılık daire,SATILIK mülk arayan,1.607,0,601,2
eryaman köyü nde satılık daıreler,SATILIK mülk arayan,1.607,0,601,2
eryaman oyak satılık daire,SATILIK mülk arayan,1.607,0,601,2
ankara eryaman ozahikent satilik daireler,SATILIK mülk arayan,1.607,0,601,2
eryaman özahikent satılık daire,SATILIK mülk arayan,1.607,0,601,2
eryaman polsan satılık daire,SATILIK mülk arayan,1.607,0,601,2
eryaman port satılık ev,SATILIK mülk arayan,1.607,0,601,2
eryaman referans satılık daire,SATILIK mülk arayan,1.607,0,601,2
eryaman şani satılık daire,SATILIK mülk arayan,1.607,0,601,2
eryaman utkan sitesi satılık daire,SATILIK mülk arayan,1.607,0,601,2
eryaman satılık yeni daireler,SATILIK mülk arayan,1.607,0,601,2
eryaman 5 satılık daire,SATILIK mülk arayan,1.607,0,601,2
eryaman 5 satılık ev,SATILIK mülk arayan,1.607,0,601,2
eryaman akın 688 satılık daire,SATILIK mülk arayan,1.607,0,601,2
eryaman sahibinden satılık villa,SATILIK mülk arayan,1.607,0,601,2
eryaman kiralık pansiyon,KİRALIK mülk arayan,1.607,0,601,2
eryaman havuzlu kiralık daire,KİRALIK mülk arayan,1.607,0,601,2
eryaman kiralık kepçe,KİRALIK mülk arayan,1.607,0,601,2
eryaman ilona kiralık daire,KİRALIK mülk arayan,1.607,0,601,2
eryaman kiralık kapıcı dairesi,KİRALIK mülk arayan,1.607,0,601,2
eryaman kaşmir kiralık daire,KİRALIK mülk arayan,1.607,0,601,2
eryaman lüks kiralık daire,KİRALIK mülk arayan,1.607,0,601,2
eryaman neopolitan kiralık daire,KİRALIK mülk arayan,1.607,0,601,2
eryaman oyak kiralık daire,KİRALIK mülk arayan,1.607,0,601,2
eryaman özahikent kiralık daire,KİRALIK mülk arayan,1.607,0,601,2
eryaman polsan kiralık daire,KİRALIK mülk arayan,1.607,0,601,2
eryaman sahibinden kiralık daire 2 1,KİRALIK mülk arayan,1.607,0,601,2
eryaman şeyh şamil kiralık daire,KİRALIK mülk arayan,1.607,0,601,2
eryaman toki kiralık daire,KİRALIK mülk arayan,1.607,0,601,2
voga eryaman kiralık daire,KİRALIK mülk arayan,1.607,0,601,2
eryaman yeşilova kiralık daire,KİRALIK mülk arayan,1.607,0,601,2
eryaman 5 kiralık dükkan,KİRALIK mülk arayan,1.607,0,601,2
eryaman 5 kiralik ev,KİRALIK mülk arayan,1.607,0,601,2
eryaman kiralık villalar,KİRALIK mülk arayan,1.607,0,601,2
eryaman satılık lüks daire,SATILIK mülk arayan,1.607,0,601,2
ankara batıkent eryaman kiralık daire,KİRALIK mülk arayan,1.607,0,601,2
eryaman kiralik dubleks daire,KİRALIK mülk arayan,1.607,0,601,2
eryaman şeker mahallesi kiralık daire,KİRALIK mülk arayan,1.607,0,601,2
ankara eryaman öztaş kiralık daire,KİRALIK mülk arayan,1.607,0,601,2
eryaman kaşmir satılık ev,SATILIK mülk arayan,1.607,0,601,2
eryaman şeker mahallesi satılık ev,SATILIK mülk arayan,1.607,0,601,2
eryaman tunahan mahallesi satılık ev,SATILIK mülk arayan,1.607,0,601,2
eryaman optimum günlük kiralık ev,KİRALIK mülk arayan,1.607,0,601,2
eryaman tunahan mahallesi kiralık ev,KİRALIK mülk arayan,1.607,0,601,2
eryaman center ev yemekleri,Diğer,1.607,0,601,2
eryaman da ev fiyatları,FİYAT / piyasa araştırması,1.607,0,601,2
meydan eryaman vera ev dekor,Diğer,1.607,0,601,2
ankara eryaman günübirlik ev,Diğer,1.607,0,601,2
ankara eryaman müstakil ev,Diğer,1.607,0,601,2
eryaman ev temizlik şirketleri,Diğer,1.607,0,601,2
eryaman günlük daire,Diğer,1.607,0,601,2
eryaman evleri kaç daire var,Diğer,1.607,0,601,2
eryaman mah satılık dükkan,SATILIK mülk arayan,1.607,0,601,2
eryaman galaxy satılık dükkan,SATILIK mülk arayan,1.607,0,601,2
eryaman devren kiralık dükkan,KİRALIK mülk arayan,1.607,0,601,2
meydan eryaman kiralık dükkan,KİRALIK mülk arayan,1.607,0,601,2
eryaman göksu kiralık dükkan,KİRALIK mülk arayan,1.607,0,601,2
etimesgut eryaman kiralık dükkan,KİRALIK mülk arayan,1.607,0,601,2
lokasyon eryaman kiralık dükkan,KİRALIK mülk arayan,1.607,0,601,2
eryaman şeker mahallesi kiralık dükkan,KİRALIK mülk arayan,1.607,0,601,2
etimesgut eryaman satılık arsa,SATILIK mülk arayan,1.607,0,601,2
etimesgut eryaman satılık villa,SATILIK mülk arayan,1.607,0,601,2
eryaman fırat rezidans,SİTE / proje / etap adı,1.607,0,601,2
eryaman diamond rezidans,SİTE / proje / etap adı,1.607,0,601,2
eryaman arı rezidans,SİTE / proje / etap adı,1.607,0,601,2
eryaman bp rezidans,SİTE / proje / etap adı,1.607,0,601,2
fırat rezidans eryaman iletişim,SİTE / proje / etap adı,1.607,0,601,2
eryaman 1 1 rezidans satılık,SATILIK mülk arayan,1.607,0,601,2
inci life rezidans eryaman yorumları,SİTE / proje / etap adı,1.607,0,601,2
eryaman 4 etap muhtarlığı,SİTE / proje / etap adı,1.607,0,601,2
eryaman ucuz otel,FİYAT / piyasa araştırması,1.607,0,601,2
eryaman susuz nasıl bir yer,SEMT / yaşam araştırması,1.607,0,601,2
eryaman güzelkent nasıl bir yer,SEMT / yaşam araştırması,1.607,0,601,2
eryaman yeşilova nasıl bir yer,SEMT / yaşam araştırması,1.607,0,601,2
ankara eryaman nasıl bir yer,SEMT / yaşam araştırması,1.607,0,601,2
eryaman en iyi cafe,Diğer,1.607,0,601,2
eryaman en iyi veteriner,Diğer,1.607,0,601,2
eryaman etap 3 taksi,SİTE / proje / etap adı,1.607,0,601,2
eryaman 5 etap bim,SİTE / proje / etap adı,1.607,0,601,2
eryaman 4 etap carsi,SİTE / proje / etap adı,1.607,0,601,2
eryaman 2 etap cafe,SİTE / proje / etap adı,1.607,0,601,2
eryaman 4 etap çarşı,SİTE / proje / etap adı,1.607,0,601,2
eryaman 1 etap çarşı,SİTE / proje / etap adı,1.607,0,601,2
eryaman 5 etap çarşı,SİTE / proje / etap adı,1.607,0,601,2
eryaman 5 etap dershane,SİTE / proje / etap adı,1.607,0,601,2
eryaman 5 etap ılgazlar sitesi,SİTE / proje / etap adı,1.607,0,601,2
eryaman 1 etap ilkokulu,SİTE / proje / etap adı,1.607,0,601,2
eryaman 1 etap eczanesi,SİTE / proje / etap adı,1.607,0,601,2
eryaman 5 etap eczane,SİTE / proje / etap adı,1.607,0,601,2
eryaman kaç etap,SİTE / proje / etap adı,1.607,0,601,2
eryaman 3 etap lab,SİTE / proje / etap adı,1.607,0,601,2
etap eryaman migros,SİTE / proje / etap adı,1.607,0,601,2
eryaman 2 etap noter,SİTE / proje / etap adı,1.607,0,601,2
eryaman 3 etap otobüsleri,SİTE / proje / etap adı,1.607,0,601,2
eryaman 2 etap okul,SİTE / proje / etap adı,1.607,0,601,2
eryaman 4 etap fotoğrafçı,SİTE / proje / etap adı,1.607,0,601,2
eryaman 3 etap şeyh şamil satılık daire,SATILIK mülk arayan,1.607,0,601,2
akbank eryaman 1. etap şubesi,SİTE / proje / etap adı,1.607,0,601,2
eryaman 3 etap veteriner,SİTE / proje / etap adı,1.607,0,601,2
eryaman 5 etap veteriner,SİTE / proje / etap adı,1.607,0,601,2
eryaman üçüncü etap,SİTE / proje / etap adı,1.607,0,601,2
eryaman 1 etap üretici pazarı,SİTE / proje / etap adı,1.607,0,601,2
eryaman 8 etap,SİTE / proje / etap adı,1.607,0,601,2
eryaman 9 etap,SİTE / proje / etap adı,1.607,0,601,2
eryaman 3.etap nerede,SİTE / proje / etap adı,1.607,0,601,2
eryaman 5 etap nerede,SİTE / proje / etap adı,1.607,0,601,2
eryaman 2 etap nerede,SİTE / proje / etap adı,1.607,0,601,2
eryaman 5 etap sahibinden satılık daireler,SATILIK mülk arayan,1.607,0,601,2
eryaman 3 etap sahibinden satılık daire,SATILIK mülk arayan,1.607,0,601,2
eryaman 1. etap altay mahallesi satılık daireler,SATILIK mülk arayan,1.607,0,601,2
eryaman 1. etap betontaş blokları satılık,SATILIK mülk arayan,1.607,0,601,2
eryaman 1. etap toplu yapı yönetimi,SİTE / proje / etap adı,1.607,0,601,2
eryaman 1. etap eczanesi,SİTE / proje / etap adı,1.607,0,601,2
eryaman 1. etap yönetim,SİTE / proje / etap adı,1.607,0,601,2
eryaman 1. etap kiralık daire,KİRALIK mülk arayan,1.607,0,601,2
eryaman 1 etap ısı merkezi,SİTE / proje / etap adı,1.607,0,601,2
eryaman 2. etap kiralık daire,KİRALIK mülk arayan,1.607,0,601,2
eryaman 2 etap bildirici market,SİTE / proje / etap adı,1.607,0,601,2
eryaman 3. etap nöbetçi eczane şu anda açık olanlar,SİTE / proje / etap adı,1.607,0,601,2
eryaman 3. etap eczane,SİTE / proje / etap adı,1.607,0,601,2
eryaman 5. etap age blokları satılık,SATILIK mülk arayan,1.607,0,601,2
bahçen eryaman site yönetimi,Diğer,1.607,0,601,2
eryaman evleri site yönetimi,Diğer,1.607,0,601,2
türkan biçer eryaman hangi site,Diğer,1.607,0,601,2
meydan eryaman site yönetimi,Diğer,1.607,0,601,2
relax eryaman site yönetimi,Diğer,1.607,0,601,2
eryaman oyak 555 site yönetimi,Diğer,1.607,0,601,2
ankara eryaman siteleri,SİTE / proje / etap adı,1.607,0,601,2
eryaman evleri siteleri,SİTE / proje / etap adı,1.607,0,601,2
cadde eryaman konut projesi,Diğer,1.607,0,601,2
eryaman göksu konut projeleri,Diğer,1.607,0,601,2
eryaman toplu konut ilkokulu,SİTE / proje / etap adı,1.607,0,601,2
eryaman konut taksi numarası,Diğer,1.607,0,601,2
oyak eryaman 555 konut sitesi,SİTE / proje / etap adı,1.607,0,601,2
etimesgut belediyesi emlak iletişim,EMLAK VERGİSİ / resmi işlem,1.607,0,601,2
etimesgut belediyesi emlak vergisi hangi banka,EMLAK VERGİSİ / resmi işlem,1.607,0,601,2
etimesgut milli emlak müdürlüğü,Diğer,1.607,0,601,2
etimesgut belediyesi emlak beyanı nasıl yapılır,EMLAK VERGİSİ / resmi işlem,1.607,0,601,2
etimesgut sr emlak tan satılık daireler,SATILIK mülk arayan,1.607,0,601,2
etimesgut 2026 emlak vergisi,EMLAK VERGİSİ / resmi işlem,1.607,0,601,2
etimesgut satılık daire piyade,SATILIK mülk arayan,1.607,0,601,2
etimesgut yeşilova satılık daire,SATILIK mülk arayan,1.607,0,601,2
ankara etimesgut satılık daire hürriyet emlak,SATILIK mülk arayan,1.607,0,601,2
etimesgut satılık daire 41 ebeveyn banyolu,SATILIK mülk arayan,1.607,0,601,2
etimesgut istasyon caddesi satılık daire,SATILIK mülk arayan,1.607,0,601,2
etimesgut zirve konutları satılık daire,SATILIK mülk arayan,1.607,0,601,2
etimesgut şeker mahallesi satılık daire,SATILIK mülk arayan,1.607,0,601,2
etimesgut villa parselleri satılık daire,SATILIK mülk arayan,1.607,0,601,2
etimesgut satılık ucuz daireler,SATILIK mülk arayan,1.607,0,601,2
etimesgut 5 1 satılık daire,SATILIK mülk arayan,1.607,0,601,2
etimesgut istasyon caddesi kiralık daire,KİRALIK mülk arayan,1.607,0,601,2
etimesgut villa parselleri kiralık daire,KİRALIK mülk arayan,1.607,0,601,2
yeni batı city life satılık,SATILIK mülk arayan,1.607,0,601,2
yeni batı plus satılık daire,SATILIK mülk arayan,1.607,0,601,2
şani inşaat yeni batı satılık daire,SATILIK mülk arayan,1.607,0,601,2
yeni batı naturel konutları satılık daire,SATILIK mülk arayan,1.607,0,601,2
yeni batı sahibinden satılık daire,SATILIK mülk arayan,1.607,0,601,2
yeni batı mimarlar sitesi satılık,SATILIK mülk arayan,1.607,0,601,2
yeni batı 3 1 satılık,SATILIK mülk arayan,1.607,0,601,2
yeni batı cumhuriyet mahallesi kiralık daire,KİRALIK mülk arayan,1.607,0,601,2
yeni batı sitesi kiralık daire,KİRALIK mülk arayan,1.607,0,601,2
yenimahalle yeni batı kiralık daire,KİRALIK mülk arayan,1.607,0,601,2
yeni batı mahallesi günlük kiralık daire,KİRALIK mülk arayan,1.607,0,601,2
yeni batı göksu tower kiralık,KİRALIK mülk arayan,1.607,0,601,2
natural konutları yeni batı kiralık,KİRALIK mülk arayan,1.607,0,601,2
yeni batı sahibinden kiralık daire,KİRALIK mülk arayan,1.607,0,601,2
yeni batı 3 1 kiralık daireler,KİRALIK mülk arayan,1.607,0,601,2
yeni batı 4 1 kiralık daire,KİRALIK mülk arayan,1.607,0,601,2
ankara eryaman ev arkadaşı,Diğer,1.607,0,601,2
ankara eryaman satılık 1 1 daireler,SATILIK mülk arayan,1.607,0,601,2
ankara eryaman akın 688 satılık,SATILIK mülk arayan,1.607,0,601,2
ankara eryaman royal city satılık daire,SATILIK mülk arayan,1.607,0,601,2
ankara eryaman satılık kiracılı dükkanlar,SATILIK mülk arayan,1.607,0,601,2
ankara eryaman portakal çiçeği satılık daire,SATILIK mülk arayan,1.607,0,601,2
ankara eryaman satılık daireler 5 etap,SATILIK mülk arayan,1.607,0,601,2
ankara eryaman neopolitan satılık daire,SATILIK mülk arayan,1.607,0,601,2
ankara eryaman rada life satılık,SATILIK mülk arayan,1.607,0,601,2
ankara eryaman sahibinden satılık daire,SATILIK mülk arayan,1.607,0,601,2
ankara eryaman 1 0 satılık daire,SATILIK mülk arayan,1.607,0,601,2
ankara eryaman satılık 3 1,SATILIK mülk arayan,1.607,0,601,2
ankara eryaman jakuzili günlük kiralık daire,KİRALIK mülk arayan,1.607,0,601,2
ankara eryaman meva şehir kiralık daire,KİRALIK mülk arayan,1.607,0,601,2
ankara eryaman neopolitan kiralık daire,KİRALIK mülk arayan,1.607,0,601,2
ankara eryaman sahibinden kiralık daire,KİRALIK mülk arayan,1.607,0,601,2
ankara eryaman 1 0 kiralık daire,KİRALIK mülk arayan,1.607,0,601,2
eryaman kortej,Diğer,1.607,0,601,2
eryaman beyaz gayrimenkul emlak yorumlar,EMLAKÇI / OFİS arayan,1.606,1,600,8
eryaman 5 etap kiralık daire sahibinden,KİRALIK mülk arayan,1.606,1,600,8
ankara ev fiyatları eryaman,FİYAT / piyasa araştırması,1.606,1,600,8
eryaman 2 1 satılık rezidans,SATILIK mülk arayan,1.606,1,600,8
eryaman 1 2 etap sahibinden kiralık daire,KİRALIK mülk arayan,1.606,1,600,8
eryaman 5 etap 2 1 kiralık daire,KİRALIK mülk arayan,1.606,1,600,8
etimesgut emlak ofisi etimesgut ankara,EMLAKÇI / OFİS arayan,1.606,1,600,8
yeni batı kiralık dükkan,KİRALIK mülk arayan,1.58,1,1253,4
eryaman kiralık eşyalı daire,KİRALIK mülk arayan,1.579,1,1251,4
yeni bati emlak,Diğer,1.547,2,552,25
eryaman villa satilik,SATILIK mülk arayan,1.529,2,552,24
eryaman satılık daire 2 1 sahibinden,SATILIK mülk arayan,1.52,1,601,7
eryaman satılık daire 3 etap,SATILIK mülk arayan,1.52,1,601,7
eryaman 11 kiralık daire fiyatları,KİRALIK mülk arayan,1.52,1,600,7
eryaman kiralık 4 1,KİRALIK mülk arayan,1.52,1,600,7
eryaman villa fiyatları,FİYAT / piyasa araştırması,1.52,1,600,7
eryaman 1 2 3 etap taksi,SİTE / proje / etap adı,1.52,1,600,7
eryaman 5 etap site isimleri,SİTE / proje / etap adı,1.52,1,600,7
ankara eryaman 6 etap satılık daireler,SATILIK mülk arayan,1.52,1,600,7
yeni batı satılık 1 1,SATILIK mülk arayan,1.52,1,600,7
eryaman nasıl,Diğer,1.468,2,552,21
eryaman rezidanslar,Diğer,1.468,2,552,21
eryaman fiyatları,FİYAT / piyasa araştırması,1.446,2,552,20
eryaman ata mahallesi satılık villa,SATILIK mülk arayan,1.423,1,601,6
eryaman günlük kiralik ev etimesgut ankara,KİRALIK mülk arayan,1.423,1,601,6
eryaman en iyi mekanlar,Diğer,1.423,1,601,6
eryaman 2 etap sahibinden satılık daire,SATILIK mülk arayan,1.423,1,601,6
eryaman emlak city,Diğer,1.422,1,600,6
eryaman satilik isyeri,SATILIK mülk arayan,1.422,1,600,6
eryaman kiralık eşyalı rezidans,KİRALIK mülk arayan,1.422,1,600,6
eryaman günlük kiralık ev 2 1,KİRALIK mülk arayan,1.422,1,600,6
eryaman kiralık daire 4 1 sahibinden,KİRALIK mülk arayan,1.422,1,600,6
etimesgut eryaman günlük kiralık ev daire rezidans yorumlar,KİRALIK mülk arayan,1.422,1,600,6
eryamanda nerede oturulur,SEMT / yaşam araştırması,1.422,1,600,6
eryaman 1 etap kutlutaş satılık villa,SATILIK mülk arayan,1.422,1,600,6
eryaman 7,Diğer,1.422,1,600,6
eryaman en iyi mahalleleri,Diğer,1.422,1,600,6
eryaman 1 2 etap metro istasyonu fotoğraflar,SİTE / proje / etap adı,1.422,1,600,6
eryaman 1 2 etap metro istasyonu,SİTE / proje / etap adı,1.422,1,600,6
eryaman yapı şikayet,EMLAKÇI / OFİS arayan,1.422,1,600,6
eryaman kent meydanı,Diğer,1.422,2,551,19
eryaman ev kira,KİRALIK mülk arayan,1.422,1,600,6
yeni batı kiralık,KİRALIK mülk arayan,1.398,2,552,18
yeni batı mahallesi emlak,Diğer,1.373,2,552,17
eryaman en iyi diş hekimi,Diğer,1.365,1,1261,3
eryaman en iyi kahvaltı mekanları,Diğer,1.365,1,1260,3
eryaman evleri satılık,SATILIK mülk arayan,1.363,0,1256,1
etimesgut emlak vergisi ödeme,EMLAK VERGİSİ / resmi işlem,1.361,1,1253,3
eryaman satılık büfe,SATILIK mülk arayan,1.36,0,1251,1
eryaman satılık daire 3+1 sahibinden,SATILIK mülk arayan,1.36,1,1250,3
eryaman satılık lüx daire,SATILIK mülk arayan,1.36,0,1250,1
eryaman satılık sıfır daire,SATILIK mülk arayan,1.36,0,1250,1
eryaman satılık 4+1,SATILIK mülk arayan,1.36,0,1251,1
eryaman kiralık daire 1+1 eşyalı,KİRALIK mülk arayan,1.36,1,1250,3
eryaman kiralık daire 3+1 sahibinden,KİRALIK mülk arayan,1.36,1,1250,3
eryaman kiralık 2+1,KİRALIK mülk arayan,1.36,0,1250,1
eryaman kiralık 3+1,KİRALIK mülk arayan,1.36,0,1250,1
eryaman kiralık 4+1,KİRALIK mülk arayan,1.36,0,1250,1
eryaman ev temizliği,Diğer,1.36,0,1251,1
eryaman en iyi berber,Diğer,1.36,0,1250,1
etimesgut satılık daire 1+1,SATILIK mülk arayan,1.36,0,1250,1
etimesgut satılık daire 3+1,SATILIK mülk arayan,1.36,0,1251,1
eryaman ev satilik,SATILIK mülk arayan,1.317,2,552,15
eryaman kiralık oda,KİRALIK mülk arayan,1.31,1,601,5
eryaman kiralık 2 1 daire,KİRALIK mülk arayan,1.31,1,601,5
eryaman 4 etap çarşı pide,SİTE / proje / etap adı,1.31,1,601,5
eryaman 2 etap sağlık ocağı,SİTE / proje / etap adı,1.31,1,601,5
etimesgut kiralık daire 30 ağustos mahallesi,KİRALIK mülk arayan,1.31,1,601,5
eryaman 4 etap emlak,SİTE / proje / etap adı,1.309,1,600,5
eryaman 5 etap satılık 3 1,SATILIK mülk arayan,1.309,1,600,5
eryaman günlük kiralık daire fırat life style,KİRALIK mülk arayan,1.309,1,600,5
eryaman kiralık müstakil villa,KİRALIK mülk arayan,1.309,1,600,5
eryaman 3 etap satılık daire 3 1,SATILIK mülk arayan,1.309,1,600,5
eryaman kaşmir ev fiyatları,FİYAT / piyasa araştırması,1.309,1,600,5
eryaman dükkan satılık,SATILIK mülk arayan,1.309,1,600,5
eryaman rezidans günlük,SİTE / proje / etap adı,1.309,1,600,5
eryaman 5 etap ağız ve diş sağlığı merkezi,SİTE / proje / etap adı,1.309,1,600,5
eryaman 4 etap öztaş blokları satılık daire,SATILIK mülk arayan,1.309,1,600,5
eryaman 4 etap yüksel blokları satılık daire,SATILIK mülk arayan,1.309,1,600,5
eryaman 3 etap 1 1 kiralık daire,KİRALIK mülk arayan,1.309,1,600,5
eryaman 2 etap 3 1 satılık daire,SATILIK mülk arayan,1.309,1,600,5
eryaman demapark,Diğer,1.309,1,600,5
etimesgut emlak,Diğer,1.309,1,600,5
yeni batı satılık ankara,SATILIK mülk arayan,1.309,1,600,5
ankara eryaman sahibinden satılık ev,SATILIK mülk arayan,1.309,1,600,5
ankara eryaman satılık evler,SATILIK mülk arayan,1.309,1,600,5
eryaman satılık daire 4+1 sahibinden,SATILIK mülk arayan,1.306,1,1150,3
eryaman evleri kroki,Diğer,1.304,3,551,38
eryaman 3 eta,Diğer,1.287,2,553,14
eryamanda oturulacak mekanlar,Diğer,1.285,2,551,14
eryaman site içi kiralık daire,KİRALIK mülk arayan,1.273,2,1251,6
eryaman kiralık eşyalı,KİRALIK mülk arayan,1.269,1,750,4
etimesgut satılık daire 2+1,SATILIK mülk arayan,1.226,0,1000,1
eryaman kiralik isyeri,KİRALIK mülk arayan,1.199,3,551,28
eryaman 5 etap mahalleleri,SİTE / proje / etap adı,1.184,2,559,11
eryaman kiralık günlük,KİRALIK mülk arayan,1.177,1,601,4
eryaman kiralık sıfır daire,KİRALIK mülk arayan,1.177,1,601,4
eryaman satılık daire ata mahallesi,SATILIK mülk arayan,1.177,1,601,4
eryaman 3 etap posta kodu,SİTE / proje / etap adı,1.177,1,601,4
eryaman 5 etap toplu yapı yönetimi,SİTE / proje / etap adı,1.177,1,601,4
etimesgut emlakçılar listesi,EMLAKÇI / OFİS arayan,1.177,1,601,4
yeni batı satılık villa arsası,SATILIK mülk arayan,1.177,1,601,4
yeni batı kiralik ev,KİRALIK mülk arayan,1.177,1,601,4
eryaman yapı gayrimenkul,Diğer,1.176,1,600,4
eryaman efor gayrimenkul danişmanliği yorumlar,EMLAKÇI / OFİS arayan,1.176,1,600,4
eryaman güzelkent satılık müstakil ev,SATILIK mülk arayan,1.176,1,600,4
eryaman susuz satılık villa,SATILIK mülk arayan,1.176,1,600,4
eryaman satılık vılla,SATILIK mülk arayan,1.176,1,600,4
eryaman satılık 2 1 daireler,SATILIK mülk arayan,1.176,1,600,4
eryaman günlük kiralık ev inci life,KİRALIK mülk arayan,1.176,1,600,4
meydan eryaman kiralık ev,KİRALIK mülk arayan,1.176,1,600,4
eryaman kiralık daire 41 sahibinden,KİRALIK mülk arayan,1.176,1,600,4
eryaman güzelkent satılık daire sahibinden,SATILIK mülk arayan,1.176,1,600,4
eryaman havuzlu site satılık daire,SATILIK mülk arayan,1.176,1,600,4
eryaman 2 etap satılık daire,SATILIK mülk arayan,1.176,1,600,4
ankara eryaman kiralık daire 3 1,KİRALIK mülk arayan,1.176,1,600,4
eryaman kiralık daire sahibinden 2 1,KİRALIK mülk arayan,1.176,1,600,4
eryaman 4 etap kiralık daire,KİRALIK mülk arayan,1.176,1,600,4
eryaman yaşamkent,Diğer,1.176,1,600,4
eryaman yavuz selim mahallesi nasıl bir yer,SEMT / yaşam araştırması,1.176,1,600,4
eryaman 5 etap halk eğitim merkezi,SİTE / proje / etap adı,1.176,1,600,4
eryaman 3 etap nöbetçi eczane,SİTE / proje / etap adı,1.176,1,600,4
eryaman 2 etap taksi,SİTE / proje / etap adı,1.176,1,600,4
eryaman 2 etap ağız ve diş sağlığı merkezi,SİTE / proje / etap adı,1.176,1,600,4
eryaman 1 etap satilik,SATILIK mülk arayan,1.176,1,600,4
eryaman 3 etap siteleri,SİTE / proje / etap adı,1.176,1,600,4
eryaman konut taksi google da ara,Diğer,1.176,1,600,4
eryaman devredenler,Diğer,1.176,1,600,4
yeni batı satılık müstakil ev,SATILIK mülk arayan,1.176,1,600,4
ankara eryaman satılık ev 4 1,SATILIK mülk arayan,1.176,1,600,4
eryaman tapu,Diğer,1.139,2,552,10
eryaman ev turu,Diğer,1.095,2,554,9
eryaman 2 etap kiralik,KİRALIK mülk arayan,1.093,2,552,9
eryaman konut,Diğer,1.093,2,551,9
etimesgut emlakçı,EMLAKÇI / OFİS arayan,1.093,2,551,9
eryaman kiralık,KİRALIK mülk arayan,1.08,1,1255,2
yeni batı satılık daire ankara,SATILIK mülk arayan,1.079,1,1253,2
eryaman etap taksi - 3. 4. 5. etap fotoğraflar,SİTE / proje / etap adı,1.078,1,1251,2
eryaman satılık 1+1 daire,SATILIK mülk arayan,1.077,1,1250,2
eryaman kiralık apart,KİRALIK mülk arayan,1.077,1,1250,2
eryaman en iyi erkek kuaför,Diğer,1.077,1,1250,2
eryaman en iyi halı yıkama,Diğer,1.077,1,1250,2
eryaman 2. etap satılık daire,SATILIK mülk arayan,1.077,1,1250,2
eryaman 3. etap yönetim,SİTE / proje / etap adı,1.077,1,1250,2
eryaman 3. etap şeyh şamil satılık daire,SATILIK mülk arayan,1.077,1,1250,2
eryaman 3. etap çilingir,SİTE / proje / etap adı,1.077,1,1250,2
eryaman 3. etap kiralık,KİRALIK mülk arayan,1.077,1,1250,2
eryaman 5. etap satılık daire,SATILIK mülk arayan,1.077,1,1250,2
etimesgut emlak beyannamesi,EMLAK VERGİSİ / resmi işlem,1.077,1,1250,2
eryaman evleri satılık daire,SATILIK mülk arayan,1.054,2,1254,4
eryaman 1 etap 1 1 kiralık daire,KİRALIK mülk arayan,1.044,2,553,8
eryaman konut projeleri 2023,Diğer,1.044,2,553,8
eryaman yorumlar,Diğer,1.043,2,552,8
eryaman satılık 5 1,SATILIK mülk arayan,1.043,2,552,8
yeni batı gayrimenkul,Diğer,1.043,2,552,8
emlak city eryaman,Diğer,1.014,0,601,1
eryaman doğa emlak,Diğer,1.014,0,601,1
altın emlak eryaman fotoğraflar,Diğer,1.014,0,601,1
eryaman göksu emlak,Diğer,1.014,0,601,1
eryaman koçak emlak,Diğer,1.014,0,601,1
meydan eryaman emlak,Diğer,1.014,0,601,1
eryaman pusula emlak,Diğer,1.014,0,601,1
eryaman referans emlak,Diğer,1.014,0,601,1
eryaman şengül emlak,Diğer,1.014,0,601,1
eryaman tepe emlak,Diğer,1.014,0,601,1
eryaman uzman emlak,Diğer,1.014,0,601,1
eryaman yuvam emlak,Diğer,1.014,0,601,1
eryaman zafer emlak,Diğer,1.014,0,601,1
eryaman da emlakçı,EMLAKÇI / OFİS arayan,1.014,0,601,1
eryaman koçak gayrimenkul,Diğer,1.014,0,601,1
eryaman metro gayrimenkul,SEMT / yaşam araştırması,1.014,0,601,1
empa gayrimenkul eryaman temsilciliği,Diğer,1.014,0,601,1
eryaman vizyon gayrimenkul,Diğer,1.014,0,601,1
eryaman evleri satılık 3 1 105 m2,SATILIK mülk arayan,1.014,1,601,3
eryaman göksu satılık daire,SATILIK mülk arayan,1.014,0,601,1
eryaman satılık toki evleri,SATILIK mülk arayan,1.014,0,601,1
eryaman kiralık araba fiyatları,KİRALIK mülk arayan,1.014,1,601,3
eryaman akın 688 kiralık,KİRALIK mülk arayan,1.014,0,601,1
bahçen eryaman satılık daire,SATILIK mülk arayan,1.014,0,601,1
cadde eryaman satılık daire,SATILIK mülk arayan,1.014,0,601,1
eryaman inşaat satılık daire,SATILIK mülk arayan,1.014,0,601,1
voga eryaman satılık daire,SATILIK mülk arayan,1.014,0,601,1
eryaman zirve park satılık daire,SATILIK mülk arayan,1.014,0,601,1
eryaman satılık kiralık daire,SATILIK mülk arayan,1.014,0,601,1
eryaman köy içinde satılık daire,SATILIK mülk arayan,1.014,0,601,1
bahçen eryaman kiralık daire,KİRALIK mülk arayan,1.014,0,601,1
concept eryaman kiralık daire,KİRALIK mülk arayan,1.014,0,601,1
eryaman çağlar sitesi kiralık daire,KİRALIK mülk arayan,1.014,0,601,1
eryaman kiralık daire eşyalı 1 1 sahibinden,KİRALIK mülk arayan,1.014,1,601,3
eryaman ılgazlar sitesi kiralık daire,KİRALIK mülk arayan,1.014,0,601,1
lokasyon eryaman kiralık daire,KİRALIK mülk arayan,1.014,0,601,1
relax eryaman kiralık daire,KİRALIK mülk arayan,1.014,0,601,1
eryaman happy life kiralık 1 1,KİRALIK mülk arayan,1.014,0,601,1
eryaman da satılık ev,SATILIK mülk arayan,1.014,0,601,1
eryaman evleri satılık ev,SATILIK mülk arayan,1.014,0,601,1
eryaman port kiralık ev,KİRALIK mülk arayan,1.014,0,601,1
eryaman bahçeli ev,Diğer,1.014,0,601,1
eryaman eşyalı ev,Diğer,1.014,0,601,1
eryaman günlük ev,Diğer,1.014,0,601,1
eryaman ev mantısı,Diğer,1.014,0,601,1
eryaman 1 1 ev,Diğer,1.014,0,601,1
eryaman apart daire,Diğer,1.014,0,601,1
eryaman da daire fiyatları,FİYAT / piyasa araştırması,1.014,0,601,1
eryaman eşyalı daire,Diğer,1.014,0,601,1
eryaman havuzlu daire,Diğer,1.014,0,601,1
eryaman loft daire,Diğer,1.014,0,601,1
konum eryaman örnek daire,Diğer,1.014,0,601,1
eryaman port daire,Diğer,1.014,0,601,1
satılık daire eryaman tunahan,SATILIK mülk arayan,1.014,0,601,1
eryaman sahibinden daire,Diğer,1.014,0,601,1
ankara eryaman kira,KİRALIK mülk arayan,1.014,0,601,1
eryaman evleri kira,KİRALIK mülk arayan,1.014,0,601,1
relax eryaman kira,KİRALIK mülk arayan,1.014,0,601,1
kiraz çocuk eryaman,Diğer,1.014,0,601,1
eryaman 1 1 kira,KİRALIK mülk arayan,1.014,0,601,1
eryaman'da satılık dükkan,SATILIK mülk arayan,1.014,0,601,1
eryaman da satılık arsa,SATILIK mülk arayan,1.014,0,601,1
eryaman satılık kaşmir,SATILIK mülk arayan,1.014,0,601,1
eryaman da satılık villa,SATILIK mülk arayan,1.014,0,601,1
eryaman erland rezidans,SİTE / proje / etap adı,1.014,0,601,1
eryaman fırat life rezidans,SİTE / proje / etap adı,1.014,0,601,1
eryaman meydan rezidans,SİTE / proje / etap adı,1.014,0,601,1
eryaman ottoman rezidans,SİTE / proje / etap adı,1.014,0,601,1
eryaman port rezidans,SİTE / proje / etap adı,1.014,0,601,1
eryaman relax rezidans,SİTE / proje / etap adı,1.014,0,601,1
eryaman türeli rezidans,SİTE / proje / etap adı,1.014,0,601,1
arı rezidans eryaman yol tarifi,SİTE / proje / etap adı,1.014,0,601,1
eryaman en iyi spor salonu,Diğer,1.014,0,601,1
eryaman en iyi tatlıcı,Diğer,1.014,0,601,1
eryaman birinci etap satılık daire,SATILIK mülk arayan,1.014,0,601,1
eryaman dördüncü etap,SİTE / proje / etap adı,1.014,0,601,1
eryaman ikinci etap,SİTE / proje / etap adı,1.014,0,601,1
eryaman 2 etap nöbetçi eczane,SİTE / proje / etap adı,1.014,1,601,3
eryaman 4 etap nilüfer eczanesi,SİTE / proje / etap adı,1.014,1,601,3
eryaman 4 etap öztaş blokları,SİTE / proje / etap adı,1.014,1,601,3
eryaman 4 etap toplu yapı yönetimi,SİTE / proje / etap adı,1.014,1,601,3
eryaman 3 etap zeynepçik parkı,SİTE / proje / etap adı,1.014,0,601,1
öğütler eryaman 1 etap,SİTE / proje / etap adı,1.014,0,601,1
eryaman 1 etap 2 1 satılık daireler,SATILIK mülk arayan,1.014,0,601,1
eryaman 3. etap bıçaklı kavga,SİTE / proje / etap adı,1.014,0,601,1
eryaman 3. etap fotoğraflar,SİTE / proje / etap adı,1.014,0,601,1
eryaman 3. etap zeynepçik parkı,SİTE / proje / etap adı,1.014,0,601,1
eryaman 3. etap 1+1 satılık daireler,SATILIK mülk arayan,1.014,0,601,1
ziraat bankası eryaman 4 etap şubesi,SİTE / proje / etap adı,1.014,0,601,1
eryaman 4+ 4 etap kiralık daire,KİRALIK mülk arayan,1.014,0,601,1
ankara eryaman site isimleri,Diğer,1.014,0,601,1
eryaman daki site isimleri,Diğer,1.014,0,601,1
eryaman havuzlu site,Diğer,1.014,0,601,1
eryaman konut projeleri 2025,Diğer,1.014,1,601,3
eryaman şeker konut taksi,Diğer,1.014,0,601,1
eryaman yeni konut projeleri 2025,Diğer,1.014,0,601,1
eryaman ne demek,Diğer,1.014,0,601,1
etimesgut emlak vergisi nereye ödenir,EMLAK VERGİSİ / resmi işlem,1.014,2,601,7
etimesgut ayyıldız emlak,Diğer,1.014,0,601,1
emlak city etimesgut yorumları,Diğer,1.014,0,601,1
etimesgut çilek emlak,Diğer,1.014,0,601,1
etimesgut emlak danışmanı,EMLAKÇI / OFİS arayan,1.014,0,601,1
etimesgut emre emlak,Diğer,1.014,0,601,1
etimesgut gayrimenkul emlak,Diğer,1.014,0,601,1
sahibinden etimesgut hepsi emlak satılık daireler,SATILIK mülk arayan,1.014,0,601,1
etimesgut metropol emlak,SEMT / yaşam araştırması,1.014,0,601,1
etimesgut nokta emlak,Diğer,1.014,0,601,1
etimesgut polat emlak,Diğer,1.014,0,601,1
etimesgut şeker emlak,Diğer,1.014,0,601,1
mustafa karadeniz emlak etimesgut emlak uzmani,Diğer,1.014,0,601,1
etimesgut yoldaş emlak,Diğer,1.014,0,601,1
etimesgut zirve emlak,Diğer,1.014,0,601,1
etimesgut ta emlakçılar,EMLAKÇI / OFİS arayan,1.014,0,601,1
sr emlak etimesgut sahibinden,Diğer,1.014,0,601,1
etimesgut'ta emlakçı,EMLAKÇI / OFİS arayan,1.014,0,601,1
bağlıca etimesgut satılık daire fiyatları,SATILIK mülk arayan,1.014,1,601,3
çamlıtepe sitesi etimesgut satılık daire,SATILIK mülk arayan,1.014,0,601,1
etimesgut satılık dubleks daire,SATILIK mülk arayan,1.014,0,601,1
etimesgut güzelkent satılık daire,SATILIK mülk arayan,1.014,0,601,1
etimesgut satılık daire istasyon,SATILIK mülk arayan,1.014,0,601,1
etimesgut konakları satılık daire,SATILIK mülk arayan,1.014,0,601,1
etimesgut istasyon mahallesi nde satılık daire,SATILIK mülk arayan,1.014,0,601,1
etimesgut özgüneş satılık daire,SATILIK mülk arayan,1.014,0,601,1
etimesgut oğuzlar satılık daire,SATILIK mülk arayan,1.014,0,601,1
remax etimesgut satılık daire,SATILIK mülk arayan,1.014,0,601,1
etimesgut ta satılık daire,SATILIK mülk arayan,1.014,0,601,1
etimesgut satılık daire 4+1 ebeveyn banyolu,SATILIK mülk arayan,1.014,0,601,1
etimesgut satılık site içi daireler,SATILIK mülk arayan,1.014,0,601,1
etimesgut bağlıca kiralık daire,KİRALIK mülk arayan,1.014,0,601,1
etimesgut çarşı kiralık daire,KİRALIK mülk arayan,1.014,0,601,1
etimesgut kiralık dubleks daire,KİRALIK mülk arayan,1.014,0,601,1
hepsiemlak etimesgut kiralık daire,KİRALIK mülk arayan,1.014,0,601,1
etimesgut konakları kiralık daire,KİRALIK mülk arayan,1.014,0,601,1
etimesgut süvari mahallesinde kiralık daire,KİRALIK mülk arayan,1.014,0,601,1
etimesgut oğuzlar kiralık daire,KİRALIK mülk arayan,1.014,0,601,1
etimesgut özgüneş kiralık daire,KİRALIK mülk arayan,1.014,0,601,1
etimesgut piyade kiralık daire,KİRALIK mülk arayan,1.014,0,601,1
remax etimesgut kiralık daire,KİRALIK mülk arayan,1.014,0,601,1
etimesgut ta kiralık daire,KİRALIK mülk arayan,1.014,0,601,1
etimesgut yeşilova kiralık daire,KİRALIK mülk arayan,1.014,0,601,1
aycan emlak yeni batı,Diğer,1.014,0,601,1
kırmızı emlak yeni batı,Diğer,1.014,0,601,1
sr emlak yeni batı,Diğer,1.014,0,601,1
yeni batı cumhuriyet mahallesi satılık daire,SATILIK mülk arayan,1.014,0,601,1
çakırlar yeni batı satılık daire,SATILIK mülk arayan,1.014,0,601,1
yeni batı gülbaran satılık daire,SATILIK mülk arayan,1.014,0,601,1
yeni batı hittown satılık daire,SATILIK mülk arayan,1.014,0,601,1
yeni batı natura satılık,SATILIK mülk arayan,1.014,0,601,1
yeni batı metro yakını satılık daire,SATILIK mülk arayan,1.014,0,601,1
yeni batı ankara kiralık daire,KİRALIK mülk arayan,1.014,0,601,1
yeni batı çakırlar kiralık daire,KİRALIK mülk arayan,1.014,0,601,1
yeni batı hittown kiralık,KİRALIK mülk arayan,1.014,0,601,1
duru life yeni batı kiralık daire,KİRALIK mülk arayan,1.014,0,601,1
yeni batı plus kiralık daire,KİRALIK mülk arayan,1.014,0,601,1
eryaman ankara satılık ev,SATILIK mülk arayan,1.014,0,601,1
ankara eryaman 1+1 ev,Diğer,1.014,0,601,1
eryaman ankara nın neresinde,SEMT / yaşam araştırması,1.014,0,601,1
ankara eryaman satılık araba,SATILIK mülk arayan,1.014,1,601,3
ankara eryaman göksu satılık daire,SATILIK mülk arayan,1.014,0,601,1
ankara eryaman özahikent satılık daire,SATILIK mülk arayan,1.014,0,601,1
ankara eryaman polsan satılık daire,SATILIK mülk arayan,1.014,0,601,1
ankara eryaman şeyh şamil satılık daire,SATILIK mülk arayan,1.014,0,601,1
ankara eryaman yeşilova satılık daireler,SATILIK mülk arayan,1.014,0,601,1
ankara eryaman mil koop da satılık daireler,SATILIK mülk arayan,1.014,0,601,1
ankara eryaman kutlutaş kiralık daire,KİRALIK mülk arayan,1.014,0,601,1
ankara eryaman polsan kiralık daire,KİRALIK mülk arayan,1.014,0,601,1
ankara eryaman toki kiralık daire,KİRALIK mülk arayan,1.014,0,601,1
ankara eryaman yeşilova kiralık daire,KİRALIK mülk arayan,1.014,0,601,1
ankara eryaman 5 kiralık daire,KİRALIK mülk arayan,1.014,0,601,1
eryaman susuz mahallesi satılık daire,SATILIK mülk arayan,1.014,1,601,3
susuz mahallesi hangi ilçe,SEMT / yaşam araştırması,1.014,0,601,1
eryaman arı emlak satılık daireler,SATILIK mülk arayan,1.013,1,600,3
eryaman belediyesi emlak vergisi ödeme,EMLAK VERGİSİ / resmi işlem,1.013,1,600,3
eryaman bilgi ofisi emlak,Diğer,1.013,1,600,3
eryaman özşeker satılık daire,SATILIK mülk arayan,1.013,1,600,3
eryaman satılık tarla,SATILIK mülk arayan,1.013,1,600,3
ankara eryaman satılık 2+1,SATILIK mülk arayan,1.013,1,600,3
eryaman köyü kiralık dükkan,KİRALIK mülk arayan,1.013,1,600,3
eryaman mahallesi kiralık dükkan,KİRALIK mülk arayan,1.013,1,600,3
eryaman çizgi ötesi kiralık daire,KİRALIK mülk arayan,1.013,1,600,3
eryaman neva prestij kiralık daire,KİRALIK mülk arayan,1.013,1,600,3
eryaman sahibinden kiralık daire 3 1,KİRALIK mülk arayan,1.013,1,600,3
eryaman susuz kiralık dükkan,KİRALIK mülk arayan,1.013,1,600,3
eryaman vizyon tower kiralık daire,KİRALIK mülk arayan,1.013,1,600,3
eryaman 5 kiralık ev,KİRALIK mülk arayan,1.013,1,600,3
relax eryaman kiralık ev,KİRALIK mülk arayan,1.013,1,600,3
ankara eryaman satılık daire 3 1,SATILIK mülk arayan,1.013,1,600,3
eryaman 5.etap satılık ev,SATILIK mülk arayan,1.013,1,600,3
eryaman 3 etap kiralık ev,KİRALIK mülk arayan,1.013,1,600,3
etimesgut eryaman günlük kiralık ev yorumlar,KİRALIK mülk arayan,1.013,1,600,3
eryaman elektrikli ev aletleri tamircisi,Diğer,1.013,1,600,3
eryaman göksu avm satılık dükkan,SATILIK mülk arayan,1.013,1,600,3
eryaman kırkayak sitesi satılık villa,SATILIK mülk arayan,1.013,1,600,3
eryaman fırat rezidans günlük kiralık,KİRALIK mülk arayan,1.013,1,600,3
eryaman 3 4,Diğer,1.013,1,600,3
eryaman 5 yorumları,Diğer,1.013,1,600,3
eryaman 5 etap özar sitesi,SİTE / proje / etap adı,1.013,1,600,3
eryaman en iyi lazer,Diğer,1.013,1,600,3
eryaman 3 etap bildirici market,SİTE / proje / etap adı,1.013,1,600,3
eryaman 4 etap camlı klima blokları satılık,SATILIK mülk arayan,1.013,1,600,3
eryaman 2 etap diş polikliniği,SİTE / proje / etap adı,1.013,1,600,3
eryaman 1 etap harita,SİTE / proje / etap adı,1.013,1,600,3
eryaman 2 etap iş merkezi,SİTE / proje / etap adı,1.013,1,600,3
eryaman 1 etap kiralık daire,KİRALIK mülk arayan,1.013,1,600,3
eryaman 2 etap metro durağı,SİTE / proje / etap adı,1.013,1,600,3
eryaman 1 etap nöbetçi eczane,SİTE / proje / etap adı,1.013,1,600,3
eryaman 5 etap oyak evleri satılık,SATILIK mülk arayan,1.013,1,600,3
eryaman 3 etap oto yıkama,SİTE / proje / etap adı,1.013,1,600,3
eryaman 3 etap öğütler market,SİTE / proje / etap adı,1.013,1,600,3
eryaman 1 etap taksi,SİTE / proje / etap adı,1.013,1,600,3
eryaman 5 etap sutek blokları satılık,SATILIK mülk arayan,1.013,1,600,3
eryaman 3 etap ziraat bankası,SİTE / proje / etap adı,1.013,1,600,3
eryaman 2 etap yönetimi,SİTE / proje / etap adı,1.013,1,600,3
eryaman 2 etap hangi otobüs gider,SİTE / proje / etap adı,1.013,1,600,3
ankara eryaman 4 etap satılık daireler,SATILIK mülk arayan,1.013,1,600,3
eryaman 5 etap ev fiyatları,FİYAT / piyasa araştırması,1.013,1,600,3
ankara eryaman site içi satılık daireler,SATILIK mülk arayan,1.013,1,600,3
eryaman konut taksi fotoğraflar,Diğer,1.013,1,600,3
ankara eryaman konut fiyatları,FİYAT / piyasa araştırması,1.013,1,600,3
eryaman gimsa kaç metrekare,FİYAT / piyasa araştırması,1.013,1,600,3
eryaman deprem riski,Diğer,1.013,1,600,3
etimesgut emlak vergisi e devlet,EMLAK VERGİSİ / resmi işlem,1.013,1,600,3
etimesgut emlak iş ilanları,Diğer,1.013,1,600,3
etimesgut emlak servisi,Diğer,1.013,1,600,3
etimesgut hikmet özer caddesi satılık daire,SATILIK mülk arayan,1.013,1,600,3
etimesgut hikmet özer caddesi kiralık daire,KİRALIK mülk arayan,1.013,1,600,3
etimesgut kiralık daire eşyali,KİRALIK mülk arayan,1.013,1,600,3
etimesgut emirler kiralık daire sahibinden,KİRALIK mülk arayan,1.013,1,600,3
yeni batı mahallesi satılık 2 1,SATILIK mülk arayan,1.013,1,600,3
sahibinden yeni batı satılık villa,SATILIK mülk arayan,1.013,1,600,3
yeni batı satılık daire 4 1,SATILIK mülk arayan,1.013,1,600,3
yeni batı satılık evler,SATILIK mülk arayan,1.013,1,600,3
sahibinden ankara yeni batı kiralık daire,KİRALIK mülk arayan,1.013,1,600,3
ankara susuz mahallesi satılık daire,SATILIK mülk arayan,1.013,1,600,3
eryaman kiralık evler sahibinden,KİRALIK mülk arayan,0.987,2,552,7
eryaman satılık site içi daireler,SATILIK mülk arayan,0.949,2,601,6
eryaman evleri satılık daire 3 1,SATILIK mülk arayan,0.948,2,600,6
eryaman göksu kiralık daire 4 1,KİRALIK mülk arayan,0.948,2,600,6
eryaman satılık daire site,SATILIK mülk arayan,0.948,2,600,6
eryaman 4 etap satılık daire,SATILIK mülk arayan,0.948,2,600,6
eryaman 5 6 etap,SİTE / proje / etap adı,0.939,3,551,13
eryaman 2 etap 3 1 kiralık daire,KİRALIK mülk arayan,0.928,2,560,6
eryaman 3 etap özahikent kiralık daire,KİRALIK mülk arayan,0.927,2,557,6
ankara eryaman kiralık daire 3 1 sahibinden,KİRALIK mülk arayan,0.927,2,557,6
eryaman 3 etap pazarı hangi gün,SİTE / proje / etap adı,0.926,2,556,6
eryaman kiralık daire esyali,KİRALIK mülk arayan,0.925,2,553,6
eryaman en iyi siteler,Diğer,0.925,2,554,6
eryaman ev kiralari,Diğer,0.924,2,552,6
eryaman stadyumu oturma plani,Diğer,0.924,2,552,6
eryaman metrokent villaları,SEMT / yaşam araştırması,0.924,2,552,6
etimesgut kiralık daire 1 1,KİRALIK mülk arayan,0.924,2,552,6
eryaman en iyi kafeler,Diğer,0.907,2,1251,3
etimesgut emlak vergisi sorgulama,EMLAK VERGİSİ / resmi işlem,0.906,2,1250,3
yeni batı satilik,SATILIK mülk arayan,0.885,3,553,11
eryaman kutlutaş satılık daire 2 1,SATILIK mülk arayan,0.873,2,600,5
eryaman safir rezidans satılık daire,SATILIK mülk arayan,0.873,2,600,5
eryaman 4 etap çarşı kuaför,SİTE / proje / etap adı,0.873,2,600,5
eryaman 3 etap satılık daireler sahibinden,SATILIK mülk arayan,0.873,2,600,5
ankara eryaman kiralık daire sahibinden,KİRALIK mülk arayan,0.871,2,1150,3
etimesgut kiralık daire 3 1,KİRALIK mülk arayan,0.858,3,561,10
eryaman 1 2 etap satılık daire,SATILIK mülk arayan,0.855,2,562,5
eryaman 2 etap toplu konut yönetimi,SİTE / proje / etap adı,0.855,2,561,5
eryaman güzelkent kiralık daire fiyatları,KİRALIK mülk arayan,0.854,2,559,5
eryaman 5 etap sutek satılık 3 1,SATILIK mülk arayan,0.854,2,558,5
eryaman 3 etap kreş ve gündüz bakımevi,SİTE / proje / etap adı,0.854,2,558,5
eryaman 5 etap 1 1 satılık daire,SATILIK mülk arayan,0.854,2,559,5
ankara eryaman evlerinde sahibinden kiralık daire,KİRALIK mülk arayan,0.854,2,559,5
etimesgut eryaman günlük kiralık ev daire rezidans fotoğraflar,KİRALIK mülk arayan,0.853,2,557,5
eryaman da kiralık ev fiyatları,KİRALIK mülk arayan,0.852,2,555,5
eryaman evinbizden emlak,Diğer,0.851,2,552,5
eryaman villa satılık,SATILIK mülk arayan,0.851,2,552,5
eryaman evleri ekşi,Diğer,0.851,2,552,5
eryaman 2 etap satilik,SATILIK mülk arayan,0.851,2,552,5
ankara eryaman kiralık daireler,KİRALIK mülk arayan,0.851,2,552,5
eryaman okçuluk,Diğer,0.85,2,551,5
emlak evim eryaman,Diğer,0.803,1,600,2
eryaman atakent a&c emlak kiralık,KİRALIK mülk arayan,0.803,1,600,2
eryaman deniz emlak,Diğer,0.803,1,600,2
tepe emlak eryaman yorumlar,Diğer,0.803,1,600,2
eryaman gayrimenkul şikayetvar,EMLAKÇI / OFİS arayan,0.803,1,600,2
eryaman ınşaat gayrimenkul resimleri,Diğer,0.803,1,600,2
deniz gayrimenkul eryaman yorumları,Diğer,0.803,1,600,2
eryaman bosphorus satılık daire,SATILIK mülk arayan,0.803,1,600,2
eryaman concept satılık daire,SATILIK mülk arayan,0.803,1,600,2
eryaman çağlar sitesi satılık daire,SATILIK mülk arayan,0.803,1,600,2
eryaman finest satılık daire,SATILIK mülk arayan,0.803,1,600,2
eryaman köyü satılık daire,SATILIK mülk arayan,0.803,1,600,2
eryaman neopolitan satılık,SATILIK mülk arayan,0.803,1,600,2
eryaman natura satılık daire,SATILIK mülk arayan,0.803,1,600,2
onyx eryaman satılık daire,SATILIK mülk arayan,0.803,1,600,2
eryaman port satılık daire,SATILIK mülk arayan,0.803,1,600,2
ankara eryaman referans satılık daire,SATILIK mülk arayan,0.803,1,600,2
eryaman susuz satılık ev,SATILIK mülk arayan,0.803,1,601,2
ankara eryaman toki satılık daireler,SATILIK mülk arayan,0.803,1,600,2
eryaman umar sitesi satılık daire,SATILIK mülk arayan,0.803,1,600,2
eryaman yeşilova satılık daire,SATILIK mülk arayan,0.803,1,600,2
eryaman satılık 1 0,SATILIK mülk arayan,0.803,1,601,2
eryaman satılık 2 1,SATILIK mülk arayan,0.803,1,600,2
eryaman satılık 4 1 daire,SATILIK mülk arayan,0.803,1,600,2
eryaman 555 satılık daire,SATILIK mülk arayan,0.803,1,600,2
bahçen eryaman satılık ev,SATILIK mülk arayan,0.803,1,600,2
eryaman akcenter kiralık dükkan,KİRALIK mülk arayan,0.803,1,600,2
eryaman bosphorus kiralık daire,KİRALIK mülk arayan,0.803,1,600,2
eryaman canberk kiralık daire,KİRALIK mülk arayan,0.803,1,600,2
concept eryaman kiralık dükkan,KİRALIK mülk arayan,0.803,1,600,2
eryaman havuzlubahçe kiralık daire,KİRALIK mülk arayan,0.803,1,600,2
hepsiemlak eryaman kiralık daire,KİRALIK mülk arayan,0.803,1,600,2
eryaman optimum kiralık daire,KİRALIK mülk arayan,0.803,1,600,2
eryaman port kiralık daire,KİRALIK mülk arayan,0.803,1,600,2
eryaman referans kiralık daire,KİRALIK mülk arayan,0.803,1,600,2
eryaman meva şehir kiralık daire,KİRALIK mülk arayan,0.803,1,600,2
eryaman tunahan kiralık daire,KİRALIK mülk arayan,0.803,1,600,2
eryaman utku sitesi kiralık daire,KİRALIK mülk arayan,0.803,1,600,2
eryaman kiralık villa sahibinden,KİRALIK mülk arayan,0.803,1,601,2
eryaman etimesgut günlük kiralik yorumlar,KİRALIK mülk arayan,0.803,1,600,2
eryaman 1 0 kiralık sahibinden,KİRALIK mülk arayan,0.803,1,600,2
eryaman kiralık 3 1 daire,KİRALIK mülk arayan,0.803,1,601,2
eryaman kiralık 4 1 daire,KİRALIK mülk arayan,0.803,1,601,2
eryaman satılık daire malatya,SATILIK mülk arayan,0.803,1,600,2
endora plus eryaman satılık daire,SATILIK mülk arayan,0.803,1,600,2
eryaman üçüncü etap satılık daire,SATILIK mülk arayan,0.803,1,600,2
eryaman da satılık ev fiyatları,SATILIK mülk arayan,0.803,1,600,2
eryaman 3 etap satılık ev,SATILIK mülk arayan,0.803,1,600,2
eryaman metro yakını satılık ev,SATILIK mülk arayan,0.803,1,600,2
eryaman şeker mahallesi kiralık ev,KİRALIK mülk arayan,0.803,1,600,2
günlük kiralık ev eryaman rezidans,KİRALIK mülk arayan,0.803,1,600,2
ankara eryaman apart ev,Diğer,0.803,1,600,2
eryaman port ev yemekleri,Diğer,0.803,1,601,2
ankara eryaman ev temizlik,Diğer,0.803,1,600,2
eryaman ev yemekleri yapan yerler,Diğer,0.803,1,601,2
eryaman ev yemeği,Diğer,0.803,1,600,2
eryaman 4 1 daire,Diğer,0.803,1,600,2
ankara eryaman ucuz ev fiyatları,FİYAT / piyasa araştırması,0.803,1,600,2
eryaman 1 0 daire,Diğer,0.803,1,600,2
eryaman kiralık 1 1 ev,KİRALIK mülk arayan,0.803,1,600,2
meydan eryaman satılık dükkan,SATILIK mülk arayan,0.803,1,600,2
eryaman devren satılık dükkan,SATILIK mülk arayan,0.803,1,600,2
pasaj eryaman satılık dükkan,SATILIK mülk arayan,0.803,1,600,2
eryaman avm satılık dükkan,SATILIK mülk arayan,0.803,1,600,2
eryaman gimsa kiralık dükkan,KİRALIK mülk arayan,0.803,1,600,2
eryaman 5 etap kiralık dükkan,KİRALIK mülk arayan,0.803,1,600,2
eryaman göksu satılık arsa,SATILIK mülk arayan,0.803,1,600,2
eryaman dubleks satılık villa,SATILIK mülk arayan,0.803,1,600,2
eryaman göksu satılık villa,SATILIK mülk arayan,0.803,1,600,2
eryaman eczacılar sitesi satılık villa,SATILIK mülk arayan,0.803,1,600,2
eryaman yavuz selim satılık villa,SATILIK mülk arayan,0.803,1,600,2
eryaman villa sahibinden,Diğer,0.803,1,600,2
eryaman türeli rezidans kiralık,KİRALIK mülk arayan,0.803,1,600,2
eryaman kaç km2,Diğer,0.803,1,600,2
eryaman oy,Diğer,0.803,1,600,2
eryaman en iyi saç kesimi,Diğer,0.803,1,600,2
eryaman en iyi özel lise,Diğer,0.803,1,601,2
eryaman hangi şehirde,Diğer,0.803,1,600,2
eryaman 3 etap adalar,SİTE / proje / etap adı,0.803,1,600,2
eryaman 1 etap betontaş blokları,SİTE / proje / etap adı,0.803,1,600,2
eryaman 2 etap cumhuriyet sitesi,SİTE / proje / etap adı,0.803,1,600,2
eryaman 2 etap çiçekçi,SİTE / proje / etap adı,0.803,1,600,2
eryaman 3 etap diş kliniği,SİTE / proje / etap adı,0.803,1,600,2
eryaman 3 etap hava durumu,SİTE / proje / etap adı,0.803,1,600,2
eryaman 3 etap göbek,SİTE / proje / etap adı,0.803,1,600,2
eryaman 3 etap ilkokul,SİTE / proje / etap adı,0.803,1,600,2
eryaman 3 etap eczanesi,SİTE / proje / etap adı,0.803,1,600,2
eryaman 4 etap eczaneleri,SİTE / proje / etap adı,0.803,1,600,2
eryaman 2 etap eczane,SİTE / proje / etap adı,0.803,1,600,2
eryaman 1 etap eczaneler,SİTE / proje / etap adı,0.803,1,600,2
eryaman 1 etap kuaför,SİTE / proje / etap adı,0.803,1,600,2
eryaman 3 etap lise,SİTE / proje / etap adı,0.803,1,600,2
eryaman 5 etap metro,SİTE / proje / etap adı,0.803,1,600,2
eryaman 3 etap muhtarlığı,SİTE / proje / etap adı,0.803,1,600,2
eryaman 3 etap fotoğrafçı,SİTE / proje / etap adı,0.803,1,600,2
eryaman 1 etap pazarı,SİTE / proje / etap adı,0.803,1,600,2
eryaman 4 etap pide,SİTE / proje / etap adı,0.803,1,601,2
eryaman 3 etap şeyh şamil kiralık daire,KİRALIK mülk arayan,0.803,1,600,2
eryaman 1 etap veteriner,SİTE / proje / etap adı,0.803,1,600,2
eryaman 3 etap villalar,SİTE / proje / etap adı,0.803,1,600,2
eryaman 1. etap pazarı yorumlar,SİTE / proje / etap adı,0.803,1,601,2
eryaman 1. etap age bloklarında satılık daire,SATILIK mülk arayan,0.803,1,600,2
eryaman 1. etap yol tarifi,SİTE / proje / etap adı,0.803,1,600,2
eryaman 1 etap çağdaş market,SİTE / proje / etap adı,0.803,1,600,2
eryaman 1 etap kutlutaş iş merkezi,SİTE / proje / etap adı,0.803,1,600,2
eryaman 2 etap aile hekimliği,SİTE / proje / etap adı,0.803,1,600,2
ankara eryaman 2 etap kiralık daireler,KİRALIK mülk arayan,0.803,1,600,2
eryaman 2 etap posta kodu,SİTE / proje / etap adı,0.803,1,600,2
eryaman 3. etap taksi numarası,SİTE / proje / etap adı,0.803,1,601,2
eryaman 3. etap sağlık ocağı,SİTE / proje / etap adı,0.803,1,601,2
eryaman 3 4 etap,SİTE / proje / etap adı,0.803,1,600,2
eryaman 4. etap satılık daireler sahibinden,SATILIK mülk arayan,0.803,1,601,2
eryaman 4. etap yüksel blokları satılık daire,SATILIK mülk arayan,0.803,1,601,2
ankara eryaman 4 etap kiralık daireler,KİRALIK mülk arayan,0.803,1,600,2
eryaman 4 etap sağlık ocağı çalışma saatleri,SİTE / proje / etap adı,0.803,1,600,2
eryaman 5. etap kiralık daire sahibinden,KİRALIK mülk arayan,0.803,1,601,2
eryaman 5. etap age blokları kiralık,KİRALIK mülk arayan,0.803,1,600,2
eryaman 5.etap elektrik kesintisi,SİTE / proje / etap adı,0.803,1,600,2
eryaman 5 etap pazar yeri,SİTE / proje / etap adı,0.803,1,600,2
eryaman 5 etap yol tarifi,SİTE / proje / etap adı,0.803,1,601,2
eryaman site kiralık,KİRALIK mülk arayan,0.803,1,600,2
ankara eryaman site içi kiralık daireler,KİRALIK mülk arayan,0.803,1,600,2
eryaman evleri site isimleri,Diğer,0.803,1,600,2
ankara eryaman konut projeleri,Diğer,0.803,1,600,2
eryaman türkkonut ilkokulu,SEMT / yaşam araştırması,0.803,1,600,2
eryaman konu,Diğer,0.803,1,600,2
eryaman yeni konut projeleri,Diğer,0.803,1,600,2
eryaman sıfır konut projeleri,Diğer,0.803,1,600,2
etimesgut emlak katılım bankası,Diğer,0.803,1,601,2
etimesgut belediyesi emlak rayiç bedeli,EMLAK VERGİSİ / resmi işlem,0.803,1,601,2
etimesgut belediyesi emlak vergisi iletişim,EMLAK VERGİSİ / resmi işlem,0.803,1,600,2
etimesgut belediyesi emlak vergisi nasıl ödenir,EMLAK VERGİSİ / resmi işlem,0.803,1,600,2
zirve emlak etimesgut yorumları,Diğer,0.803,1,600,2
etimesgut satılık daire alsancak,SATILIK mülk arayan,0.803,1,601,2
etimesgut bağlıca satılık daire,SATILIK mülk arayan,0.803,1,600,2
etimesgut etiler satılık daire,SATILIK mülk arayan,0.803,1,600,2
ankara etimesgut satılık daire 2 1,SATILIK mülk arayan,0.803,1,601,2
etimesgut kürşat caddesi satılık daire,SATILIK mülk arayan,0.803,1,600,2
etimesgut nar çiçeği evleri satılık daire,SATILIK mülk arayan,0.803,1,600,2
etimesgut satılık daire istasyon mahallesi,SATILIK mülk arayan,0.803,1,600,2
sahibinden satılık daire etimesgut istasyon mahallesi,SATILIK mülk arayan,0.803,1,600,2
etimesgut piyade mahallesi satılık daire,SATILIK mülk arayan,0.803,1,600,2
etimesgut zümrüt park satılık daire,SATILIK mülk arayan,0.803,1,600,2
etimesgut 11 satılık daire sahibinden,SATILIK mülk arayan,0.803,1,600,2
etimesgut satılık 2 1 daireler,SATILIK mülk arayan,0.803,1,600,2
etimesgut kiralık daire 1+1 eşyalı,KİRALIK mülk arayan,0.803,1,601,2
kürşat caddesi etimesgut kiralık daire,KİRALIK mülk arayan,0.803,1,600,2
etimesgut nar çiçeği evleri kiralık daire,KİRALIK mülk arayan,0.803,1,600,2
ankara etimesgut piyade mahallesinde kiralık daire fiyatları,KİRALIK mülk arayan,0.803,1,601,2
etimesgut piyade mahallesi kiralık daire,KİRALIK mülk arayan,0.803,1,600,2
etimesgut kiralık daire 4 1 sahibinden,KİRALIK mülk arayan,0.803,1,600,2
sahibinden etimesgut kiralık daire 2 1,KİRALIK mülk arayan,0.803,1,601,2
city life yeni batı satılık daire,SATILIK mülk arayan,0.803,1,600,2
hit yeni batı satılık daire,SATILIK mülk arayan,0.803,1,600,2
yeni batı endora satılık daire,SATILIK mülk arayan,0.803,1,601,2
yeni batı green park satılık,SATILIK mülk arayan,0.803,1,600,2
yeni batı satilik villa,SATILIK mülk arayan,0.803,1,600,2
yeni batı mahallesi 3 1 satılık daire,SATILIK mülk arayan,0.803,1,600,2
hit yeni batı kiralık,KİRALIK mülk arayan,0.803,1,600,2
astim yeni batı kiralık daire,KİRALIK mülk arayan,0.803,1,600,2
atk yeni batı plus kiralık,KİRALIK mülk arayan,0.803,1,600,2
city life yeni batı kiralık daire,KİRALIK mülk arayan,0.803,1,600,2
hit yapı yeni batı kiralık,KİRALIK mülk arayan,0.803,1,600,2
yeni batı mahallesi kiralık villa,KİRALIK mülk arayan,0.803,1,601,2
yeni batı 2 1 kiralık,KİRALIK mülk arayan,0.803,1,600,2
ankara eryaman da satılık ev fiyatları,SATILIK mülk arayan,0.803,1,600,2
ankara eryaman müstakil ev satılık,SATILIK mülk arayan,0.803,1,600,2
ankara eryaman alarko blokları satılık daire,SATILIK mülk arayan,0.803,1,600,2
ankara eryaman canberk sitesi satılık daireler,SATILIK mülk arayan,0.803,1,600,2
ankara eryaman güzelkent satılık villalar,SATILIK mülk arayan,0.803,1,601,2
ankara eryaman göksu parkı satılık daireler,SATILIK mülk arayan,0.803,1,600,2
ankara eryaman oyak sitesi satılık daire,SATILIK mülk arayan,0.803,1,600,2
ankara eryaman oyak 555 satılık daireler,SATILIK mülk arayan,0.803,1,600,2
ankara eryaman sahibinden satılık,SATILIK mülk arayan,0.803,1,600,2
ankara eryaman bordo platinum kiralık,KİRALIK mülk arayan,0.803,1,600,2
ankara eryaman kiralık araba,KİRALIK mülk arayan,0.803,1,601,2
ankara eryaman mahallesi kiralık daire,KİRALIK mülk arayan,0.803,1,600,2
ankara eryaman tunahan mahallesi kiralık daire,KİRALIK mülk arayan,0.803,1,600,2
ankara eryaman şeker mahallesi kiralık daireler,KİRALIK mülk arayan,0.803,1,600,2
ankara eryaman metro yakını kiralık daireler,KİRALIK mülk arayan,0.803,1,600,2
ankara eryaman oyak 555 kiralık daire,KİRALIK mülk arayan,0.803,1,600,2
ankara eryaman sahibinden kiralık,KİRALIK mülk arayan,0.803,1,600,2
ankara eryaman kiralik villa,KİRALIK mülk arayan,0.803,1,601,2
sahibinden eryaman satılık ev fiyatları,SATILIK mülk arayan,0.803,1,600,2
eryaman evleri kiralık daire 3 1,KİRALIK mülk arayan,0.784,2,601,4
eryaman ev temizliği yapanlar,Diğer,0.784,2,601,4
eryaman en iyi okul,SEMT / yaşam araştırması,0.784,2,600,4
eryaman 3 etap toplu yapı yönetimi,SİTE / proje / etap adı,0.784,2,600,4
eryaman konutlar,Diğer,0.783,3,552,8
eryaman daire,Diğer,0.782,3,550,8
eryaman aylık kiralık eşyalı ev,KİRALIK mülk arayan,0.768,2,562,4
eryaman göksu satılık daire sahibinden,SATILIK mülk arayan,0.768,2,562,4
eryaman 2 etap kiralık daire,KİRALIK mülk arayan,0.768,2,562,4
eryaman 2 etap demirer kiralık daire,KİRALIK mülk arayan,0.768,2,562,4
eryaman 5 etap kiralık daire,KİRALIK mülk arayan,0.768,2,560,4
eryaman 3 etap harita,SİTE / proje / etap adı,0.768,2,560,4
eryaman 1 etap pazar yeri,SİTE / proje / etap adı,0.768,2,562,4
eryaman 5 etap site yönetimi,SİTE / proje / etap adı,0.768,2,560,4
etimesgut 11 kiralik daire sahibinden eşyali,KİRALIK mülk arayan,0.768,2,561,4
eryaman 4 etap çarşı fotoğrafçı,SİTE / proje / etap adı,0.767,2,558,4
eryaman 1 etap toplu yapı yönetimi,SİTE / proje / etap adı,0.767,2,559,4
eryaman günlük kiralik ev fotoğraflar,KİRALIK mülk arayan,0.766,2,557,4
eryaman 2 etap satılık ev,SATILIK mülk arayan,0.766,2,557,4
eryaman 3 etap taksi yorumları,SİTE / proje / etap adı,0.766,2,555,4
ankara eryaman sahibinden kiralık ev,KİRALIK mülk arayan,0.766,2,556,4
ankara eryaman göksu parkı kiralık evler,KİRALIK mülk arayan,0.766,2,555,4
eryaman satılık 4 1,SATILIK mülk arayan,0.765,2,553,4
eryaman 5 1 satılık daire,SATILIK mülk arayan,0.765,2,553,4
eryaman satılık daire ilanları,SATILIK mülk arayan,0.765,2,553,4
eryaman konutlari,SİTE / proje / etap adı,0.765,2,553,4
etimesgut satılık dair,SATILIK mülk arayan,0.765,2,553,4
eryaman emlakçı tekinşahlar gayrimenkul yorumlar,EMLAKÇI / OFİS arayan,0.764,2,551,4
eryaman kiralık büro,KİRALIK mülk arayan,0.764,2,552,4
eryaman metroya yakın satılık daire,SATILIK mülk arayan,0.764,2,552,4
ankara eryaman satilik villa,SATILIK mülk arayan,0.764,2,552,4
eryaman kornis,Diğer,0.764,2,552,4
eryaman etaplari,Diğer,0.763,2,550,4
eryaman 1 etap site yönetimi,SİTE / proje / etap adı,0.744,3,560,7
eryaman 1 2 etap metro istasyonu etimesgut ankara,SİTE / proje / etap adı,0.743,3,558,7
eryaman 4 etap site yönetimi,SİTE / proje / etap adı,0.742,3,556,7
eryaman en iyi dershaneler,Diğer,0.72,2,1257,2
eryaman en iyi kuaför,Diğer,0.72,2,1256,2
yeni batı kiralık daire ankara,KİRALIK mülk arayan,0.719,2,1251,2
eryaman en iyi oto yıkama,Diğer,0.718,2,1250,2
eryaman 5 etap kiralık daire 3 1,KİRALIK mülk arayan,0.695,3,557,6
eryaman kac etap,SİTE / proje / etap adı,0.693,3,552,6
ankara eryaman nasıl bir semt,Diğer,0.682,4,550,10
eryaman evleri kiralık,KİRALIK mülk arayan,0.681,1,1255,1
eryaman sitesi,SİTE / proje / etap adı,0.681,1,1255,1
eryaman satılık araba,SATILIK mülk arayan,0.68,1,1250,1
eryaman satılık müstakil,SATILIK mülk arayan,0.68,1,1250,1
eryaman satılık 2+1 daire,SATILIK mülk arayan,0.68,1,1250,1
eryaman satılık 4+1 daire,SATILIK mülk arayan,0.68,1,1250,1
eryaman kiralık 1+1 daire,KİRALIK mülk arayan,0.68,1,1250,1
eryaman en iyi anaokulu,SEMT / yaşam araştırması,0.68,1,1250,1
eryaman en iyi liseler,Diğer,0.68,1,1250,1
eryaman en iyi pizza,Diğer,0.68,1,1250,1
eryaman 3 etap şeyh şamil mahallesi,SİTE / proje / etap adı,0.676,2,601,3
eryaman 3 etap yunus market,SİTE / proje / etap adı,0.676,2,601,3
sahıbınden eryaman satılık daıre altay mahallesi,SATILIK mülk arayan,0.675,2,600,3
ankara eryaman daire fiyatları,FİYAT / piyasa araştırması,0.675,2,600,3
eryaman 5 etap metro durağı,SİTE / proje / etap adı,0.675,2,600,3
eryaman 4 etap nöbetçi eczane,SİTE / proje / etap adı,0.675,2,600,3
eryaman 4 etap yönetim,SİTE / proje / etap adı,0.675,2,600,3
eryaman 5 etap yunus market,SİTE / proje / etap adı,0.675,2,600,3
eryaman 4 etap klima blokları satılık daire,SATILIK mülk arayan,0.675,2,600,3
etimesgut alsancak satılık daire sahibinden,SATILIK mülk arayan,0.675,2,600,3
etimesgut emirler de satılık daire fiyatları,SATILIK mülk arayan,0.675,2,600,3
yeni batı villaları satılık arsa,SATILIK mülk arayan,0.675,2,600,3
ankara eryaman evleri satılık daire,SATILIK mülk arayan,0.675,2,600,3
eryaman yapı gayrimenkul şikayet,EMLAKÇI / OFİS arayan,0.662,2,561,3
eryaman neva prestij satilik daire,SATILIK mülk arayan,0.662,2,562,3
eryaman 3 etap botanik düğün salonu,SİTE / proje / etap adı,0.662,2,562,3
eryaman 3 etap dubleks satılık,SATILIK mülk arayan,0.662,2,562,3
eryaman 1 etap kapalı pazar yeri,SİTE / proje / etap adı,0.662,2,562,3
eryaman 1 2 etap,SİTE / proje / etap adı,0.662,2,561,3
etimesgut kazım karabekir kiralık daire sahibinden,KİRALIK mülk arayan,0.662,2,561,3
yeni batı mahallesi kiralık dükkan,KİRALIK mülk arayan,0.662,2,562,3
hepsiemlak eryaman satılık daire,SATILIK mülk arayan,0.661,2,559,3
eryaman vera life satılık daire,SATILIK mülk arayan,0.661,2,559,3
eryaman göksu kiralık daire sahibinden,KİRALIK mülk arayan,0.661,2,560,3
eryaman 2 etap intes blokları satılık daire,SATILIK mülk arayan,0.661,2,560,3
eryaman 3 etap 1 1 satılık,SATILIK mülk arayan,0.661,2,560,3
validebağ eryaman 2 etap etimesgut ankara,SİTE / proje / etap adı,0.661,2,560,3
eryaman 2 etap yunus emre kültür merkezi,SİTE / proje / etap adı,0.661,2,560,3
etimesgut sr emlak yol tarifi,Diğer,0.661,2,560,3
yeni batı satılık daire 1 1,SATILIK mülk arayan,0.661,2,559,3
eryaman inşaat yapı gayrimenkul şikayet,EMLAKÇI / OFİS arayan,0.66,2,556,3
eryaman 5 kiralık,KİRALIK mülk arayan,0.66,2,556,3
eryaman 1 1 ev satılık,SATILIK mülk arayan,0.66,2,557,3
eryaman doktorlar sitesi satılık villa,SATILIK mülk arayan,0.66,2,558,3
eryaman 1 etap yönetim telefon,SİTE / proje / etap adı,0.66,2,558,3
eryaman 1 etap yol tarifi,SİTE / proje / etap adı,0.66,2,557,3
eryaman 4 etap sağlık ocağı doktorları,SİTE / proje / etap adı,0.66,2,556,3
etimesgut belediyesi emlak servisi iletişim,EMLAK VERGİSİ / resmi işlem,0.66,2,556,3
eryaman malazgirt caddesi kiralık dükkan,KİRALIK mülk arayan,0.659,2,555,3
eryaman 1 1 kiralık rezidans eşyalı,KİRALIK mülk arayan,0.659,2,555,3
eryaman uygun kiralık daireler,KİRALIK mülk arayan,0.659,2,553,3
eryaman yeni kaynak sitesinde satılık ev,SATILIK mülk arayan,0.659,2,555,3
eryaman 4 etap satılık ev,SATILIK mülk arayan,0.659,2,553,3
eryaman etap 4,SİTE / proje / etap adı,0.659,2,554,3
eryaman 5 etap satılık 2 1,SATILIK mülk arayan,0.659,2,553,3
ankara eryaman 3 etap satılık daireler,SATILIK mülk arayan,0.659,2,555,3
ankara eryaman 5 etap satılık daire,SATILIK mülk arayan,0.659,2,554,3
sahibinden kiralık yeni batı mahallesi,KİRALIK mülk arayan,0.659,2,554,3
eryaman ne diye geçiyor,Diğer,0.658,2,552,3
eryaman imarlı arsa,TİCARİ (dükkan / iş yeri / arsa),0.658,2,552,3
eryaman rezidans günlük kiralik,KİRALIK mülk arayan,0.658,2,552,3
eryaman hangi ilde,SEMT / yaşam araştırması,0.658,2,550,3
eryaman 2 etap ta satılık daire,SATILIK mülk arayan,0.658,2,552,3
eryaman depreme dayanıklı mı,Diğer,0.658,2,552,3
etimesgut satılık daire suvari,SATILIK mülk arayan,0.658,2,552,3
ankara eryaman kiralık eşyalı daire,KİRALIK mülk arayan,0.658,2,552,3
eryaman kombi bakımı,Diğer,0.658,2,552,3
eryaman 2 etap emlakçılar,EMLAKÇI / OFİS arayan,0.641,3,561,5
eryaman şirin gayrimenkul emlak danişmanliği,EMLAKÇI / OFİS arayan,0.64,3,556,5
etimesgut eryaman günlük kiralık ev daire rezidans,KİRALIK mülk arayan,0.64,3,556,5
eryaman ottoman,Diğer,0.637,3,550,5
eryaman 3 etap yuvam emlak,SİTE / proje / etap adı,0.588,3,600,4
ankara eryaman evleri kiralık daire,KİRALIK mülk arayan,0.588,3,600,4
eryaman köyiçi kiralık daire,KİRALIK mülk arayan,0.576,3,561,4
ankara eryaman satılık daire 2 1,SATILIK mülk arayan,0.576,3,561,4
eryaman 5 etap kur sitesi satılık daire,SATILIK mülk arayan,0.576,3,561,4
eryaman 4 etap parkı,SİTE / proje / etap adı,0.576,3,560,4
ankara eryaman günlük kiralık daire apart otel,KİRALIK mülk arayan,0.575,3,558,4
eryaman 5 etap 1 1 kiralık daire,KİRALIK mülk arayan,0.575,3,558,4
etimesgut 21 kiralik daire sahibinden eşyali,KİRALIK mülk arayan,0.575,3,558,4
ankara eryaman evlerinde sahibinden satılık daireler,SATILIK mülk arayan,0.575,3,559,4
eryaman etap 5,SİTE / proje / etap adı,0.574,3,555,4
eryaman 1 ve 2 etap satılık daire,SATILIK mülk arayan,0.574,3,555,4
eryaman etap taksi 3 4 5 etap etimesgut ankara,SİTE / proje / etap adı,0.574,3,555,4
ankara eryaman kiralik apart,KİRALIK mülk arayan,0.574,3,553,4
eryaman satılık 3 1,SATILIK mülk arayan,0.573,3,552,4
eryaman 2 etap satılık villa,SATILIK mülk arayan,0.573,3,552,4
eryaman 4 etap,SİTE / proje / etap adı,0.573,3,550,4
eryaman metrokent,SEMT / yaşam araştırması,0.573,3,551,4
etimesgut alsancak emlakçılar,EMLAKÇI / OFİS arayan,0.573,3,552,4
ankara eryaman kiralik evler,KİRALIK mülk arayan,0.573,3,551,4
etimesgut satılık daire 1 1,SATILIK mülk arayan,0.554,4,550,6
eryaman evleri kiralık daire,KİRALIK mülk arayan,0.539,3,1251,2
eryaman en iyi kokoreç,Diğer,0.539,3,1252,2
eryaman en iyi dönerci,Diğer,0.539,3,1252,2
eryaman atakent satılık daire,SATILIK mülk arayan,0.536,2,601,2
eryaman atakent kiralık daire,KİRALIK mülk arayan,0.536,2,601,2
eryaman kiralık büfe,KİRALIK mülk arayan,0.536,2,601,2
eryaman kiralık daire 1+1 sahibinden,KİRALIK mülk arayan,0.536,2,601,2
eryaman kıratlı rezidans,SİTE / proje / etap adı,0.536,2,601,2
eryaman en iyi kaş alan kuaför,Diğer,0.536,2,601,2
eryaman en iyi lazer epilasyon,Diğer,0.536,2,601,2
eryaman etap taksi - 3. 4. 5. etap,SİTE / proje / etap adı,0.536,2,601,2
eryaman 3 etap çiçekçi,SİTE / proje / etap adı,0.536,2,601,2
eryaman 5. etap sutek blokları satılık,SATILIK mülk arayan,0.536,2,601,2
eryaman konut taksi telefon numarası,Diğer,0.536,2,602,2
etimesgut belediyesi emlak vergisi,EMLAK VERGİSİ / resmi işlem,0.536,2,601,2
ankara etimesgut satılık daire 3 1,SATILIK mülk arayan,0.536,2,601,2
eryaman gökdemir satılık daire,SATILIK mülk arayan,0.535,2,600,2
eryaman life satılık daire,SATILIK mülk arayan,0.535,2,600,2
eryaman kiralık arsa,KİRALIK mülk arayan,0.535,2,600,2
eryaman güzelkent kiralık daire,KİRALIK mülk arayan,0.535,2,600,2
eryaman güzelkent kiralık villa,KİRALIK mülk arayan,0.535,2,600,2
eryaman kiralık site,KİRALIK mülk arayan,0.535,2,600,2
eryaman kiralık stüdyo daire,KİRALIK mülk arayan,0.535,2,600,2
eryaman annemin ev yemekleri,Diğer,0.535,2,600,2
eryaman ev yemekleri sulu yemek,Diğer,0.535,2,600,2
eryaman 1 etap metro,SİTE / proje / etap adı,0.535,2,600,2
eryaman 3 etap pilates,SİTE / proje / etap adı,0.535,2,600,2
eryaman 4 etap pideci,SİTE / proje / etap adı,0.535,2,600,2
eryaman 1. etap pazarı hangi gün,SİTE / proje / etap adı,0.535,2,600,2
eryaman 5. etap kur sitesi kiralık daire,KİRALIK mülk arayan,0.535,2,600,2
etimesgut 21 satılık daire sahibinden,SATILIK mülk arayan,0.535,2,600,2
ankara etimesgut kiralık daire 2 1,KİRALIK mülk arayan,0.535,2,600,2
batıkent yeni batı villaları kiralık,KİRALIK mülk arayan,0.535,2,600,2
ankara eryaman günlük kiralık apart,KİRALIK mülk arayan,0.535,2,600,2
ankara eryaman oyak sitesi kiralık daire,KİRALIK mülk arayan,0.535,2,600,2
sahibinden ankara eryaman kiralık ev,KİRALIK mülk arayan,0.535,2,600,2
eryaman canberk satılık daire,SATILIK mülk arayan,0.525,2,562,2
eryaman tunahan satılık daire,SATILIK mülk arayan,0.525,2,562,2
eryaman batıkent kiralık daire,KİRALIK mülk arayan,0.525,2,562,2
eryaman kiralık kapici dairesi 2 etap,KİRALIK mülk arayan,0.525,2,562,2
eryaman kutlutaş kiralık daire,KİRALIK mülk arayan,0.525,2,562,2
eryaman yapılı kiralık daire,KİRALIK mülk arayan,0.525,2,562,2
eryaman 5 etap aktürk sitesi satılık,SATILIK mülk arayan,0.525,2,562,2
eryaman 1.2 etap metro istasyonu,SİTE / proje / etap adı,0.525,2,562,2
eryaman 3 etap eczaneleri,SİTE / proje / etap adı,0.525,2,562,2
eryaman 3 etap mahalleleri,SİTE / proje / etap adı,0.525,2,562,2
eryaman 1 etap yönetim,SİTE / proje / etap adı,0.525,2,562,2
eryaman 1. etap altay mahallesi kiralık daire,KİRALIK mülk arayan,0.525,2,562,2
eryaman 1 etap 1 1 satılık daireler,SATILIK mülk arayan,0.525,2,562,2
eryaman 3 etap alarko blokları satılık,SATILIK mülk arayan,0.525,2,562,2
kiliç gayrimenkul eryaman yorumlar,Diğer,0.524,2,561,2
eryaman hittown satılık daire,SATILIK mülk arayan,0.524,2,560,2
eryaman şeyh şamil satılık daire,SATILIK mülk arayan,0.524,2,561,2
eryaman fatih kiralık daire,KİRALIK mülk arayan,0.524,2,561,2
eryaman sahibinden kiralık daire,KİRALIK mülk arayan,0.524,2,561,2
eryaman teraslı kiralık daire,KİRALIK mülk arayan,0.524,2,560,2
eryaman irem konutları kiralık daire,KİRALIK mülk arayan,0.524,2,559,2
eryaman müstakil ev satılık,SATILIK mülk arayan,0.524,2,561,2
eryaman 3 1 ev,Diğer,0.524,2,560,2
eryaman 5 etap age blokları satılık,SATILIK mülk arayan,0.524,2,560,2
eryaman 3 etap güzellik salonu,SİTE / proje / etap adı,0.524,2,561,2
eryaman 3 etap okyanus koleji,SİTE / proje / etap adı,0.524,2,560,2
eryaman 3 etap zabıta,SİTE / proje / etap adı,0.524,2,559,2
eryaman 2 etap kardeşler pide,SİTE / proje / etap adı,0.524,2,561,2
eryaman 5. etap aktürk sitesi satılık,SATILIK mülk arayan,0.524,2,561,2
eryaman 5 etap elif pide,SİTE / proje / etap adı,0.524,2,559,2
etimesgut zirve caddesi satılık daire,SATILIK mülk arayan,0.524,2,559,2
sahibinden satılık daire etimesgut kazım karabekir mahallesi,SATILIK mülk arayan,0.524,2,561,2
yeni batı mahallesi satılık daire,SATILIK mülk arayan,0.524,2,559,2
ankara eryaman satılık 1 1,SATILIK mülk arayan,0.524,2,559,2
ankara eryaman günlük kiralık rezidans,KİRALIK mülk arayan,0.524,2,561,2
eryaman sg prestij gayrimenkul etimesgut yorumları,Diğer,0.523,2,555,2
eryaman 5 satılık,SATILIK mülk arayan,0.523,2,557,2
eryaman avm kiralık dükkan,KİRALIK mülk arayan,0.523,2,557,2
eryaman saatlik kiralık ev,KİRALIK mülk arayan,0.523,2,556,2
endora park eryaman satılık daire,SATILIK mülk arayan,0.523,2,555,2
eryaman devlet mahallesi satılık ev,SATILIK mülk arayan,0.523,2,555,2
eryaman metro yakını kiralık ev,KİRALIK mülk arayan,0.523,2,558,2
eryaman akcenter satılık dükkan,SATILIK mülk arayan,0.523,2,557,2
eryaman dolphin avm kiralık dükkan,KİRALIK mülk arayan,0.523,2,555,2
gimsa park eryaman kiralık dükkan,KİRALIK mülk arayan,0.523,2,556,2
eryaman altay mahallesi satılık villa,SATILIK mülk arayan,0.523,2,555,2
eryaman güzelkent mahallesi satılık villa,SATILIK mülk arayan,0.523,2,555,2
eryaman diamond rezidans kiralık,KİRALIK mülk arayan,0.523,2,558,2
eryaman 3 etap iş ilanları,SİTE / proje / etap adı,0.523,2,558,2
eryaman 5 etap otobüsleri,SİTE / proje / etap adı,0.523,2,555,2
eryaman kaç etap var,SİTE / proje / etap adı,0.523,2,557,2
domino's pizza eryaman 1 2 etap göksu,SİTE / proje / etap adı,0.523,2,557,2
eryaman 3 etap parkı,SİTE / proje / etap adı,0.523,2,556,2
eryaman havuzlu site kiralık,KİRALIK mülk arayan,0.523,2,557,2
etimesgut belediyesi emlak vergisi telefon numarası,EMLAK VERGİSİ / resmi işlem,0.523,2,558,2
etimesgut emlak vergi dairesi,Diğer,0.523,2,557,2
egemen emlak etimesgut yorumları,Diğer,0.523,2,556,2
etimesgut gimsa yakını satılık daire,SATILIK mülk arayan,0.523,2,556,2
etimesgut hastane yakını kiralık daire,KİRALIK mülk arayan,0.523,2,557,2
etimesgut şeker mahallesi kiralık daire,KİRALIK mülk arayan,0.523,2,557,2
natural konutları yeni batı satılık,SATILIK mülk arayan,0.523,2,555,2
ankara eryaman da satılık 2 artı 1 daireler,SATILIK mülk arayan,0.523,2,558,2
ankara eryaman cumhuriyet sitesi satılık daire,SATILIK mülk arayan,0.523,2,557,2
ankara eryaman fırat life style satılık daireler,SATILIK mülk arayan,0.523,2,555,2
ankara eryaman şeker mahallesi satılık daire,SATILIK mülk arayan,0.523,2,557,2
ankara eryaman şeyh şamil mahallesi kiralık daire,KİRALIK mülk arayan,0.523,2,555,2
ankara eryaman yavuz selim mahallesi kiralık daireler,KİRALIK mülk arayan,0.523,2,555,2
ankara eryaman 4 1 kiralık daireler,KİRALIK mülk arayan,0.523,2,558,2
susuz ata mahallesi satılık daire,SATILIK mülk arayan,0.523,2,556,2
eryaman da satılık daireler hürriyet emlak,SATILIK mülk arayan,0.522,2,554,2
eryaman satılık 3 1 daire,SATILIK mülk arayan,0.522,2,552,2
eryaman ulaş sitesi kiralık daire,KİRALIK mülk arayan,0.522,2,554,2
eryaman kiralık 1 1,KİRALIK mülk arayan,0.522,2,552,2
ankara eryaman da satılık ev,SATILIK mülk arayan,0.522,2,554,2
eryaman kiralık 1 1 eşyalı,KİRALIK mülk arayan,0.522,2,552,2
eryaman ev kiralik,KİRALIK mülk arayan,0.522,2,553,2
eryaman evlerini kim yaptı,Diğer,0.522,2,552,2
eryaman da 2 artı 1 daireler,Diğer,0.522,2,552,2
eryaman 5 1,Diğer,0.522,2,552,2
eryaman kiraathane,Diğer,0.522,2,552,2
eryaman dolphin satılık dükkan,SATILIK mülk arayan,0.522,2,553,2
eryaman villa arsası,TİCARİ (dükkan / iş yeri / arsa),0.522,2,552,2
eryaman 3 etap spotcu,SİTE / proje / etap adı,0.522,2,552,2
eryamanda hangi mahallede oturulur,SEMT / yaşam araştırması,0.522,2,552,2
eryaman kim kazandi,Diğer,0.522,2,552,2
eryaman evleri kaç yılında yapıldı,Diğer,0.522,2,552,2
ankara eryaman 5 etap kiralık daireler,KİRALIK mülk arayan,0.522,2,553,2
eryaman 5 etap satılık,SATILIK mülk arayan,0.522,2,552,2
eryaman 5 etap hangi otobüs gider,SİTE / proje / etap adı,0.522,2,552,2
eryaman siteler arası kaç km,Diğer,0.522,2,553,2
eryaman nedir,Diğer,0.522,2,552,2
eryaman müteahhit,Diğer,0.522,2,552,2
gimsa park eryaman kaç metrekare,FİYAT / piyasa araştırması,0.522,2,554,2
eryaman 2 metrosu,SEMT / yaşam araştırması,0.522,2,552,2
eryaman yapı,Diğer,0.522,2,552,2
etimesgut kiralık oda,KİRALIK mülk arayan,0.522,2,554,2
etimesgut kiralık 2 1 daireler,KİRALIK mülk arayan,0.522,2,552,2
yeni batı mahallesi satılık 4 1,SATILIK mülk arayan,0.522,2,553,2
yeni batı satilik dükkan,SATILIK mülk arayan,0.522,2,552,2
yeni batı mahallesi 2 1 kiralık,KİRALIK mülk arayan,0.522,2,552,2
ankara eryaman rezidans kiralık evler,KİRALIK mülk arayan,0.522,2,553,2
ankara eryaman tunahan sitesi kiralık daire,KİRALIK mülk arayan,0.522,2,554,2
eryaman güvenlikli site,Diğer,0.522,2,552,2
eryaman 21 satilik sifir,SATILIK mülk arayan,0.521,2,551,2
eryaman evleri hangi mahallede,SEMT / yaşam araştırması,0.521,2,551,2
eryaman ıkıncı el esya,Diğer,0.521,2,551,2
ankara eryaman satilik mustakil,SATILIK mülk arayan,0.521,2,551,2
ankara eryaman 2 1 eşyalı kiralık daire,KİRALIK mülk arayan,0.521,2,551,2
eryaman 2 etap 21 satılık daire,SATILIK mülk arayan,0.511,4,555,5
eryaman kiralik oda,KİRALIK mülk arayan,0.511,4,553,5
eryaman çetin emlak,Diğer,0.507,1,600,1
eryaman duygu emlak,Diğer,0.507,1,600,1
tepe emlak eryaman fotoğraflar,Diğer,0.507,1,600,1
eryaman karaca emlak,Diğer,0.507,1,600,1
eryaman prestij emlak,Diğer,0.507,1,600,1
eryaman remax emlak,Diğer,0.507,1,600,1
eryaman tek emlak,Diğer,0.507,1,600,1
eryaman yuva emlak,Diğer,0.507,1,600,1
eryaman zirve emlak,Diğer,0.507,1,600,1
eryamanda emlakçılar,EMLAKÇI / OFİS arayan,0.507,1,600,1
ankara eryaman emlakçı,EMLAKÇI / OFİS arayan,0.507,1,600,1
eryaman alaçatı gayrimenkul,Diğer,0.507,1,600,1
deniz gayrimenkul eryaman fotoğraflar,Diğer,0.507,1,600,1
eryaman inşaat gayrimenkul yorumlar,Diğer,0.507,1,600,1
eryaman marka gayrimenkul,Diğer,0.507,1,600,1
eryaman sg prestij gayrimenkul,Diğer,0.507,1,600,1
eryaman güzelkent satılık daire,SATILIK mülk arayan,0.507,1,600,1
eryaman haznedaroğlu satılık,SATILIK mülk arayan,0.507,1,600,1
eryaman kaşmir satılık daire,SATILIK mülk arayan,0.507,1,601,1
eryaman satılık lüks daireler,SATILIK mülk arayan,0.507,1,601,1
eryaman referans satılık,SATILIK mülk arayan,0.507,1,601,1
eryaman kıratlı rezidans satılık,SATILIK mülk arayan,0.507,3,600,3
eryaman şeker satılık daireler,SATILIK mülk arayan,0.507,1,600,1
eryaman satılık toki,SATILIK mülk arayan,0.507,1,600,1
metrokent eryaman satılık sahibinden,SATILIK mülk arayan,0.507,1,600,1
eryaman frekans kiralık,KİRALIK mülk arayan,0.507,1,600,1
eryaman fırat life kiralık 1 1 günlük,KİRALIK mülk arayan,0.507,1,600,1
eryaman devlet mahallesinde kiralık daireler,KİRALIK mülk arayan,0.507,1,600,1
eryaman 555 kiralık,KİRALIK mülk arayan,0.507,1,600,1
eryaman da satılık daire,SATILIK mülk arayan,0.507,1,600,1
eryaman ılgaz sitesi satılık daire,SATILIK mülk arayan,0.507,1,600,1
eryaman ilona satılık daire,SATILIK mülk arayan,0.507,1,600,1
lokasyon eryaman satılık daire,SATILIK mülk arayan,0.507,1,600,1
relax eryaman satılık daire,SATILIK mülk arayan,0.507,1,600,1
eryaman şekerde satılık daire,SATILIK mülk arayan,0.507,1,600,1
eryaman toki satılık daire,SATILIK mülk arayan,0.507,1,600,1
eryaman tunahan sitesi satılık daire 4 1,SATILIK mülk arayan,0.507,3,600,3
eryaman vatan sitesi satılık daire,SATILIK mülk arayan,0.507,1,600,1
eryaman harikalar diyarı satılık daire,SATILIK mülk arayan,0.507,1,600,1
eryaman da kiralık daire,KİRALIK mülk arayan,0.507,1,600,1
eryaman kiralık daire güzelkent,KİRALIK mülk arayan,0.507,1,600,1
konum eryaman kiralık daire,KİRALIK mülk arayan,0.507,1,600,1
eryaman mah kiralık daire,KİRALIK mülk arayan,0.507,1,600,1
eryaman 1 0 eşyalı kiralık daire,KİRALIK mülk arayan,0.507,1,600,1
etimesgut eryaman satılık ev,SATILIK mülk arayan,0.507,1,600,1
eryaman güzelkent satılık ev,SATILIK mülk arayan,0.507,1,600,1
konum eryaman satılık ev,SATILIK mülk arayan,0.507,1,600,1
eryaman şeyh şamil satılık ev,SATILIK mülk arayan,0.507,1,600,1
eryaman bahçeli ev satılık,SATILIK mülk arayan,0.507,1,600,1
eryaman ev ilaçlama,Diğer,0.507,1,601,1
eryaman ev konaklama,Diğer,0.507,1,601,1
eryaman müstakil ev,Diğer,0.507,1,600,1
fuzul ev eryaman şubesi,Diğer,0.507,1,600,1
eryaman boya badana ve ev dekorasyonu,Diğer,0.507,1,600,1
eryaman 2 1 ev,Diğer,0.507,1,600,1
eryaman ev temizlik yorumları,Diğer,0.507,1,600,1
eryaman arissa örnek daire,Diğer,0.507,1,600,1
eryaman proje daire,Diğer,0.507,1,600,1
kiralık daire eryaman tunahan mahallesi,KİRALIK mülk arayan,0.507,1,600,1
eryaman 5 de satılık daire,SATILIK mülk arayan,0.507,1,600,1
eryaman da 1 1 satılık daireler,SATILIK mülk arayan,0.507,1,600,1
eryaman da yeni konut projeleri,Diğer,0.507,1,600,1
kiraz anaokulu eryaman,SEMT / yaşam araştırması,0.507,1,600,1
eryaman da kiralık dükkan,KİRALIK mülk arayan,0.507,1,600,1
pasaj eryaman kiralık dükkan,KİRALIK mülk arayan,0.507,1,600,1
eryaman susuz da satılık arsa,SATILIK mülk arayan,0.507,1,600,1
eryaman villa projesi,Diğer,0.507,1,600,1
eryaman armonia rezidans,SİTE / proje / etap adı,0.507,1,600,1
eryaman beyaz rezidans,SİTE / proje / etap adı,0.507,1,600,1
eryaman dalgıç rezidans,SİTE / proje / etap adı,0.507,1,600,1
eryaman bordo life rezidans,SİTE / proje / etap adı,0.507,1,600,1
pasaj eryaman rezidans,SİTE / proje / etap adı,0.507,1,600,1
inci life rezidans eryaman resimleri,SİTE / proje / etap adı,0.507,1,600,1
fırat rezidans eryaman yol tarifi,SİTE / proje / etap adı,0.507,1,600,1
eryaman 2 1 rezidans satılık,SATILIK mülk arayan,0.507,1,600,1
eryaman 11,Diğer,0.507,1,600,1
eryaman sahibinden villa,Diğer,0.507,1,600,1
eryaman en iyi bayan kuaförü,Diğer,0.507,1,601,1
eryaman en iyi ingilizce kursu,Diğer,0.507,1,601,1
eryaman en iyi restaurant,Diğer,0.507,1,601,1
eryaman en iyi tavuk döner,Diğer,0.507,1,600,1
eryaman birinci etap,SİTE / proje / etap adı,0.507,1,600,1
eryaman 3. etap carsisi,SİTE / proje / etap adı,0.507,1,600,1
eryaman 3 etap çilingir,SİTE / proje / etap adı,0.507,1,600,1
eryaman ikinci etap satılık daireler,SATILIK mülk arayan,0.507,1,600,1
eryaman 3 etap eczane,SİTE / proje / etap adı,0.507,1,600,1
eryaman üçüncü etap taksi,SİTE / proje / etap adı,0.507,1,600,1
öğütler market eryaman 1 etap,SİTE / proje / etap adı,0.507,1,600,1
eryaman 2 etap kuaförler,SİTE / proje / etap adı,0.507,1,600,1
eryaman 2 etap satılık 2 1,SATILIK mülk arayan,0.507,1,600,1
domino's pizza 3 etap eryaman resimleri,SİTE / proje / etap adı,0.507,1,600,1
eryaman 4 etap aidat,SİTE / proje / etap adı,0.507,1,600,1
eryaman 4 etap bildirici,SİTE / proje / etap adı,0.507,1,600,1
eryaman 4 etap kuaför,SİTE / proje / etap adı,0.507,1,601,1
eryaman 4 etap metro,SİTE / proje / etap adı,0.507,1,600,1
ankara eryaman 7 etap toki,SİTE / proje / etap adı,0.507,1,600,1
eryaman göksu siteleri,SİTE / proje / etap adı,0.507,1,600,1
eryaman yeni site projeleri,Diğer,0.507,1,600,1
eryaman lüks konut projeleri,Diğer,0.507,1,600,1
eryaman 1 1 proje,Diğer,0.507,1,600,1
eryaman devren işyeri,TİCARİ (dükkan / iş yeri / arsa),0.507,1,600,1
eryaman inşaat güncellemeleri,Diğer,0.507,1,600,1
etimesgut belediyesi emlak vergisi ödeme,EMLAK VERGİSİ / resmi işlem,0.507,3,600,3
etimesgut akif emlak,Diğer,0.507,1,600,1
etimesgut demir emlak,Diğer,0.507,1,600,1
polat emlak etimesgut fotoğraflar,Diğer,0.507,1,600,1
etimesgut güner emlak,Diğer,0.507,1,600,1
etimesgut belediyesi emlak vergisi hızlı ödeme,EMLAK VERGİSİ / resmi işlem,0.507,1,600,1
etimesgut nasip emlak,Diğer,0.507,1,600,1
etimesgut özgün emlak,Diğer,0.507,1,601,1
emlak prime etimesgut,Diğer,0.507,1,600,1
etimesgut belediyesi emlak telefon,EMLAK VERGİSİ / resmi işlem,0.507,1,600,1
mustafa karadeniz emlak etimesgut emlak uzmani yorumlar,Diğer,0.507,1,600,1
ankara etimesgut zirve emlak satılık daireler,SATILIK mülk arayan,0.507,1,600,1
ankara etimesgut satılık dubleks daire,SATILIK mülk arayan,0.507,1,600,1
etimesgut göksu satılık daire,SATILIK mülk arayan,0.507,1,600,1
hepsiemlak etimesgut satılık daire,SATILIK mülk arayan,0.507,1,600,1
satılık daire etimesgut kazım karabekir,SATILIK mülk arayan,0.507,1,600,1
etimesgut merkez satılık daire,SATILIK mülk arayan,0.507,1,600,1
etimesgut orhun mahallesi satılık daire,SATILIK mülk arayan,0.507,1,600,1
etimesgut referans satılık daire,SATILIK mülk arayan,0.507,1,600,1
etimesgut meva şehir satılık daire,SATILIK mülk arayan,0.507,1,600,1
etimesgut toki satılık daire,SATILIK mülk arayan,0.507,1,600,1
etimesgut yapracık satılık daire,SATILIK mülk arayan,0.507,1,600,1
etimesgut kiralık daire alsancak,KİRALIK mülk arayan,0.507,1,601,1
etimesgut başak sitesi kiralık daire,KİRALIK mülk arayan,0.507,1,600,1
etimesgut da kiralık daire,KİRALIK mülk arayan,0.507,1,600,1
etimesgut kiralık daire 11 eşyali,KİRALIK mülk arayan,0.507,1,601,1
etimesgut göksu kiralık daire,KİRALIK mülk arayan,0.507,1,601,1
etimesgut huzur sitesi kiralık daire,KİRALIK mülk arayan,0.507,1,600,1
ankara etimesgut kiralık daire ilanları,KİRALIK mülk arayan,0.507,1,600,1
etimesgut kazım karabekir kiralık daire,KİRALIK mülk arayan,0.507,1,600,1
etimesgut elvan mahallesinde kiralık daire,KİRALIK mülk arayan,0.507,1,600,1
etimesgut toki kiralık daire,KİRALIK mülk arayan,0.507,1,600,1
etimesgut şeker kiralık daire,KİRALIK mülk arayan,0.507,1,600,1
etimesgut yapracık kiralık daire,KİRALIK mülk arayan,0.507,1,600,1
etimesgut kiralık kapıcı daireleri,KİRALIK mülk arayan,0.507,1,600,1
yeni batı ankara satılık daire,SATILIK mülk arayan,0.507,1,601,1
yeni batı başpınar satılık daire,SATILIK mülk arayan,0.507,1,600,1
yeni batı istgate satılık daire,SATILIK mülk arayan,0.507,1,600,1
ikon yeni batı satılık,SATILIK mülk arayan,0.507,1,600,1
yeni batı ataköy konutları satılık,SATILIK mülk arayan,0.507,1,600,1
yeni batı duru life satılık daire,SATILIK mülk arayan,0.507,1,600,1
yeni batı polaris satılık,SATILIK mülk arayan,0.507,1,600,1
yeni batı sitesi satılık daire,SATILIK mülk arayan,0.507,1,600,1
yeni batı hit yapı satılık daire,SATILIK mülk arayan,0.507,1,600,1
batıkent yeni batı kiralık dükkan,KİRALIK mülk arayan,0.507,1,600,1
yeni bati mah kiralik,KİRALIK mülk arayan,0.507,1,600,1
ankara yeni batı kiralık ev,KİRALIK mülk arayan,0.507,1,601,1
eryaman ankara evleri,Diğer,0.507,1,600,1
eryaman ankara kiralık ev,KİRALIK mülk arayan,0.507,1,600,1
eryaman ankara ekşi,Diğer,0.507,1,600,1
ankara eryaman çağkent sitesi satılık daire,SATILIK mülk arayan,0.507,1,600,1
ankara eryaman güzelkent satılık daire,SATILIK mülk arayan,0.507,1,600,1
ankara eryaman kaşmir satılık daire,SATILIK mülk arayan,0.507,1,600,1
ankara eryaman mahallesi satılık daire,SATILIK mülk arayan,0.507,1,601,1
ankara eryaman öztaş satılık daire,SATILIK mülk arayan,0.507,1,600,1
ankara eryaman meva şehir satılık daire,SATILIK mülk arayan,0.507,1,600,1
ankara eryaman lale evleri satılık daireler,SATILIK mülk arayan,0.507,1,600,1
ankara eryaman metro yakını satılık daireler,SATILIK mülk arayan,0.507,1,600,1
ankara eryaman göksu kiralık daire,KİRALIK mülk arayan,0.507,1,600,1
ankara eryaman kaşmir kiralık daire,KİRALIK mülk arayan,0.507,1,600,1
ankara eryaman kiralık oda,KİRALIK mülk arayan,0.507,1,601,1
ankara eryaman relax kiralık daire,KİRALIK mülk arayan,0.507,1,600,1
ankara eryaman susuz kiralık daire,KİRALIK mülk arayan,0.507,1,600,1
ankara eryaman kiralık 1 1 daire,KİRALIK mülk arayan,0.507,1,600,1
sahibinden eryaman emlak,Diğer,0.507,1,600,1
eryaman daki emlakçılar,EMLAKÇI / OFİS arayan,0.507,1,600,1
eryaman evleri çevre aidatı,Diğer,0.507,1,600,1
eryaman evleri kaç daire,Diğer,0.507,1,600,1
susuz satılık 2 1,SATILIK mülk arayan,0.507,1,600,1
susuz 4 1 satılık,SATILIK mülk arayan,0.507,1,600,1
susuz mahallesi kiralık dükkan,KİRALIK mülk arayan,0.507,1,600,1
susuz sahibinden satılık,SATILIK mülk arayan,0.507,1,600,1
ata mahallesi eryaman satılık daire,SATILIK mülk arayan,0.507,1,601,1
eryaman royal city kiralık daire,KİRALIK mülk arayan,0.496,3,559,3
eryaman fırat life kiralık daire,KİRALIK mülk arayan,0.496,3,561,3
eryaman kiralık mağaza,KİRALIK mülk arayan,0.496,3,561,3
eryaman oyak 555 kiralık daire,KİRALIK mülk arayan,0.496,3,559,3
satılık ev ankara eryaman göksu,SATILIK mülk arayan,0.496,3,559,3
eryaman 1. etap satılık ev,SATILIK mülk arayan,0.496,3,559,3
eryaman 1 etap antika pazarı,SİTE / proje / etap adı,0.496,3,561,3
eryaman 2 etap demirer blokları,SİTE / proje / etap adı,0.496,3,560,3
eryaman 3 etap hamarat eller,SİTE / proje / etap adı,0.496,3,559,3
eryaman 3 etap nöbetçi eczane şu anda açık olanlar,SİTE / proje / etap adı,0.496,3,561,3
eryaman 5 etap sarıgül sitesi satılık daire,SATILIK mülk arayan,0.496,3,561,3
eryaman 5 etap satılık daire,SATILIK mülk arayan,0.496,3,561,3
eryaman 2 etap 1 1 satılık daire,SATILIK mülk arayan,0.496,3,561,3
eryaman 3 etap 1 1 kiralık,KİRALIK mülk arayan,0.496,3,559,3
eryaman 2 etap yönetim telefon numarası,SİTE / proje / etap adı,0.496,3,559,3
etimesgut alsancak kiralık daire sahibinden,KİRALIK mülk arayan,0.496,3,560,3
eryaman vera city satılık daire,SATILIK mülk arayan,0.495,3,558,3
eryaman sahibinden kiralık daire 21,KİRALIK mülk arayan,0.495,3,557,3
eryaman satılık daire 1 1,SATILIK mülk arayan,0.495,3,558,3
günlük kiralık ev eryaman etimesgut yakınında,KİRALIK mülk arayan,0.495,3,557,3
eryaman küçük ev aletleri tamircisi,Diğer,0.495,3,556,3
eryaman 5 etap age blokları kiralık,KİRALIK mülk arayan,0.495,3,556,3
eryaman 1 etap yönetim telefon numarası,SİTE / proje / etap adı,0.495,3,557,3
eryaman 5 etap yönetim telefon numarası,SİTE / proje / etap adı,0.495,3,558,3
eryaman satılık okul,SATILIK mülk arayan,0.494,3,554,3
eryaman yorum,Diğer,0.493,3,550,3
eryaman 2 1 satılık ev,SATILIK mülk arayan,0.493,3,551,3
eryaman yeni konut projeleri 2024,Diğer,0.493,3,551,3
ankara eryaman kiralık daire eşyalı,KİRALIK mülk arayan,0.47,4,600,4
eryaman evleri satılık daire 2 1,SATILIK mülk arayan,0.461,4,560,4
eryaman 1 2 etap kiralık daire,KİRALIK mülk arayan,0.461,4,560,4
eryaman kiralık daire 1 1 eşyalı,KİRALIK mülk arayan,0.461,4,560,4
eryaman 4 etap çarşı sürücü kursu,SİTE / proje / etap adı,0.461,4,560,4
eryaman kiralık daire 1 1 sahibinden,KİRALIK mülk arayan,0.46,4,559,4
ankara eryaman eşyalı kiralık ev,KİRALIK mülk arayan,0.46,4,557,4
eryaman günlük ev daire etimesgut ankara,Diğer,0.46,4,558,4
eryaman 3 etap site isimleri,SİTE / proje / etap adı,0.46,4,557,4
ankara eryaman emlakçılar,EMLAKÇI / OFİS arayan,0.459,4,554,4
eryaman kiralık 1 1 sahibinden,KİRALIK mülk arayan,0.459,4,553,4
eryaman 4 satılık daire,SATILIK mülk arayan,0.458,4,551,4
etimesgut bağlıca emlakçıları,EMLAKÇI / OFİS arayan,0.458,4,551,4
eryaman en iyi dondurma,Diğer,0.432,4,1254,2
ankara eryaman rezidans günlük kiralık evler,KİRALIK mülk arayan,0.427,5,557,5
eryaman 1 etap altay mahallesi kiralık daire,KİRALIK mülk arayan,0.427,5,559,5
ankara eryaman satılık daire sahibinden,SATILIK mülk arayan,0.405,4,600,3
yeni batı satılık daire 4+1,SATILIK mülk arayan,0.402,3,601,2
ankara eryaman satılık daire 2+1,SATILIK mülk arayan,0.402,3,601,2
ankara eryaman kiralık daire 3+1,KİRALIK mülk arayan,0.402,3,601,2
eryaman address satılık daire,SATILIK mülk arayan,0.401,3,600,2
eryaman ev temizlik iş ilanları,Diğer,0.401,3,600,2
ankara eryaman en iyi kuaför,Diğer,0.401,3,600,2
eryaman 3 etap çarşamba pazarı,SİTE / proje / etap adı,0.401,3,600,2
eryaman 3 etap kuaför,SİTE / proje / etap adı,0.401,3,600,2
eryaman 3 etap şeyh şamil,SİTE / proje / etap adı,0.401,3,600,2
eryaman 5. etap satilik daire sahibinden,SATILIK mülk arayan,0.401,3,600,2
ankara eryaman endora evleri satılık,SATILIK mülk arayan,0.401,3,600,2
eryaman fırat life satılık daire,SATILIK mülk arayan,0.397,4,560,3
etimesgut eryaman kiralık ev,KİRALIK mülk arayan,0.397,4,560,3
eryaman yeni batı satılık daire,SATILIK mülk arayan,0.397,4,560,3
eryaman 3 etap pazar yeri yol tarifi,SİTE / proje / etap adı,0.397,4,560,3
eryaman 3 etap taksi numarası,SİTE / proje / etap adı,0.397,4,560,3
eryaman 3 etap satılık daire,SATILIK mülk arayan,0.397,4,560,3
etimesgut belediyesi emlak vergisi sorgulama tc ile,EMLAK VERGİSİ / resmi işlem,0.397,4,560,3
eryaman evleri nde satılık daire,SATILIK mülk arayan,0.396,4,558,3
eryaman oyak 555 satılık daire,SATILIK mülk arayan,0.396,4,559,3
eryaman safir rezidans kiralık,KİRALIK mülk arayan,0.396,4,557,3
eryaman sahibinden kiralık dükkan,KİRALIK mülk arayan,0.396,4,559,3
eryaman oasis tower kiralık daire,KİRALIK mülk arayan,0.396,4,558,3
eryaman 1 etap age bloklarında satılık daire,SATILIK mülk arayan,0.396,4,557,3
eryaman 5 etap aktürk blokları satılık daire,SATILIK mülk arayan,0.396,4,558,3
eryaman 3 etap ptt şubesi,SİTE / proje / etap adı,0.396,4,559,3
eryaman 4 etap yönetimi telefonu,SİTE / proje / etap adı,0.396,4,558,3
eryaman 1 etap pazarı etimesgut ankara,SİTE / proje / etap adı,0.396,4,558,3
eryaman 3 etap 1 1,SİTE / proje / etap adı,0.396,4,558,3
etimesgut devlet hastanesi yakını kiralık daire,KİRALIK mülk arayan,0.396,4,555,3
etimesgut 11 kiralik daire sahibinden,KİRALIK mülk arayan,0.396,4,559,3
etimesgut 21 kiralik daire sahibinden,KİRALIK mülk arayan,0.396,4,557,3
ankara eryaman kiralık depo,KİRALIK mülk arayan,0.396,4,557,3
eryaman 5 1 kiralık,KİRALIK mülk arayan,0.395,4,550,3
eryaman kiralik rezidans,KİRALIK mülk arayan,0.395,4,551,3
eryaman dükkan kiralık,KİRALIK mülk arayan,0.395,4,550,3
eryaman nasıl gidilir,Diğer,0.395,4,550,3
eryaman 2 etap kiralık 1 1,KİRALIK mülk arayan,0.395,4,554,3
eryaman metro yakını satılık,SATILIK mülk arayan,0.395,4,550,3
eryaman 2 1 satılık sahibinden,SATILIK mülk arayan,0.395,4,550,3
ankara eryaman satılık sıfır daireler,SATILIK mülk arayan,0.395,4,551,3
şirin gayrimenkul eryaman yorumlar,Diğer,0.393,3,560,2
eryaman haznedaroğlu satılık daire,SATILIK mülk arayan,0.393,3,559,2
eryaman kutlutaş satılık daire,SATILIK mülk arayan,0.393,3,561,2
eryaman liderkent satılık daire,SATILIK mülk arayan,0.393,3,561,2
eryaman meva şehir satılık daire,SATILIK mülk arayan,0.393,3,560,2
eryaman türkkonut satılık daire,SATILIK mülk arayan,0.393,3,561,2
eryaman utku sitesi satılık daire,SATILIK mülk arayan,0.393,3,560,2
eryaman botanik kiralık daire,KİRALIK mülk arayan,0.393,3,561,2
eryaman finest kiralık daire,KİRALIK mülk arayan,0.393,3,560,2
eryaman metromall kiralık daire,KİRALIK mülk arayan,0.393,3,561,2
eryaman sahibinden kiralık daire 1 1,KİRALIK mülk arayan,0.393,3,560,2
eryaman türkkonut kiralık daire,KİRALIK mülk arayan,0.393,3,559,2
eryaman irem konutları satılık daire,SATILIK mülk arayan,0.393,3,561,2
eryaman susuz satılık daire sahibinden,SATILIK mülk arayan,0.393,3,561,2
eryaman ikinci etap kiralık daire,KİRALIK mülk arayan,0.393,3,561,2
eryaman ata mahallesi satılık ev,SATILIK mülk arayan,0.393,3,560,2
eryaman müstakil ev kiralık,KİRALIK mülk arayan,0.393,3,560,2
eryaman yeni ev projeleri,Diğer,0.393,3,558,2
eryaman 2 1 daire,Diğer,0.393,3,561,2
eryaman arı rezidans kiralık,KİRALIK mülk arayan,0.393,3,559,2
eryaman 3 etap bildirici,SİTE / proje / etap adı,0.393,3,561,2
eryaman 3 etap dişçi,SİTE / proje / etap adı,0.393,3,561,2
eryaman 2 etap düğün salonu,SİTE / proje / etap adı,0.393,3,561,2
eryaman 3 etap gaz kokusu,SİTE / proje / etap adı,0.393,3,560,2
eryaman 5 etap mesem,SİTE / proje / etap adı,0.393,3,561,2
eryaman 3 etap ortaokulu,SİTE / proje / etap adı,0.393,3,559,2
eryaman 3 etap pideci,SİTE / proje / etap adı,0.393,3,561,2
eryaman 1 etap mesa blokları,SİTE / proje / etap adı,0.393,3,561,2
eryaman 1 etap semt pazarı,SİTE / proje / etap adı,0.393,3,561,2
eryaman 2 etap metro istasyonu,SİTE / proje / etap adı,0.393,3,561,2
eryaman 2 etap ta satılık daireler,SATILIK mülk arayan,0.393,3,559,2
eryaman 3 etap taksi durağı,SİTE / proje / etap adı,0.393,3,561,2
eryaman 4 etap klima blokları,SİTE / proje / etap adı,0.393,3,558,2
eryaman 4 etap sürücü kursu,SİTE / proje / etap adı,0.393,3,561,2
eryaman 4 etap posta kodu,SİTE / proje / etap adı,0.393,3,559,2
eryaman 4 etap yol tarifi,SİTE / proje / etap adı,0.393,3,559,2
eryaman 5 etap ta satılık daireler,SATILIK mülk arayan,0.393,3,558,2
etimesgut belediyesi emlak istimlak müdürlüğü,EMLAK VERGİSİ / resmi işlem,0.393,3,560,2
etimesgut devlet mahallesi satılık daire,SATILIK mülk arayan,0.393,3,561,2
sahibinden satılık daire etimesgut piyade mahallesi,SATILIK mülk arayan,0.393,3,561,2
etimesgut 30 ağustos mahallesi satilik daire sahibinden,SATILIK mülk arayan,0.393,3,558,2
yeni batı hifa konutları satılık daire,SATILIK mülk arayan,0.393,3,558,2
yeni batı mahallesi satılık villa,SATILIK mülk arayan,0.393,3,558,2
ankara eryaman oyak atakent satılık daire,SATILIK mülk arayan,0.393,3,561,2
ankara eryaman kutlutaş blokları satılık daire,SATILIK mülk arayan,0.393,3,559,2
ankara eryaman irem konutları satılık daire,SATILIK mülk arayan,0.393,3,558,2
ankara eryaman endora plus satilik daire,SATILIK mülk arayan,0.393,3,560,2
ankara eryaman atakent sitesi kiralık daire,KİRALIK mülk arayan,0.393,3,561,2
eryaman evleri satılık 3 1,SATILIK mülk arayan,0.392,3,557,2
ankara yenimahalle eryaman satılık daire,SATILIK mülk arayan,0.392,3,557,2
eryaman portakal çiçeği sitesi kiralık daire,KİRALIK mülk arayan,0.392,3,555,2
eryaman relax göksu kiralık daire,KİRALIK mülk arayan,0.392,3,557,2
eryaman göksu avm kiralık dükkan,KİRALIK mülk arayan,0.392,3,555,2
eryaman port devren kiralık dükkan,KİRALIK mülk arayan,0.392,3,555,2
eryaman fırat rezidans konum,SİTE / proje / etap adı,0.392,3,557,2
eryaman göksu rezidans kiralık,KİRALIK mülk arayan,0.392,3,556,2
ankara eryaman en iyi ilkokullar,SEMT / yaşam araştırması,0.392,3,556,2
eryaman 3 etap inci park evleri satılık,SATILIK mülk arayan,0.392,3,557,2
eryaman 3 etap özlem pide,SİTE / proje / etap adı,0.392,3,556,2
eryaman 1 etap bayan kuaför,SİTE / proje / etap adı,0.392,3,557,2
eryaman 1 etap aile hekimliği,SİTE / proje / etap adı,0.392,3,556,2
eryaman 2 etap noter çalışma saatleri,SİTE / proje / etap adı,0.392,3,555,2
eryaman evleri 5 etap,SİTE / proje / etap adı,0.392,3,554,2
etimesgut belediyesi tc ile emlak vergisi ödeme,EMLAK VERGİSİ / resmi işlem,0.392,3,554,2
etimesgut belediyesi emlak servisi telefon,EMLAK VERGİSİ / resmi işlem,0.392,3,557,2
etimesgut alsancak 2 1 satılık daire,SATILIK mülk arayan,0.392,3,554,2
ankara etimesgut kiralık daire 3 1,KİRALIK mülk arayan,0.392,3,557,2
ankara yeni batı satılık ev,SATILIK mülk arayan,0.392,3,556,2
yeni batı 2 1 satılık daire,SATILIK mülk arayan,0.392,3,557,2
ankara eryaman cumhuriyet mahallesi satılık daire,SATILIK mülk arayan,0.392,3,556,2
ankara eryaman susuz mahallesi satılık daireler,SATILIK mülk arayan,0.392,3,555,2
eryaman ata mahallesi sahibinden satılık daire,SATILIK mülk arayan,0.392,3,557,2
eryaman emlak,Diğer,0.391,3,550,2
eryaman uzunali kiralık daire,KİRALIK mülk arayan,0.391,3,552,2
relax eryaman kiralık 1 0,KİRALIK mülk arayan,0.391,3,551,2
sahibinden satılık daire ankara eryaman 3 etap,SATILIK mülk arayan,0.391,3,552,2
eryaman kiralık daire gunluk,KİRALIK mülk arayan,0.391,3,551,2
ankara eryaman da kiralık ev,KİRALIK mülk arayan,0.391,3,553,2
eryaman 4 1,Diğer,0.391,3,552,2
eryaman 3 etap spot,SİTE / proje / etap adı,0.391,3,551,2
eryaman en iyi restoran,Diğer,0.391,3,552,2
eryaman 1 etapta sahibinden satılık daireler,SATILIK mülk arayan,0.391,3,552,2
eryaman 1 etap 2 1 kiralık daire,KİRALIK mülk arayan,0.391,3,551,2
eryaman 1 etap satılık daireler,SATILIK mülk arayan,0.391,3,551,2
eryaman 2 etap yönetim,SİTE / proje / etap adı,0.391,3,551,2
eryaman 5. etap halk bankası,SİTE / proje / etap adı,0.391,3,553,2
eryaman 5.etap sağlık ocağı,SİTE / proje / etap adı,0.391,3,553,2
eryaman 5 etap aidat,SİTE / proje / etap adı,0.391,3,550,2
ankara eryaman 7 etap,SİTE / proje / etap adı,0.391,3,551,2
eryaman yapi,Diğer,0.391,3,551,2
eryaman yeni konut projeleri 2023,Diğer,0.391,3,551,2
eryaman evleri kim yaptı,Diğer,0.391,3,551,2
eryamanda kaç etap var,SİTE / proje / etap adı,0.391,3,551,2
etimesgut satılık 2 1,SATILIK mülk arayan,0.391,3,551,2
etimesgut kiralık daire facebook,KİRALIK mülk arayan,0.391,3,553,2
etimesgut kiralik oda,KİRALIK mülk arayan,0.391,3,553,2
etimesgut kiralık daireler,KİRALIK mülk arayan,0.391,3,550,2
yeni batı ev fiyatları,FİYAT / piyasa araştırması,0.391,3,551,2
yeni batı satilik villa arsasi,SATILIK mülk arayan,0.391,3,551,2
eryaman ankara eryaman,Diğer,0.391,3,550,2
ankara eryaman satilik evler,SATILIK mülk arayan,0.391,3,551,2
ankara eryaman satılık dubleks,SATILIK mülk arayan,0.391,3,550,2
ankara eryaman 3 etap kiralık daireler,KİRALIK mülk arayan,0.391,3,552,2
eryaman 4 etap yardımcı blokları satılık daire,SATILIK mülk arayan,0.384,5,559,4
eryaman 1 etap mehmet akif ersoy parkı içi,SİTE / proje / etap adı,0.384,5,559,4
eryaman 1 2 etap taksi,SİTE / proje / etap adı,0.384,5,559,4
eryaman göksu kiralık daire 3 1,KİRALIK mülk arayan,0.383,5,556,4
kiralık daire eryaman etimesgut yakınında,KİRALIK mülk arayan,0.383,5,558,4
etimesgut 2 1 kiralık daire sahibinden eşyalı,KİRALIK mülk arayan,0.383,5,555,4
eryaman 2 etap satilik daire 3 1,SATILIK mülk arayan,0.365,6,556,5
eryaman evleri sitesi,SİTE / proje / etap adı,0.34,3,1253,1
eryaman vizyon emlak,Diğer,0.338,2,600,1
eryaman satılık bir artı bir,SATILIK mülk arayan,0.338,2,601,1
eryaman oyak satılık,SATILIK mülk arayan,0.338,2,600,1
meydan eryaman satılık 3 1,SATILIK mülk arayan,0.338,2,600,1
eryaman göksu kiralık daire,KİRALIK mülk arayan,0.338,2,600,1
eryaman referans kiralık,KİRALIK mülk arayan,0.338,2,600,1
eryaman kiralık 1+1 eşyalı,KİRALIK mülk arayan,0.338,2,601,1
eryaman evleri kiralık 3 1,KİRALIK mülk arayan,0.338,2,600,1
eryaman satılık daire susuz,SATILIK mülk arayan,0.338,2,601,1
eryaman fuzul ev,Diğer,0.338,2,600,1
eryaman. port ev,Diğer,0.338,2,600,1
eryaman en iyi baklavacı,Diğer,0.338,2,600,1
eryaman en iyi iskender,Diğer,0.338,2,600,1
eryaman en iyi lokantalar,Diğer,0.338,2,601,1
eryaman en iyi pastane,Diğer,0.338,2,601,1
eryaman 1 etap starbucks,SİTE / proje / etap adı,0.338,2,600,1
eryaman 4 etap toki,SİTE / proje / etap adı,0.338,2,600,1
eryaman 5 etap toki,SİTE / proje / etap adı,0.338,2,600,1
etimesgut kardeşler emlak,Diğer,0.338,2,600,1
etimesgut belediyesi emlak rayiç,EMLAK VERGİSİ / resmi işlem,0.338,2,600,1
etimesgut satılık daire 4 1 ebeveyn banyolu,SATILIK mülk arayan,0.338,2,600,1
sahibinden etimesgut kiralık daire eşyalı,KİRALIK mülk arayan,0.338,2,600,1
etimesgut fatih sultan mahallesi kiralık daire,KİRALIK mülk arayan,0.338,2,600,1
etimesgut güzelkent kiralık daire,KİRALIK mülk arayan,0.338,2,600,1
etimesgut kiralik daire suvari,KİRALIK mülk arayan,0.338,2,600,1
yeni batı ahsenler satılık daire,SATILIK mülk arayan,0.338,2,600,1
endora yeni batı satılık,SATILIK mülk arayan,0.338,2,600,1
yeni batı mahallesi kiralık ev,KİRALIK mülk arayan,0.338,2,600,1
ankara eryaman arissa satılık daire,SATILIK mülk arayan,0.338,2,600,1
ankara eryaman metromall satılık daire,SATILIK mülk arayan,0.338,2,600,1
ankara eryaman atakent vadi sitesi satılık,SATILIK mülk arayan,0.338,2,600,1
susuz satılık villa,SATILIK mülk arayan,0.338,2,600,1
ata mahallesi eryaman satılık,SATILIK mülk arayan,0.338,2,600,1
eryaman bilgi emlak,Diğer,0.331,2,560,1
eryaman karakaş emlak,Diğer,0.331,2,560,1
eryaman projeden satılık daireler,SATILIK mülk arayan,0.331,2,562,1
eryaman yeşilova satılık,SATILIK mülk arayan,0.331,2,562,1
eryaman canberk kiralık,KİRALIK mülk arayan,0.331,2,562,1
eryaman fırat life kiralık 1 1,KİRALIK mülk arayan,0.331,2,562,1
batıkent eryaman satılık daire,SATILIK mülk arayan,0.331,2,562,1
eryaman çınar sitesi satılık daire,SATILIK mülk arayan,0.331,2,561,1
eryaman doğakent satılık daire,SATILIK mülk arayan,0.331,2,562,1
lotus eryaman satılık daire,SATILIK mülk arayan,0.331,2,562,1
eryaman oasis satılık daire,SATILIK mülk arayan,0.331,2,562,1
eryaman özar sitesi satılık daire,SATILIK mülk arayan,0.331,2,562,1
pasaj eryaman satılık daire,SATILIK mülk arayan,0.331,2,562,1
eryaman ulaş sitesi satılık daire,SATILIK mülk arayan,0.331,2,561,1
yıldız eryaman satılık daire,SATILIK mülk arayan,0.331,2,562,1
eryaman cumhuriyet sitesi kiralık daire,KİRALIK mülk arayan,0.331,2,560,1
eryaman dogakent kiralık daire,KİRALIK mülk arayan,0.331,2,562,1
meydan eryaman kiralık daire,KİRALIK mülk arayan,0.331,2,562,1
eryaman oyak sitesi kiralık daire,KİRALIK mülk arayan,0.331,2,560,1
eryaman günlük ev kiralama,Diğer,0.331,2,560,1
eryaman 1 1 daire,Diğer,0.331,2,562,1
eryaman apart rezidans,SİTE / proje / etap adı,0.331,2,560,1
eryaman birinci etap pazar yeri,SİTE / proje / etap adı,0.331,2,562,1
eryaman ikinci etap yol tarifi,SİTE / proje / etap adı,0.331,2,562,1
eryaman 1 etap terzi,SİTE / proje / etap adı,0.331,2,560,1
eryaman 2 etap eczaneleri,SİTE / proje / etap adı,0.331,2,562,1
eryaman 2 etap mahalleleri,SİTE / proje / etap adı,0.331,2,562,1
eryaman 2 etap pideci,SİTE / proje / etap adı,0.331,2,560,1
eryaman 2 etap 1 1 satılık daireler,SATILIK mülk arayan,0.331,2,562,1
eryaman 4 etap bim,SİTE / proje / etap adı,0.331,2,562,1
etimesgut ankara emlak,Diğer,0.331,2,561,1
etimesgut sr emlak,Diğer,0.331,2,562,1
etimesgut ceylan sitesi satılık daire,SATILIK mülk arayan,0.331,2,560,1
etimesgut da satılık daire,SATILIK mülk arayan,0.331,2,562,1
etimesgut elvankent satılık daire,SATILIK mülk arayan,0.331,2,560,1
etimesgut istasyon mahallesi satılık daire,SATILIK mülk arayan,0.331,2,562,1
etimesgut süvari mahallesinde satılık daire,SATILIK mülk arayan,0.331,2,562,1
etimesgut teraslı satılık daire,SATILIK mülk arayan,0.331,2,560,1
etimesgut yenikent satılık daire,SATILIK mülk arayan,0.331,2,562,1
etimesgut banka blokları kiralık daire,KİRALIK mülk arayan,0.331,2,561,1
etimesgut merkez kiralık daire,KİRALIK mülk arayan,0.331,2,562,1
etimesgut topçu kiralık daire,KİRALIK mülk arayan,0.331,2,562,1
etimesgut yenikent kiralık daire,KİRALIK mülk arayan,0.331,2,562,1
yeni batı batıkent satılık daire,SATILIK mülk arayan,0.331,2,562,1
atk yeni batı kiralık,KİRALIK mülk arayan,0.331,2,561,1
ankara eryaman stfa blokları satılık daire,SATILIK mülk arayan,0.331,2,560,1
ankara eryaman kutlutaş satılık daire,SATILIK mülk arayan,0.331,2,562,1
ankara eryaman susuz satılık daire,SATILIK mülk arayan,0.331,2,562,1
ankara eryaman güzelkent kiralık daire,KİRALIK mülk arayan,0.331,2,562,1
ankara eryaman metrokent kiralık daire,KİRALIK mülk arayan,0.331,2,561,1
eryaman alaçatı emlak,Diğer,0.33,2,559,1
eryaman efor emlak,Diğer,0.33,2,559,1
tepe emlak eryaman resimleri,Diğer,0.33,2,554,1
ankara eryaman tepe emlak,Diğer,0.33,2,555,1
eryaman efor gayrimenkul,Diğer,0.33,2,559,1
eryaman şirin gayrimenkul,Diğer,0.33,2,557,1
eryaman royal city satılık daire,SATILIK mülk arayan,0.33,5,559,3
eryaman frekans satılık,SATILIK mülk arayan,0.33,2,557,1
eryaman çizgi ötesi satılık,SATILIK mülk arayan,0.33,2,555,1
eryaman gökdemir premium satılık daire,SATILIK mülk arayan,0.33,5,559,3
meydan eryaman satılık ev,SATILIK mülk arayan,0.33,5,558,3
meydan eryaman satılık sahibinden,SATILIK mülk arayan,0.33,2,559,1
eryaman demirer blokları kiralık daire,KİRALIK mülk arayan,0.33,5,559,3
eryaman inci life kiralık daire,KİRALIK mülk arayan,0.33,5,556,3
natura eryaman kiralık,KİRALIK mülk arayan,0.33,2,555,1
eryaman meva şehir kiralık,KİRALIK mülk arayan,0.33,2,557,1
eryaman mavi çam sitesi kiralık daire,KİRALIK mülk arayan,0.33,2,556,1
eryaman özar sitesi kiralık daire,KİRALIK mülk arayan,0.33,2,558,1
pasaj eryaman kiralık daire,KİRALIK mülk arayan,0.33,2,559,1
eryaman atakent vadi sitesi kiralık daire,KİRALIK mülk arayan,0.33,2,554,1
eryaman koroglu konutlarinda satılık ev,SATILIK mülk arayan,0.33,2,556,1
eryaman da kiralık ev,KİRALIK mülk arayan,0.33,2,558,1
eryaman mahallesi kiralık ev,KİRALIK mülk arayan,0.33,2,559,1
eryaman günübirlik ev,Diğer,0.33,2,556,1
eryaman günlük ev daire,Diğer,0.33,5,557,3
satılık daire eryaman mahallesi,SATILIK mülk arayan,0.33,2,557,1
eryaman göksu mahallesi kiralık dükkan,KİRALIK mülk arayan,0.33,2,557,1
eryaman göksu rezidans,SİTE / proje / etap adı,0.33,2,557,1
eryaman inci life rezidans,SİTE / proje / etap adı,0.33,2,555,1
eryaman 3 etap cami,SİTE / proje / etap adı,0.33,2,559,1
3 etap eryaman center iş merkezi,SİTE / proje / etap adı,0.33,5,555,3
eryaman 4 etap çarşı terzi,SİTE / proje / etap adı,0.33,5,559,3
eryaman 1 etap mesa bloklarında satılık daire,SATILIK mülk arayan,0.33,5,559,3
eryaman 1 etap berber,SİTE / proje / etap adı,0.33,2,558,1
eryaman 1 etap çiçekçi,SİTE / proje / etap adı,0.33,2,556,1
eryaman 5.etap 1+1 satılık,SATILIK mülk arayan,0.33,5,556,3
eryaman 3 etap 1 1 satılık daire,SATILIK mülk arayan,0.33,5,557,3
eryaman 2 etap çilingir,SİTE / proje / etap adı,0.33,2,555,1
eryaman 4 etap soyak ta satılık daireler,SATILIK mülk arayan,0.33,5,559,3
ankara eryaman 7. etap,SİTE / proje / etap adı,0.33,2,555,1
ankara eryaman site,Diğer,0.33,2,556,1
ankara eryaman konut taksi,Diğer,0.33,2,556,1
türkkonut sitesi eryaman,SİTE / proje / etap adı,0.33,2,557,1
eryaman 1 2 konut taksi,Diğer,0.33,2,555,1
sr emlak etimesgut emirler satilik daireler,SATILIK mülk arayan,0.33,2,555,1
etimesgut güngör emlak,Diğer,0.33,2,554,1
etimesgut belediyesi emlak müdürlüğü,EMLAK VERGİSİ / resmi işlem,0.33,2,557,1
mustafa karadeniz emlak etimesgut emlak uzmanı fotoğraflar,Diğer,0.33,2,554,1
etimesgut türk kızılayı caddesi satılık daire,SATILIK mülk arayan,0.33,5,557,3
etimesgut huzur sitesi satılık daire,SATILIK mülk arayan,0.33,2,557,1
etimesgut otuz ağustos mahallesi satılık daire,SATILIK mülk arayan,0.33,2,555,1
etimesgut satılık rezidans,SATILIK mülk arayan,0.33,2,554,1
etimesgut şehitali mahallesi satılık daire,SATILIK mülk arayan,0.33,2,556,1
sahibinden com etimesgut kiralık daire,KİRALIK mülk arayan,0.33,2,555,1
etimesgut devlet mahallesi kiralık daire,KİRALIK mülk arayan,0.33,2,559,1
etimesgut istasyon kiralık daire,KİRALIK mülk arayan,0.33,2,558,1
etimesgut istasyon mahallesinde kiralık daire,KİRALIK mülk arayan,0.33,2,555,1
etimesgut oğuzlar mah kiralık daire,KİRALIK mülk arayan,0.33,2,556,1
sahibinden kiralık daire etimesgut piyade mahallesi,KİRALIK mülk arayan,0.33,2,558,1
hit yeni batı satılık,SATILIK mülk arayan,0.33,2,557,1
ikon yeni batı satılık daire,SATILIK mülk arayan,0.33,2,555,1
atk yeni batı plus satılık daire,SATILIK mülk arayan,0.33,2,555,1
yeni batı hit yapı satılık,SATILIK mülk arayan,0.33,2,555,1
batıkent yeni batı kiralık,KİRALIK mülk arayan,0.33,2,556,1
yeni batı 1 1 kiralık daire,KİRALIK mülk arayan,0.33,2,554,1
ankara eryaman panorama plus satilik daire,SATILIK mülk arayan,0.33,2,558,1
ankara eryaman relax satılık,SATILIK mülk arayan,0.33,2,556,1
ankara eryaman toki satılık,SATILIK mülk arayan,0.33,2,559,1
ankara eryaman 11 eşyali kiralık daire sahibinden,KİRALIK mülk arayan,0.33,5,555,3
ankara eryaman referans evleri kiralık,KİRALIK mülk arayan,0.33,5,556,3
ankara eryaman italyan dubleks kiralık,KİRALIK mülk arayan,0.33,2,554,1
ankara eryaman köyü kiralık daire,KİRALIK mülk arayan,0.33,2,555,1
susuz 1 1 satılık daire,SATILIK mülk arayan,0.33,2,554,1
eryaman satılık ev şeyh şamil,SATILIK mülk arayan,0.329,5,552,3
eryaman uzunali satılık,SATILIK mülk arayan,0.329,2,553,1
eryaman 688,Diğer,0.329,2,553,1
eryaman satılık 2 1 ev,SATILIK mülk arayan,0.329,2,552,1
eryaman 1 0 kiralık daire,KİRALIK mülk arayan,0.329,2,552,1
eryaman satılık daire 1 1 sahibinden,SATILIK mülk arayan,0.329,6,558,4
eryaman kaçkar sitesi satılık,SATILIK mülk arayan,0.329,2,552,1
eryaman milkop sitesi satılık daire,SATILIK mülk arayan,0.329,2,553,1
eryaman haznedaroğlu kiralık,KİRALIK mülk arayan,0.329,2,551,1
eryaman ev günlük,Diğer,0.329,2,551,1
eryaman evleri 4 1,Diğer,0.329,2,553,1
eryaman lüx daireler,Diğer,0.329,2,553,1
eryaman daire fiyatlari,FİYAT / piyasa araştırması,0.329,2,552,1
eryaman da ne var,Diğer,0.329,2,552,1
eryaman villa projeleri,Diğer,0.329,2,552,1
eryaman oteller,Diğer,0.329,2,551,1
eryaman gokturk,Diğer,0.329,2,551,1
eryaman otel hamam,Diğer,0.329,2,551,1
eryaman jakuzili otel,Diğer,0.329,2,551,1
eryaman 1 2 havuz,Diğer,0.329,2,552,1
eryaman 5 6,Diğer,0.329,2,552,1
eryaman ne kadar,FİYAT / piyasa araştırması,0.329,2,551,1
eryaman kim,Diğer,0.329,2,552,1
eryaman ne zaman kuruldu,Diğer,0.329,2,551,1
eryaman ucuzluk,FİYAT / piyasa araştırması,0.329,2,552,1
eryaman sahibinden satılık otomatik dizel arabalar,SATILIK mülk arayan,0.329,2,552,1
eryaman en güzel yemek,Diğer,0.329,2,552,1
eryaman en iyi terzi,Diğer,0.329,2,553,1
eryaman hangi ilçede,SEMT / yaşam araştırması,0.329,2,551,1
eryaman 1 etap satılık ev,SATILIK mülk arayan,0.329,2,552,1
eryaman 2 etap 2 1 kiralık daire,KİRALIK mülk arayan,0.329,2,552,1
eryaman 5 etap yonetim,SİTE / proje / etap adı,0.329,5,551,3
eryaman 5 etap sahibinden kiralık,KİRALIK mülk arayan,0.329,2,552,1
eryaman site,Diğer,0.329,5,550,3
eryaman hangi,Diğer,0.329,2,553,1
eryaman şikayet,EMLAKÇI / OFİS arayan,0.329,2,552,1
eryaman konutlari ankara,SİTE / proje / etap adı,0.329,2,553,1
eryaman evleri 120 m2 satılık,SATILIK mülk arayan,0.329,2,552,1
eryaman sıfır 2 1 satılık daireler,SATILIK mülk arayan,0.329,2,552,1
etimesgut milli emlak,Diğer,0.329,2,552,1
etimesgut taki emlakçılar,EMLAKÇI / OFİS arayan,0.329,2,550,1
etimesgut emirler emlakçılar,EMLAKÇI / OFİS arayan,0.329,2,550,1
etimesgut bağlıca 2 1 satılık daire,SATILIK mülk arayan,0.329,5,552,3
etimesgut satılık 4 1 daireler,SATILIK mülk arayan,0.329,2,550,1
etimesgut 4 1 kiralik daireler,KİRALIK mülk arayan,0.329,2,551,1
etimesgut kiralık evler sahibinden,KİRALIK mülk arayan,0.329,2,551,1
yeni batı mahallesi 21 satılık daire,SATILIK mülk arayan,0.329,2,553,1
yeni batı mh satılık ev,SATILIK mülk arayan,0.329,2,553,1
yeni batı sahibinden satılık,SATILIK mülk arayan,0.329,2,552,1
eryaman ankara nın hangi yönünde,Diğer,0.329,2,552,1
ankara eryaman satılık 4 1 daireler,SATILIK mülk arayan,0.329,2,551,1
ankara eryaman mah kiralık daire,KİRALIK mülk arayan,0.329,2,551,1
eryaman kooperatifleri birliği ortaokulu,SEMT / yaşam araştırması,0.329,2,551,1
eryaman spot ikinci el eşya alım satımı etimesgut,Diğer,0.329,2,551,1
eryaman 3 1 satılık ev,SATILIK mülk arayan,0.329,2,551,1
eryaman ev yardımcısı,Diğer,0.329,2,552,1
susuz 2 1 satılık daire,SATILIK mülk arayan,0.329,2,553,1
eryaman mahallesi emlakçılar,EMLAKÇI / OFİS arayan,0.328,6,552,4
eryaman günlük ev daire fotoğraflar,Diğer,0.328,6,556,4
eryaman 3 etap sağlık ocağı,SİTE / proje / etap adı,0.328,6,555,4
eryaman en iyi devlet okulları,SEMT / yaşam araştırması,0.321,4,601,2
eryaman en iyi devlet ilkokulu,SEMT / yaşam araştırması,0.321,4,600,2
etimesgut emlak vergi,Diğer,0.321,4,602,2
yeni batı satılık daire sahibinden,SATILIK mülk arayan,0.321,4,600,2
tepe emlak eryaman kiralık daire,KİRALIK mülk arayan,0.314,4,558,2
eryaman botanik satılık daire,SATILIK mülk arayan,0.314,4,560,2
eryaman göksupark satılık daire,SATILIK mülk arayan,0.314,4,560,2
eryaman göksu satılık 4 1,SATILIK mülk arayan,0.314,4,555,2
eryaman haznedar satılık daire,SATILIK mülk arayan,0.314,4,558,2
eryaman kc satılık daire,SATILIK mülk arayan,0.314,4,560,2
eryaman mahallesi satılık ev,SATILIK mülk arayan,0.314,4,559,2
eryaman park satılık daire,SATILIK mülk arayan,0.314,4,560,2
eryaman topraktan satılık daireler,SATILIK mülk arayan,0.314,4,559,2
eryaman teraslı satılık daire,SATILIK mülk arayan,0.314,4,560,2
eryaman arissa kiralık daire,KİRALIK mülk arayan,0.314,4,560,2
frekans eryaman kiralık daire,KİRALIK mülk arayan,0.314,4,558,2
eryaman kc kiralık daire,KİRALIK mülk arayan,0.314,4,560,2
eryaman fırat life kiralık 2 1,KİRALIK mülk arayan,0.314,4,560,2
eryaman armoni life kiralık daire,KİRALIK mülk arayan,0.314,4,557,2
eryaman göksu parkı kiralık daire,KİRALIK mülk arayan,0.314,4,557,2
eryaman metro yakını kiralık daire,KİRALIK mülk arayan,0.314,4,560,2
eryaman 11 kiralik sahibinden,KİRALIK mülk arayan,0.314,4,560,2
satılık daire eryaman devlet mahallesi,SATILIK mülk arayan,0.314,4,557,2
etimesgut eryaman satılık daire,SATILIK mülk arayan,0.314,4,560,2
eryaman neva palas satılık daire,SATILIK mülk arayan,0.314,4,560,2
sahibinden satılık daire ankara eryaman şeker mah,SATILIK mülk arayan,0.314,4,555,2
eryaman buse konutları kiralık daire,KİRALIK mülk arayan,0.314,4,560,2
eryaman camlı klima kiralık daire,KİRALIK mülk arayan,0.314,4,558,2
ankara eryaman rezidans,SİTE / proje / etap adı,0.314,4,558,2
eryaman 1 etap aspava,SİTE / proje / etap adı,0.314,4,560,2
eryaman 3 etap bayan kuaför,SİTE / proje / etap adı,0.314,4,560,2
eryaman 3 etap halı saha,SİTE / proje / etap adı,0.314,4,558,2
eryaman 3.etap evleri,SİTE / proje / etap adı,0.314,4,560,2
eryaman 3 etap kuaförler,SİTE / proje / etap adı,0.314,4,560,2
eryaman 5 etap mackbear,SİTE / proje / etap adı,0.314,4,560,2
eryaman 3 etap opet,SİTE / proje / etap adı,0.314,4,558,2
eryaman 5 etap yönetim,SİTE / proje / etap adı,0.314,4,560,2
grand park eryaman 2 etap,SİTE / proje / etap adı,0.314,4,555,2
eryaman 2 etap yunus market,SİTE / proje / etap adı,0.314,4,558,2
mutlu günler fırını eryaman 3 etap,SİTE / proje / etap adı,0.314,4,555,2
eryaman 4 etap çarşı eczane,SİTE / proje / etap adı,0.314,4,556,2
eryaman 4 etap tunahan mahallesi,SİTE / proje / etap adı,0.314,4,558,2
eryaman 4 etap satılık,SATILIK mülk arayan,0.314,4,557,2
eryaman 5. etap sarıgül sitesi satılık daire,SATILIK mülk arayan,0.314,4,560,2
etimesgut tekvak konutları satılık daire,SATILIK mülk arayan,0.314,4,559,2
etimesgut kiralık daire 1 1 eşyalı,KİRALIK mülk arayan,0.314,4,560,2
etimesgut gimsa yakını kiralık daire,KİRALIK mülk arayan,0.314,4,559,2
etimesgut süvari mahallesi kiralık daire sahibinden,KİRALIK mülk arayan,0.314,4,560,2
batıkent yeni batı satılık villa,SATILIK mülk arayan,0.314,4,560,2
batıkent yeni batı sitesi satılık daire,SATILIK mülk arayan,0.314,4,559,2
yeni batı mahallesi satılık ev,SATILIK mülk arayan,0.314,4,555,2
ahsenler yeni batı kiralık daire,KİRALIK mülk arayan,0.314,4,559,2
sahibinden ankara eryaman atakent satılık daire,SATILIK mülk arayan,0.314,4,560,2
ankara eryaman camlı klima blokları satılık daire,SATILIK mülk arayan,0.314,4,556,2
ankara eryaman bahçen konutları satılık daire,SATILIK mülk arayan,0.314,4,560,2
ankara eryaman da satılık evler,SATILIK mülk arayan,0.314,4,560,2
ankara eryaman göksu oyak sitesi satılık daire,SATILIK mülk arayan,0.314,4,555,2
ankara eryaman 3 1 satılık daireler,SATILIK mülk arayan,0.314,4,555,2
ankara eryaman relax göksu kiralık daire,KİRALIK mülk arayan,0.314,4,555,2
etimesgut eryaman günlük kiralık ev fotoğraflar,KİRALIK mülk arayan,0.313,4,554,2
eryaman 1 1 eşyalı kiralık ev,KİRALIK mülk arayan,0.313,4,553,2
eryaman 3 etap ev,SİTE / proje / etap adı,0.313,4,551,2
eryaman kac km2,Diğer,0.313,4,551,2
eryaman en iyi okullar,SEMT / yaşam araştırması,0.313,4,550,2
eryaman 2 etapta kiralık daireler,KİRALIK mülk arayan,0.313,4,551,2
eryaman 3 etap site,SİTE / proje / etap adı,0.313,4,550,2
eryaman 4 etap parki,SİTE / proje / etap adı,0.313,4,550,2
eryaman site içi kiralık daireler,KİRALIK mülk arayan,0.313,4,551,2
eryaman göksu yeni konut projeleri,Diğer,0.313,4,554,2
eryaman yapı inşaat,Diğer,0.313,4,550,2
etimesgut tapu müdürlüğü yorumları,Diğer,0.313,4,550,2
etimesgut tapu müdürlüğü sincan yorumları,Diğer,0.313,4,550,2
eryaman kent konseyi,Diğer,0.313,4,550,2
etimesgut sahibinden satılık daire 30 ağustos mahallesi,SATILIK mülk arayan,0.313,4,553,2
etimesgut kiralık 2 1,KİRALIK mülk arayan,0.313,4,550,2
yeni batı ev kiraları,Diğer,0.313,4,551,2
eryaman konutları,SİTE / proje / etap adı,0.3,3,950,1
eryaman 3 etap kiralık daire,KİRALIK mülk arayan,0.287,7,557,4
eryaman 3 etap sağlık ocağı doktorları,SİTE / proje / etap adı,0.287,7,557,4
eryaman 5 etap sarıgül sitesi kiralık,KİRALIK mülk arayan,0.287,7,557,4
eryaman susuz satılık kooperatif hissesi,SATILIK mülk arayan,0.283,6,556,3
eryaman okyanus plaza kiralık daire,KİRALIK mülk arayan,0.283,6,556,3
eryaman yeni batı kiralık daire,KİRALIK mülk arayan,0.283,6,558,3
eryaman ata mahallesi kiralık daire 3 1,KİRALIK mülk arayan,0.283,6,555,3
eryaman 1 etap mehmet akif ersoy parkı,SİTE / proje / etap adı,0.283,6,558,3
eryaman 5 etap satılık 1 1 daireler,SATILIK mülk arayan,0.283,6,556,3
eryaman 3 etap site yönetimi,SİTE / proje / etap adı,0.283,6,556,3
etimesgut emlak vergisi artış oranı,FİYAT / piyasa araştırması,0.283,6,557,3
seçkin gayrimenkul eryaman yorumlar,Diğer,0.262,5,558,2
eryaman betontaş satılık daire,SATILIK mülk arayan,0.262,5,559,2
eryaman göldekent satılık daire,SATILIK mülk arayan,0.262,5,559,2
eryaman köroğlu satılık daire,SATILIK mülk arayan,0.262,5,559,2
eryaman metromall satılık daire,SATILIK mülk arayan,0.262,5,559,2
eryaman terasevler satılık daire,SATILIK mülk arayan,0.262,5,559,2
eryaman mesa kiralık daire,KİRALIK mülk arayan,0.262,5,559,2
eryaman port kiralık ofis,KİRALIK mülk arayan,0.262,5,559,2
eryaman devlet mahallesi kiralık daire,KİRALIK mülk arayan,0.262,5,559,2
eryaman 1 etap betontaş blokları satılık,SATILIK mülk arayan,0.262,5,559,2
eryaman 3 etap bim,SİTE / proje / etap adı,0.262,5,559,2
eryaman 3 etap okul,SİTE / proje / etap adı,0.262,5,557,2
yurtiçi kargo eryaman 3 etap,SİTE / proje / etap adı,0.262,5,559,2
eryaman 1 etap aktürk blokları,SİTE / proje / etap adı,0.262,5,559,2
eryaman 1 etap kiralık,KİRALIK mülk arayan,0.262,5,559,2
eryaman 1 etap posta kodu,SİTE / proje / etap adı,0.262,5,559,2
eryaman 2 etap 1 1 kiralık daire,KİRALIK mülk arayan,0.262,5,559,2
ankara eryaman 2 etap satılık daire,SATILIK mülk arayan,0.262,5,558,2
etimesgut belediyesi emlak vergisi online ödeme,EMLAK VERGİSİ / resmi işlem,0.262,5,559,2
etimesgut belediyesi emlak servisi,EMLAK VERGİSİ / resmi işlem,0.262,5,559,2
etimesgut yeşilova mahallesi satılık daire,SATILIK mülk arayan,0.262,5,559,2
ankara etimesgut toki satılık daire sahibinden,SATILIK mülk arayan,0.262,5,557,2
etimesgut yeni bağlıca kiralık daire,KİRALIK mülk arayan,0.262,5,558,2
etimesgut kazim karabekir kiralık daire sahibinden 3 1,KİRALIK mülk arayan,0.262,5,558,2
etimesgut kelebek su parkı kiralık daire,KİRALIK mülk arayan,0.262,5,557,2
yeni batı mahallesi satılık arsa,SATILIK mülk arayan,0.262,5,559,2
sahibinden yeni batı kiralık daire,KİRALIK mülk arayan,0.262,5,559,2
ankara eryaman buse konutları satılık,SATILIK mülk arayan,0.262,5,559,2
ankara eryaman tunahan mahallesi satılık daire,SATILIK mülk arayan,0.262,5,559,2
eryaman satilik ofis,SATILIK mülk arayan,0.261,5,552,2
sahibinden satılık daire eryaman devlet mahallesi,SATILIK mülk arayan,0.261,5,555,2
eryaman 5 satilik daire,SATILIK mülk arayan,0.261,5,550,2
eryaman 5 metro yakını kiralık daire,KİRALIK mülk arayan,0.261,5,554,2
eryaman etap,SİTE / proje / etap adı,0.261,5,550,2
eryaman 3 etap nerede,SİTE / proje / etap adı,0.261,5,552,2
eryaman 5 etap age blokları,SİTE / proje / etap adı,0.261,5,556,2
etimesgut istasyon mahallesi günlük kiralık daire,KİRALIK mülk arayan,0.261,5,553,2
etimesgut kazım karabekir mahallesi kiralık daire 3 1,KİRALIK mülk arayan,0.261,5,556,2
ankara eryaman yeni batı mahallesi satılık daire,SATILIK mülk arayan,0.261,5,555,2
ankara eryaman göksu park evleri satılık,SATILIK mülk arayan,0.261,5,555,2
eryaman günlük ev daire etimesgut yorumları,Diğer,0.255,8,554,4
eryaman satılık bina,SATILIK mülk arayan,0.253,3,600,1
eryaman mahallesi satılık daire,SATILIK mülk arayan,0.253,3,600,1
eryaman susuz satılık daire,SATILIK mülk arayan,0.253,3,600,1
eryaman sitesi satılık daire,SATILIK mülk arayan,0.253,7,601,3
bahçen eryaman satılık 4 1,SATILIK mülk arayan,0.253,3,600,1
eryaman en iyi lise,Diğer,0.253,3,600,1
eryaman en iyi psikolog,Diğer,0.253,3,600,1
eryaman 3 etap taksi,SİTE / proje / etap adı,0.253,3,600,1
eryaman 2 etap soyak sitesi satılık,SATILIK mülk arayan,0.253,3,600,1
eryaman konut taksi telefon,Diğer,0.253,3,601,1
eryaman atakent emlak,Diğer,0.248,3,558,1
eryaman beyaz emlak,Diğer,0.248,3,559,1
eryaman dekor emlak,Diğer,0.248,3,557,1
eryaman elif emlak,Diğer,0.248,3,558,1
eryaman kırmızı emlak,Diğer,0.248,3,559,1
alaçatı emlak eryaman satılık daire,SATILIK mülk arayan,0.248,3,557,1
eryaman yıldırım gayrimenkul,Diğer,0.248,3,560,1
eryaman inci life satılık daire,SATILIK mülk arayan,0.248,7,557,3
eryaman mavi orkide satılık,SATILIK mülk arayan,0.248,3,557,1
eryaman 2 1 satilik sahibinden,SATILIK mülk arayan,0.248,3,558,1
eryaman kutlutaş blokları kiralık daire,KİRALIK mülk arayan,0.248,7,557,3
eryaman concept kiralık daire,KİRALIK mülk arayan,0.248,3,561,1
eryaman oyak kiralık,KİRALIK mülk arayan,0.248,3,559,1
eryaman port kiralık,KİRALIK mülk arayan,0.248,3,561,1
eryaman relax kiralık,KİRALIK mülk arayan,0.248,3,561,1
eryaman yeşilova kiralık,KİRALIK mülk arayan,0.248,3,561,1
eryaman 2 kiralık daireler,KİRALIK mülk arayan,0.248,3,561,1
başpınar eryaman satılık daire,SATILIK mülk arayan,0.248,3,561,1
eryaman cumhuriyet sitesi satılık daire,SATILIK mülk arayan,0.248,3,561,1
eryaman çiğdem sitesi satılık daire,SATILIK mülk arayan,0.248,3,560,1
eryaman doğapark satılık daire,SATILIK mülk arayan,0.248,3,561,1
gamador eryaman satılık daire,SATILIK mülk arayan,0.248,3,561,1
eryaman mah satılık daire,SATILIK mülk arayan,0.248,3,561,1
nil aura eryaman satılık daire,SATILIK mülk arayan,0.248,3,561,1
eryaman optimum satılık daire,SATILIK mülk arayan,0.248,3,561,1
eryaman öztaş blokları satılık daire,SATILIK mülk arayan,0.248,3,561,1
palas eryaman satılık daire,SATILIK mülk arayan,0.248,3,561,1
remax eryaman satılık daire,SATILIK mülk arayan,0.248,3,561,1
eryaman da kiralık daire fiyatları,KİRALIK mülk arayan,0.248,3,561,1
eryaman havuzlu evler kiralık daire,KİRALIK mülk arayan,0.248,3,557,1
eryaman özgimat sitesi kiralık daire,KİRALIK mülk arayan,0.248,3,557,1
eryaman da ev kiraları,Diğer,0.248,3,561,1
eryaman gecelik ev,Diğer,0.248,3,559,1
eryaman saatlik ev,Diğer,0.248,3,561,1
eryaman 1 1 ev kiralık,KİRALIK mülk arayan,0.248,3,559,1
eryaman beşinci etap,SİTE / proje / etap adı,0.248,3,561,1
eryaman 5 etap kur sitesi kiralık daire,KİRALIK mülk arayan,0.248,7,557,3
eryaman 3 etap yönetim,SİTE / proje / etap adı,0.248,3,561,1
eryaman 1 etap pazar yeri yol tarifi,SİTE / proje / etap adı,0.248,7,557,3
eryaman 1 etap toki,SİTE / proje / etap adı,0.248,3,559,1
eryaman 2 etap ptt,SİTE / proje / etap adı,0.248,3,559,1
eryaman 2 etap terzi,SİTE / proje / etap adı,0.248,3,560,1
eryaman 3 etap aspava,SİTE / proje / etap adı,0.248,3,561,1
eryaman 3 etap metro,SİTE / proje / etap adı,0.248,3,561,1
eryaman 3 etap satılık,SATILIK mülk arayan,0.248,3,561,1
eryaman 4 etap tekel,SİTE / proje / etap adı,0.248,3,559,1
etimesgut alsancak emlak,Diğer,0.248,3,560,1
ankara etimesgut emlak ofisleri,EMLAKÇI / OFİS arayan,0.248,3,557,1
etimesgut belediyesi emlak ödeme,EMLAK VERGİSİ / resmi işlem,0.248,3,560,1
yuvam emlak etimesgut resimleri,Diğer,0.248,3,557,1
etimesgut ayyıldız satılık daire,SATILIK mülk arayan,0.248,3,561,1
etimesgut balıkuyumcu satılık daire,SATILIK mülk arayan,0.248,3,561,1
etimesgut emirler satılık daire,SATILIK mülk arayan,0.248,3,559,1
etimesgut ahi mesut satılık daire,SATILIK mülk arayan,0.248,3,561,1
etimesgut elvan mahallesinde satılık daire,SATILIK mülk arayan,0.248,3,561,1
etimesgut topçu satılık daire,SATILIK mülk arayan,0.248,3,559,1
etimesgut yukarıyurtçu satılık daire,SATILIK mülk arayan,0.248,3,561,1
etimesgut bahçekapı mahallesi kiralık daire,KİRALIK mülk arayan,0.248,3,560,1
etimesgut etiler de kiralık daire,KİRALIK mülk arayan,0.248,3,558,1
ankara etimesgut kiralık daire elvankent,KİRALIK mülk arayan,0.248,3,561,1
etimesgut mahallesi kiralık daire,KİRALIK mülk arayan,0.248,3,561,1
etimesgut teraslı kiralık daire,KİRALIK mülk arayan,0.248,3,561,1
etimesgut yenimahalle kiralık daire,KİRALIK mülk arayan,0.248,3,561,1
yeni batı astim satılık,SATILIK mülk arayan,0.248,3,561,1
yeni batı satılık 1 1 daire,SATILIK mülk arayan,0.248,3,559,1
ankara yeni batı kiralık,KİRALIK mülk arayan,0.248,3,560,1
yeni batı mahallesi kiralık müstakil,KİRALIK mülk arayan,0.248,3,561,1
ankara eryaman saatlik ev,Diğer,0.248,3,559,1
ankara eryaman göldekent satılık daireler,SATILIK mülk arayan,0.248,3,560,1
ankara eryaman köyü satılık daireler,SATILIK mülk arayan,0.248,3,561,1
ankara eryaman metrokent satılık daire,SATILIK mülk arayan,0.248,3,561,1
ankara eryaman topraktan satılık daireler,SATILIK mülk arayan,0.248,3,558,1
ankara eryaman devlet mahallesi kiralık daire,KİRALIK mülk arayan,0.248,3,560,1
ankara eryaman 2 1 kiralık daire,KİRALIK mülk arayan,0.248,3,560,1
ankara eryaman turyap emlak,Diğer,0.247,3,554,1
eryaman ınşaat gayrimenkul,Diğer,0.247,3,555,1
eryaman nil my home satılık daire,SATILIK mülk arayan,0.247,7,556,3
eryaman happy life satılık daire,SATILIK mülk arayan,0.247,7,555,3
relax eryaman satılık 1 0,SATILIK mülk arayan,0.247,3,552,1
eryaman satılık evler susuz,SATILIK mülk arayan,0.247,7,556,3
eryaman şeyh şamil kiralık,KİRALIK mülk arayan,0.247,3,556,1
bahçen eryaman kiralık 4 1,KİRALIK mülk arayan,0.247,3,552,1
eryaman fırat resıdence günlük kiralık yorumlar,KİRALIK mülk arayan,0.247,3,555,1
satılık daire eryaman etimesgut yakınında,SATILIK mülk arayan,0.247,7,555,3
eryaman mil koop sitesi satılık,SATILIK mülk arayan,0.247,3,552,1
eryaman şelale evleri kiralık daire,KİRALIK mülk arayan,0.247,3,556,1
eryaman 1 0 kiralık,KİRALIK mülk arayan,0.247,3,551,1
eryaman da sahibinden satılık ev,SATILIK mülk arayan,0.247,3,554,1
eryaman susuz kiralık ev,KİRALIK mülk arayan,0.247,3,555,1
eryaman 1 2 ev,Diğer,0.247,3,555,1
eryamanda ne var,Diğer,0.247,3,551,1
ankara eryaman da daire fiyatları,FİYAT / piyasa araştırması,0.247,3,554,1
eryaman lüks daire,Diğer,0.247,3,552,1
kiralık daire eryaman mahallesi,KİRALIK mülk arayan,0.247,3,556,1
eryaman da kaç etap var,SİTE / proje / etap adı,0.247,3,551,1
eryaman kiralık 1 1 daire,KİRALIK mülk arayan,0.247,3,551,1
eryaman kıralık villa,KİRALIK mülk arayan,0.247,3,550,1
eryaman port avm satılık dükkan,SATILIK mülk arayan,0.247,3,556,1
eryaman port avm kiralık dükkan,KİRALIK mülk arayan,0.247,3,556,1
eryaman kat karşılığı arsa,TİCARİ (dükkan / iş yeri / arsa),0.247,3,551,1
eryaman 5 iş ilanları,Diğer,0.247,3,551,1
eryaman villa kiralık,KİRALIK mülk arayan,0.247,3,550,1
eryaman safir rezidans,SİTE / proje / etap adı,0.247,3,556,1
eryaman has tarhan rezidans,SİTE / proje / etap adı,0.247,3,555,1
yıldız eryaman rezidans,SİTE / proje / etap adı,0.247,3,555,1
eryaman 1 1 rezidans kiralık,KİRALIK mülk arayan,0.247,3,553,1
eryaman oto koltuk yıkama,Diğer,0.247,3,550,1
eryaman göktürk parkı,Diğer,0.247,3,550,1
eryaman oteli,Diğer,0.247,3,550,1
eryaman jakuzili,Diğer,0.247,3,550,1
eryaman stadyumu oturma düzeni,Diğer,0.247,3,550,1
eryaman voga,Diğer,0.247,3,550,1
eryaman 1 2 yorumlar,Diğer,0.247,3,551,1
eryaman 4 cadde,Diğer,0.247,3,550,1
eryaman 641,Diğer,0.247,3,551,1
eryaman nerede bulunur,SEMT / yaşam araştırması,0.247,3,550,1
eryaman kaç km kare,Diğer,0.247,3,551,1
eryaman hangi otobüs gider,Diğer,0.247,3,551,1
eryaman ne tarafta,Diğer,0.247,3,550,1
eryaman mı batıkent mi,Diğer,0.247,3,550,1
eryaman otel fiyatlari,FİYAT / piyasa araştırması,0.247,3,550,1
eryaman ucuzluk pazarı,FİYAT / piyasa araştırması,0.247,3,551,1
eryaman ortaokul tavsiye,SEMT / yaşam araştırması,0.247,3,550,1
eryaman oy oranları,Diğer,0.247,3,551,1
eryaman en iyi burger,Diğer,0.247,3,551,1
eryaman en iyi san sebastian,Diğer,0.247,3,553,1
eryaman göksu kaçıncı etap,SİTE / proje / etap adı,0.247,3,554,1
eryaman 1 etap çilingir,SİTE / proje / etap adı,0.247,3,555,1
eryaman 1 etap toplu konut yönetimi,SİTE / proje / etap adı,0.247,3,551,1
domino's pizza 3 etap eryaman yorumları,SİTE / proje / etap adı,0.247,3,554,1
eryaman 3 etap concept,SİTE / proje / etap adı,0.247,3,550,1
sahibinden eryaman 3.etap,SİTE / proje / etap adı,0.247,3,551,1
ankara eryaman 4 etap,SİTE / proje / etap adı,0.247,3,556,1
eryaman 4 etap avm,SİTE / proje / etap adı,0.247,3,551,1
eryaman 5 etap metro yol tarifi,SİTE / proje / etap adı,0.247,7,556,3
ankara eryaman havuzlu site,Diğer,0.247,3,556,1
eryaman yeni site,Diğer,0.247,3,550,1
toki eryaman satılık konut,SATILIK mülk arayan,0.247,3,556,1
eryaman toplu konut yönetimi,SİTE / proje / etap adı,0.247,3,555,1
eryaman konakları,Diğer,0.247,3,552,1
eryaman mermer,Diğer,0.247,3,551,1
eryaman metroya yakın mahalleler,SEMT / yaşam araştırması,0.247,3,551,1
eryaman evleri metrokent sitesi,SİTE / proje / etap adı,0.247,3,551,1
eryaman evleri kat planı,Diğer,0.247,3,551,1
eryaman 2 inönü cad satılık daire,SATILIK mülk arayan,0.247,3,551,1
eryaman 2m migros,Diğer,0.247,3,551,1
eryaman dekorasyon,Diğer,0.247,3,551,1
eryaman deprem,Diğer,0.247,3,551,1
eryaman inşaat şikayet,EMLAKÇI / OFİS arayan,0.247,3,551,1
eryaman tarman konutları,SİTE / proje / etap adı,0.247,3,550,1
eryaman yenikent,Diğer,0.247,3,551,1
eryaman lansman,Diğer,0.247,3,551,1
eryaman zemini,Diğer,0.247,3,551,1
eryaman mahallesi kaçıncı etapta,Diğer,0.247,3,551,1
eryaman evleri kent konakları,Diğer,0.247,3,551,1
etimesgut belediyesi emlak dairesi,EMLAK VERGİSİ / resmi işlem,0.247,3,556,1
hürriyet emlak etimesgut etiler mah satılık daire,SATILIK mülk arayan,0.247,3,554,1
etimesgut belediyesi emlak vergisi muafiyeti,EMLAK VERGİSİ / resmi işlem,0.247,3,556,1
etimesgut fatih sultan mahallesi satılık daire,SATILIK mülk arayan,0.247,3,554,1
etimesgut site içi satılık daire,SATILIK mülk arayan,0.247,3,555,1
etimesgut şeyh şamil mahallesi satılık daire,SATILIK mülk arayan,0.247,3,555,1
etimesgut güvercinlik kiralık daire,KİRALIK mülk arayan,0.247,3,555,1
etimesgut otuz ağustos mahallesi kiralık daire,KİRALIK mülk arayan,0.247,3,555,1
etimesgut meva şehir kiralık daire,KİRALIK mülk arayan,0.247,3,556,1
etimesgut 4 1 kiralık daireler,KİRALIK mülk arayan,0.247,3,550,1
etimesgut kiralık dair,KİRALIK mülk arayan,0.247,3,550,1
etimesgut kiralık ev ilanları,KİRALIK mülk arayan,0.247,3,550,1
etimesgut kiralık kapıcı dairesi,KİRALIK mülk arayan,0.247,3,551,1
hittown yeni batı satılık,SATILIK mülk arayan,0.247,3,556,1
atk yeni batı plus satılık,SATILIK mülk arayan,0.247,3,554,1
yenimahalle yeni batı satılık daire,SATILIK mülk arayan,0.247,3,554,1
yeni batı mh satılık villa,SATILIK mülk arayan,0.247,3,552,1
yeni batı sahibinden,Diğer,0.247,3,551,1
yeni batı sahibinden kiralık,KİRALIK mülk arayan,0.247,3,553,1
eryaman ankara nereye bağli,Diğer,0.247,3,551,1
ankara eryaman şelale evleri satılık daire,SATILIK mülk arayan,0.247,3,556,1
ankara eryaman lüx satılık daire,SATILIK mülk arayan,0.247,3,554,1
ankara eryaman 2 etapta satılık daireler,SATILIK mülk arayan,0.247,3,555,1
ankara eryaman 5 satılık ev,SATILIK mülk arayan,0.247,3,551,1
referans ankara eryaman kiralık,KİRALIK mülk arayan,0.247,3,556,1
ankara eryaman toki kiralık daireler,KİRALIK mülk arayan,0.247,3,553,1
ankara eryaman 4 etap kiralık daire,KİRALIK mülk arayan,0.247,3,551,1
ankara eryaman 5 etap kiralık daire,KİRALIK mülk arayan,0.247,3,552,1
susuz satılık tarla,SATILIK mülk arayan,0.247,3,551,1
susuz sahibinden satılık daire,SATILIK mülk arayan,0.247,3,551,1
eryaman kiralık eşya deposu,KİRALIK mülk arayan,0.24,4,950,1
eryaman evleri sitesinde satılık daireler,SATILIK mülk arayan,0.23,8,1151,2
eryaman en iyi dondurmacı,Diğer,0.227,5,1250,1
eryaman en iyi kreş,Diğer,0.227,5,1250,1
eryaman arissa satılık daire,SATILIK mülk arayan,0.224,6,558,2
eryaman erland satılık daire,SATILIK mülk arayan,0.224,6,558,2
eryaman mercan life satılık daire,SATILIK mülk arayan,0.224,6,558,2
eryaman mesa satılık daire,SATILIK mülk arayan,0.224,6,558,2
eryaman bulvar 312 satılık daire,SATILIK mülk arayan,0.224,6,554,2
eryaman armonia kiralık daire,KİRALIK mülk arayan,0.224,6,558,2
eryaman malazgirt caddesi kiralık daire,KİRALIK mülk arayan,0.224,6,557,2
eryaman günlük kiralık rezidans,KİRALIK mülk arayan,0.224,6,558,2
eryaman köroğlu kiralık daire,KİRALIK mülk arayan,0.224,6,558,2
eryaman golden life kiralık daire,KİRALIK mülk arayan,0.224,6,555,2
eryaman metro kiralik daire,KİRALIK mülk arayan,0.224,6,558,2
eryaman atakent 2 kiralık daire,KİRALIK mülk arayan,0.224,6,554,2
ankara eryaman satılık daire 1 1,SATILIK mülk arayan,0.224,6,558,2
ankara eryaman kiralık daire 1 1,KİRALIK mülk arayan,0.224,6,558,2
eryaman eşyalı kiralık daire sahibinden,KİRALIK mülk arayan,0.224,6,558,2
eryaman altay mahallesi satılık ev,SATILIK mülk arayan,0.224,6,556,2
eryaman altay mahallesi kiralık ev,KİRALIK mülk arayan,0.224,6,555,2
ankara eryaman rezidans kiralık,KİRALIK mülk arayan,0.224,6,556,2
ankara eryaman en iyi ortaokul,SEMT / yaşam araştırması,0.224,6,555,2
eryaman 3 etap berber,SİTE / proje / etap adı,0.224,6,558,2
eryaman 3 etap erkek kuaförü,SİTE / proje / etap adı,0.224,6,558,2
eryaman 4 etap taksi,SİTE / proje / etap adı,0.224,6,558,2
eryaman 1 etap age blokları,SİTE / proje / etap adı,0.224,6,558,2
eryaman 1 etap kuru temizleme,SİTE / proje / etap adı,0.224,6,558,2
eryaman 3 etap santral mağazası,SİTE / proje / etap adı,0.224,6,558,2
eryaman 4 etap stfa blokları,SİTE / proje / etap adı,0.224,6,558,2
eryaman 4 etap yardımcı blokları,SİTE / proje / etap adı,0.224,6,556,2
eryaman 4. etap kuru temizleme,SİTE / proje / etap adı,0.224,6,555,2
eryaman 4 etap pazar yeri,SİTE / proje / etap adı,0.224,6,556,2
eryaman 5 etap maydonoz döner,SİTE / proje / etap adı,0.224,6,558,2
eryaman mcdonalds 5 etap telefon,SİTE / proje / etap adı,0.224,6,555,2
etimesgut belediyesi emlak vergisi sorgulama,EMLAK VERGİSİ / resmi işlem,0.224,6,558,2
etimesgut belediyesi emlak vergisi ödeme e devlet,EMLAK VERGİSİ / resmi işlem,0.224,6,557,2
etimesgut burç konutları satılık daire,SATILIK mülk arayan,0.224,6,557,2
ankara etimesgut kiralık daire 1 1,KİRALIK mülk arayan,0.224,6,558,2
etimesgut 2 1 kiralık daire sahibinden eşyali diyarbakır,KİRALIK mülk arayan,0.224,6,554,2
ankara yeni batı satılık villa,SATILIK mülk arayan,0.224,6,555,2
ankara eryaman göl manzaralı satılık daire,SATILIK mülk arayan,0.224,6,557,2
ankara eryaman inci park evleri satılık,SATILIK mülk arayan,0.224,6,554,2
ankara eryaman tunahan sitesi satılık daire,SATILIK mülk arayan,0.224,6,556,2
ankara eryaman altay mahallesi kiralık daireler,KİRALIK mülk arayan,0.224,6,557,2
eryaman evleri satılık 21,SATILIK mülk arayan,0.22,8,556,3
ankara eryaman 1 etap satılık daireler,SATILIK mülk arayan,0.22,8,553,3
eryaman konut taksi yorumlar,Diğer,0.203,4,600,1
eryaman konutları satılık daireler,SATILIK mülk arayan,0.201,7,601,2
eryaman arı emlak,Diğer,0.198,4,557,1
eryaman borsem emlak,Diğer,0.198,4,558,1
eryaman doğan emlak,Diğer,0.198,4,556,1
eryaman empa emlak,Diğer,0.198,4,557,1
eryaman ışıl emlak,Diğer,0.198,4,555,1
eryaman imaj emlak,Diğer,0.198,4,557,1
koçak emlak eryaman satılık daire,SATILIK mülk arayan,0.198,4,556,1
ankara eryaman yuvam emlak,Diğer,0.198,4,556,1
eryaman ankara satılık daire,SATILIK mülk arayan,0.198,4,560,1
eryaman canberk satılık,SATILIK mülk arayan,0.198,4,560,1
eryaman goksu satilik,SATILIK mülk arayan,0.198,4,560,1
eryaman köy içi satılık daireler,SATILIK mülk arayan,0.198,4,553,1
eryaman maybak satılık,SATILIK mülk arayan,0.198,4,560,1
eryaman arya nüans satılık,SATILIK mülk arayan,0.198,4,558,1
eryaman polsanda satılık daireler,SATILIK mülk arayan,0.198,4,560,1
eryaman relax satılık,SATILIK mülk arayan,0.198,4,560,1
eryaman sahibinden satılık daire,SATILIK mülk arayan,0.198,4,560,1
eryaman meva şehir satılık,SATILIK mülk arayan,0.198,4,553,1
eryaman 11 satilik sahibinden,SATILIK mülk arayan,0.198,4,560,1
eryaman 21 satilik sahibinden,SATILIK mülk arayan,0.198,4,560,1
bahçen eryaman satılık 3 1,SATILIK mülk arayan,0.198,4,556,1
eryaman oyak 555 satılık 2 1,SATILIK mülk arayan,0.198,4,555,1
eryaman ankara kiralık daire,KİRALIK mülk arayan,0.198,4,560,1
eryaman kiralık manitou,KİRALIK mülk arayan,0.198,4,560,1
eryaman kiralık eşyalı ev,KİRALIK mülk arayan,0.198,4,553,1
eryaman polsan kiralık,KİRALIK mülk arayan,0.198,4,560,1
eryaman relax kiralık daire,KİRALIK mülk arayan,0.198,4,560,1
eryaman toki kiralık,KİRALIK mülk arayan,0.198,4,557,1
meydan eryaman kiralık 2 1,KİRALIK mülk arayan,0.198,4,560,1
meydan eryaman kiralık 3 1,KİRALIK mülk arayan,0.198,4,554,1
eryaman cumhuriyet mahallesi satılık daire,SATILIK mülk arayan,0.198,4,560,1
eryaman çağkent sitesi satılık daire,SATILIK mülk arayan,0.198,4,559,1
eryaman da satılık daire fiyatları,SATILIK mülk arayan,0.198,4,560,1
eryaman ilke sitesi satılık daire,SATILIK mülk arayan,0.198,4,560,1
meydan eryaman satılık daire,SATILIK mülk arayan,0.198,4,560,1
eryaman oyak sitesi satılık daire,SATILIK mülk arayan,0.198,4,560,1
eryaman özgimat sitesi satılık daire,SATILIK mülk arayan,0.198,4,560,1
ritim eryaman satılık daire,SATILIK mülk arayan,0.198,4,560,1
eryaman satılık stüdyo daire,SATILIK mülk arayan,0.198,4,560,1
eryaman şelale evleri satılık daire,SATILIK mülk arayan,0.198,4,559,1
vera plus eryaman satılık daire,SATILIK mülk arayan,0.198,4,557,1
eryaman da kiralık daire sahibinden,KİRALIK mülk arayan,0.198,4,560,1
eryaman erland kiralık daire,KİRALIK mülk arayan,0.198,4,557,1
eryaman gökdemir kiralık daire,KİRALIK mülk arayan,0.198,4,556,1
eryaman havayolları sitesi kiralık daire,KİRALIK mülk arayan,0.198,4,556,1
eryaman ilke sitesi kiralık daire,KİRALIK mülk arayan,0.198,4,557,1
eryaman metrokent kiralık daire,KİRALIK mülk arayan,0.198,4,560,1
eryaman şeker mahallesi günlük kiralık daire,KİRALIK mülk arayan,0.198,4,555,1
eryaman tunahan sitesi kiralık daire,KİRALIK mülk arayan,0.198,4,558,1
sahibinden satılık ev ankara eryaman,SATILIK mülk arayan,0.198,4,558,1
eryaman da satılık müstakil ev,SATILIK mülk arayan,0.198,4,553,1
günlük kiralık ev ankara eryaman,KİRALIK mülk arayan,0.198,4,558,1
eryaman spor sitesi kiralık ev,KİRALIK mülk arayan,0.198,4,554,1
eryaman apart ev,Diğer,0.198,4,560,1
eryaman da ev yemekleri,Diğer,0.198,4,560,1
eryaman günlük ev daire etimesgut resimleri,Diğer,0.198,9,553,3
eryaman ev yemekleri sipariş,Diğer,0.198,4,559,1
sahibinden kiralık daire eryaman mahallesi,KİRALIK mülk arayan,0.198,4,555,1
eryaman 1 1 daire kiralık,KİRALIK mülk arayan,0.198,4,560,1
eryaman dolphin avm satılık dükkan,SATILIK mülk arayan,0.198,4,555,1
ankara eryaman güzelkent satılık villa,SATILIK mülk arayan,0.198,4,553,1
eryaman yavuz selim mahallesi satılık villa,SATILIK mülk arayan,0.198,4,553,1
ankara eryaman fırat rezidans,SİTE / proje / etap adı,0.198,4,556,1
eryaman kıratlı rezidans kiralık,KİRALIK mülk arayan,0.198,4,560,1
eryaman en iyi pasta,Diğer,0.198,4,553,1
eryaman birinci etap kiralık daire,KİRALIK mülk arayan,0.198,4,560,1
eryaman 3 etap center,SİTE / proje / etap adı,0.198,4,557,1
eryaman 3 etap çarşı,SİTE / proje / etap adı,0.198,4,560,1
eryaman ata mahallesi kaçıncı etap,SİTE / proje / etap adı,0.198,4,553,1
ankara eryaman 1 etap kiralık daireler,KİRALIK mülk arayan,0.198,9,554,3
eryaman 1 etap köylü pazarı,SİTE / proje / etap adı,0.198,4,560,1
eryaman 1 etap muhtarlığı,SİTE / proje / etap adı,0.198,4,560,1
eryaman 1.etap tekel,SİTE / proje / etap adı,0.198,4,558,1
ankara eryaman 2 etap,SİTE / proje / etap adı,0.198,4,559,1
eryaman 2 etap kuaför,SİTE / proje / etap adı,0.198,4,559,1
eryaman 2 etap spor salonu,SİTE / proje / etap adı,0.198,4,560,1
eryaman 3 etap anaokulları,SİTE / proje / etap adı,0.198,4,560,1
eryaman 3. etap çiçek,SİTE / proje / etap adı,0.198,4,556,1
eryaman 3 etap murat kuaför,SİTE / proje / etap adı,0.198,4,560,1
öğütler eryaman 3 etap,SİTE / proje / etap adı,0.198,4,555,1
eryaman 3 etap spor salonu,SİTE / proje / etap adı,0.198,4,560,1
eryaman 3 etap tekel,SİTE / proje / etap adı,0.198,4,560,1
eryaman 4 etap kiralık,KİRALIK mülk arayan,0.198,4,557,1
eryaman 4 etap ptt,SİTE / proje / etap adı,0.198,4,558,1
eryaman 5 etap kiralık,KİRALIK mülk arayan,0.198,4,560,1
etimesgut aytekin emlak,Diğer,0.198,4,559,1
sr emlak etimesgut kiralik daireler,KİRALIK mülk arayan,0.198,4,558,1
emlak merkezin etimesgut,Diğer,0.198,4,555,1
etimesgut emlak vergisi odeme,EMLAK VERGİSİ / resmi işlem,0.198,4,556,1
onur emlak etimesgut resimleri,Diğer,0.198,4,556,1
ankara etimesgut satılık daire fiyatları,SATILIK mülk arayan,0.198,4,560,1
etimesgut bulvarı satılık daire,SATILIK mülk arayan,0.198,4,560,1
etimesgut ayyıldız mahallesi satılık daire,SATILIK mülk arayan,0.198,4,560,1
etimesgut ayyıldız mahallesinde satılık daire,SATILIK mülk arayan,0.198,4,560,1
etimesgut palmiye evleri satılık daire,SATILIK mülk arayan,0.198,4,560,1
etimesgut saraycık satılık daire,SATILIK mülk arayan,0.198,4,557,1
etimesgut turkuaz satılık daire,SATILIK mülk arayan,0.198,4,558,1
etimesgut yaşamkent satılık daire,SATILIK mülk arayan,0.198,4,560,1
sahibinden satılık daire 2 1 etimesgut ankara,SATILIK mülk arayan,0.198,4,553,1
ankara etimesgut kiralık daire sahibinden,KİRALIK mülk arayan,0.198,4,560,1
etimesgut bağlıca eşyalı kiralık daire,KİRALIK mülk arayan,0.198,4,559,1
etimesgut süvari de kiralık daire,KİRALIK mülk arayan,0.198,4,557,1
etimesgut istasyon mahallesi kiralık daire sahibinden,KİRALIK mülk arayan,0.198,4,556,1
alize konutları etimesgut kiralık daire,KİRALIK mülk arayan,0.198,4,559,1
etimesgut plevne mahallesi kiralık daire,KİRALIK mülk arayan,0.198,4,556,1
etimesgut kiralık rezidans,KİRALIK mülk arayan,0.198,4,554,1
etimesgut ta kiralık daire fiyatları,KİRALIK mülk arayan,0.198,4,560,1
etimesgut şeyh şamil mahallesi kiralık daire,KİRALIK mülk arayan,0.198,4,555,1
etimesgut yeşilova sahibinden kiralık daire,KİRALIK mülk arayan,0.198,4,560,1
etimesgut 30 ağustos mahallesi kiralık daire 3 1,KİRALIK mülk arayan,0.198,4,556,1
yeni batı atayıldız satılık,SATILIK mülk arayan,0.198,4,560,1
hit yapı yeni batı satılık,SATILIK mülk arayan,0.198,4,555,1
ahsenler yeni batı konutları satılık,SATILIK mülk arayan,0.198,4,557,1
yeni batı mahallesi satılık daire 4 1,SATILIK mülk arayan,0.198,4,557,1
ankara eryaman eston blokları satılık daire,SATILIK mülk arayan,0.198,4,558,1
ankara eryaman kc evleri satılık daire,SATILIK mülk arayan,0.198,9,555,3
ankara eryaman gamador satılık daire,SATILIK mülk arayan,0.198,4,559,1
ankara eryaman ilke sitesi satılık daire,SATILIK mülk arayan,0.198,4,555,1
ankara eryaman devlet mahallesi satılık daire,SATILIK mülk arayan,0.198,4,560,1
ankara eryaman yavuz selim mahallesi satılık daire,SATILIK mülk arayan,0.198,4,556,1
sahibinden satılık daire ankara eryaman 2 1,SATILIK mülk arayan,0.198,4,554,1
ankara eryaman da sahibinden satılık evler,SATILIK mülk arayan,0.198,4,554,1
ankara eryaman ata mahallesi kiralık daire,KİRALIK mülk arayan,0.198,4,556,1
ankara eryaman eşyalı kiralık,KİRALIK mülk arayan,0.198,4,560,1
ankara eryaman günlük kiralık,KİRALIK mülk arayan,0.198,4,560,1
eryaman susuz ata mahallesi satılık daire,SATILIK mülk arayan,0.198,4,554,1
eryaman utku sitesi satılık,SATILIK mülk arayan,0.197,4,551,1
eryaman hangi mahalle,SEMT / yaşam araştırması,0.197,4,550,1
eryaman 5 sahibinden satılık daire,SATILIK mülk arayan,0.197,4,551,1
eryaman kiralık araba,KİRALIK mülk arayan,0.197,4,552,1
eryaman kiralik 1 1,KİRALIK mülk arayan,0.197,4,550,1
eryaman arsa,TİCARİ (dükkan / iş yeri / arsa),0.197,4,551,1
ankara satılık arsa eryaman,SATILIK mülk arayan,0.197,4,550,1
eryaman 1 1 rezidans,SİTE / proje / etap adı,0.197,4,552,1
eryaman 13,Diğer,0.197,4,550,1
eryaman 3 4 5,Diğer,0.197,4,550,1
eryaman 5 yıldızlı oteller,Diğer,0.197,4,550,1
eryaman 7 kattan düşen kadın,Diğer,0.197,4,550,1
eryaman hangi otobüs gidiyor,Diğer,0.197,4,550,1
eryaman kaç yaşında,Diğer,0.197,4,550,1
eryaman oy oranı,Diğer,0.197,4,550,1
sahibinden eryaman konaklama,Diğer,0.197,4,550,1
eryaman yaşamkent arası kaç km,Diğer,0.197,4,550,1
ankara eryaman nasil bir yer,SEMT / yaşam araştırması,0.197,4,550,1
eryaman en iyi tatlici,Diğer,0.197,4,551,1
ankara eryaman 8 etap,SİTE / proje / etap adı,0.197,4,550,1
eryaman 2 etap camcı,SİTE / proje / etap adı,0.197,4,552,1
eryaman 2 etapta satılık daireler,SATILIK mülk arayan,0.197,4,550,1
eryaman 2 etapta satılık daire,SATILIK mülk arayan,0.197,4,550,1
eryaman 4 etap çarşi,SİTE / proje / etap adı,0.197,4,551,1
eryaman 5 etap 1 1,SİTE / proje / etap adı,0.197,4,550,1
eryaman nereye,Diğer,0.197,4,550,1
eryaman mah 2 cadde,Diğer,0.197,4,550,1
eryaman 2 artı 1,Diğer,0.197,4,550,1
eryaman 2 metro,SEMT / yaşam araştırması,0.197,4,550,1
eryaman 2 el eşya satanlar,Diğer,0.197,4,550,1
eryaman deniz,Diğer,0.197,4,550,1
eryaman deprem bölgesi mi,Diğer,0.197,4,550,1
eryaman yapı yönetim,Diğer,0.197,4,550,1
eryaman yeni projeler,Diğer,0.197,4,550,1
eryaman yapı kooperatifi,Diğer,0.197,4,550,1
etimesgut tapu nerede,SEMT / yaşam araştırması,0.197,4,550,1
etimesgut tapu müdürlüğü yorumlar,Diğer,0.197,4,550,1
eryaman göksu kent sitesinde satılık daire,SATILIK mülk arayan,0.197,4,550,1
eryaman zemin,Diğer,0.197,4,550,1
eryaman evleri kent konakları sitesi,SİTE / proje / etap adı,0.197,4,550,1
etimesgut umut emlak,Diğer,0.197,4,552,1
etimesgut sahibinden satılık evler,SATILIK mülk arayan,0.197,4,551,1
etimesgut satilik daireler istasyon mahallesi,SATILIK mülk arayan,0.197,4,550,1
yeni batı mah satılık villa,SATILIK mülk arayan,0.197,4,551,1
yeni batı mahallesi sahibinden satılık,SATILIK mülk arayan,0.197,4,550,1
yeni batı mahallesi sahibinden kiralık daireler,KİRALIK mülk arayan,0.197,4,552,1
eryaman ankara 2 1 satılık,SATILIK mülk arayan,0.197,4,550,1
eryaman ankara nereye bağlı,Diğer,0.197,4,550,1
ankara eryaman satılık daıre,SATILIK mülk arayan,0.197,4,550,1
ankara eryaman 5 satılık daire,SATILIK mülk arayan,0.197,4,550,1
ankara eryaman 3 etap kiralık daire,KİRALIK mülk arayan,0.197,4,551,1
eryaman korsan taksi,Diğer,0.197,4,550,1
eryaman 1 1 satılık sıfır daireler,SATILIK mülk arayan,0.197,4,550,1
eryaman 2 el eşya pazarı etimesgut ankara,Diğer,0.197,4,550,1
eryaman ahsenler satılık daire,SATILIK mülk arayan,0.196,7,557,2
eryaman bağlıca satılık daire,SATILIK mülk arayan,0.196,7,557,2
eryaman malazgirt caddesi satılık daire,SATILIK mülk arayan,0.196,7,557,2
eryaman kaşmir satılık 2 1,SATILIK mülk arayan,0.196,7,557,2
eryaman törekent satılık daire,SATILIK mülk arayan,0.196,7,557,2
eryaman metromall yakını satılık daire,SATILIK mülk arayan,0.196,7,557,2
bahçen eryaman sahibinden satılık daire,SATILIK mülk arayan,0.196,7,554,2
eryaman kaşmir kiralık 2 1,KİRALIK mülk arayan,0.196,7,557,2
eryaman mobilyalı kiralık daire,KİRALIK mülk arayan,0.196,7,557,2
eryaman susuz kiralık daire,KİRALIK mülk arayan,0.196,7,557,2
eryaman twin towers kiralık daire,KİRALIK mülk arayan,0.196,7,554,2
eryaman metromall yakını kiralık daire,KİRALIK mülk arayan,0.196,7,557,2
eryaman da sahibinden kiralık 3 1 daireler hürriyet emlak,KİRALIK mülk arayan,0.196,7,555,2
eryaman okyanus plaza satılık daire,SATILIK mülk arayan,0.196,7,557,2
eryaman inci life günlük kiralık daire,KİRALIK mülk arayan,0.196,7,554,2
eryaman eşyali kiralık daire 11 sahibinden,KİRALIK mülk arayan,0.196,7,557,2
ankara eryaman rezidans satılık daireler,SATILIK mülk arayan,0.196,7,555,2
eryaman en iyi devlet ortaokulu,SEMT / yaşam araştırması,0.196,7,554,2
eryaman 1 etap mesa blokları satılık,SATILIK mülk arayan,0.196,7,557,2
eryaman 1 etap altay mahallesi,SİTE / proje / etap adı,0.196,7,557,2
eryaman 3 etap etimesgut ankara,SİTE / proje / etap adı,0.196,7,557,2
eryaman 3 etap halk eğitim merkezi,SİTE / proje / etap adı,0.196,7,555,2
eryaman 4 etap çarşı bilgisayar,SİTE / proje / etap adı,0.196,7,557,2
etimesgut emlak vergi borcu sorgulama,EMLAK VERGİSİ / resmi işlem,0.196,7,557,2
etimesgut yeni bağlıca satılık daire,SATILIK mülk arayan,0.196,7,557,2
etimesgut kelebek su parkı satılık daire,SATILIK mülk arayan,0.196,7,557,2
etimesgut eşyalı kiralık daire sahibinden,KİRALIK mülk arayan,0.196,7,556,2
etimesgut trene yakın kiralık daire,KİRALIK mülk arayan,0.196,7,557,2
ankara yeni batı mahallesi kiralık daire,KİRALIK mülk arayan,0.196,7,557,2
ankara eryaman atakent sitesi satılık daire,SATILIK mülk arayan,0.196,7,557,2
ankara eryaman da satılık 1 1 rezidans daire fiyatları,SATILIK mülk arayan,0.196,7,554,2
ankara eryaman göksu mahallesi kiralık daire,KİRALIK mülk arayan,0.196,7,556,2
ankara eryaman 1 1 eşyalı kiralık daire sahibinden,KİRALIK mülk arayan,0.196,7,553,2
eryaman kiralık oto,KİRALIK mülk arayan,0.195,7,550,2
eryaman 1 tbmm caddesi kiralık daire,KİRALIK mülk arayan,0.18,10,553,3
eryaman 1-2 toki kiralık daire,KİRALIK mülk arayan,0.179,10,550,3
eryaman 3 etap emlak,SİTE / proje / etap adı,0.174,8,556,2
eryaman bahçeli satılık daire,SATILIK mülk arayan,0.174,8,556,2
eryaman karayatak satılık daire,SATILIK mülk arayan,0.174,8,556,2
eryaman maviçam satılık daire,SATILIK mülk arayan,0.174,8,556,2
eryaman gimsa yakını satılık daire,SATILIK mülk arayan,0.174,8,556,2
eryaman liva life kiralık,KİRALIK mülk arayan,0.174,8,556,2
eryaman gökdemir premium kiralık daire,KİRALIK mülk arayan,0.174,8,553,2
eryaman hill tower satılık daire,SATILIK mülk arayan,0.174,8,553,2
ankara eryaman kiralık daire günlük,KİRALIK mülk arayan,0.174,8,556,2
frekans cadde eryaman kiralik daire,KİRALIK mülk arayan,0.174,8,554,2
eryaman devlet mahallesi sahibinden kiralık daire,KİRALIK mülk arayan,0.174,8,551,2
ankara eryaman devren kiralık dükkan,KİRALIK mülk arayan,0.174,8,552,2
eryaman en iyi devlet liseleri,Diğer,0.174,8,552,2
eryaman 5 etap taksi,SİTE / proje / etap adı,0.174,8,556,2
eryaman 3 etap ata mahallesi,SİTE / proje / etap adı,0.174,8,556,2
eryaman 3 etap tepe blokları satılık,SATILIK mülk arayan,0.174,8,556,2
eryaman 4 etap çarşı pet shop,SİTE / proje / etap adı,0.174,8,554,2
etimesgut emlak vergisi bildirim sureti,EMLAK VERGİSİ / resmi işlem,0.174,8,556,2
etimesgut etiler mahallesi satılık daire,SATILIK mülk arayan,0.174,8,554,2
etimesgut topçu mahallesi kiralık daire,KİRALIK mülk arayan,0.174,8,556,2
ankara eryaman altay mahallesi satılık daire,SATILIK mülk arayan,0.174,8,556,2
eryaman ac emlak,Diğer,0.165,5,556,1
eryaman bağış emlak,Diğer,0.165,5,557,1
eryaman ideal emlak,Diğer,0.165,5,556,1
efor emlak eryaman kiralık daire,KİRALIK mülk arayan,0.165,5,557,1
tepe emlak eryaman satılık daire,SATILIK mülk arayan,0.165,5,555,1
eryaman inşaat yapı gayrimenkul,Diğer,0.165,5,558,1
eryaman arissa satılık,SATILIK mülk arayan,0.165,5,559,1
eryaman bahçen satılık,SATILIK mülk arayan,0.165,5,559,1
eryaman center satılık,SATILIK mülk arayan,0.165,5,559,1
eryaman gamador satılık daire,SATILIK mülk arayan,0.165,5,559,1
ilona eryaman satılık,SATILIK mülk arayan,0.165,5,552,1
eryaman gölde lüx satılık,SATILIK mülk arayan,0.165,5,559,1
onyx eryaman satılık,SATILIK mülk arayan,0.165,5,555,1
eryaman port satılık,SATILIK mülk arayan,0.165,5,559,1
eryaman relax satılık daire,SATILIK mülk arayan,0.165,5,559,1
eryaman metro yakını satılık daire,SATILIK mülk arayan,0.165,5,559,1
eryaman 21 satılık sifir,SATILIK mülk arayan,0.165,5,559,1
eryaman metrokent sitesi satılık 3 1,SATILIK mülk arayan,0.165,5,555,1
eryaman evleri satılık 4 1,SATILIK mülk arayan,0.165,5,554,1
dört mevsim eryaman satılık sahibinden,SATILIK mülk arayan,0.165,5,556,1
eryaman bahçen kiralık,KİRALIK mülk arayan,0.165,5,559,1
eryaman devren kiralık cafe,KİRALIK mülk arayan,0.165,5,559,1
eryaman günlük kiralık fotoğraflar,KİRALIK mülk arayan,0.165,5,558,1
eryaman köyü kiralık daire,KİRALIK mülk arayan,0.165,5,559,1
eryaman rada life kiralık,KİRALIK mülk arayan,0.165,5,559,1
eryaman mahallesi kiralık daire,KİRALIK mülk arayan,0.165,5,559,1
eryaman hill tower kiralık,KİRALIK mülk arayan,0.165,5,556,1
eryaman günlük kiralık villa,KİRALIK mülk arayan,0.165,5,555,1
eryaman evleri kiralık 2 1,KİRALIK mülk arayan,0.165,5,559,1
eryaman oyak 555 kiralık,KİRALIK mülk arayan,0.165,5,553,1
ataşehir eryaman satılık daire,SATILIK mülk arayan,0.165,5,559,1
eryaman çamdalı sitesi satılık daire,SATILIK mülk arayan,0.165,5,558,1
eryaman demirer satılık daire,SATILIK mülk arayan,0.165,5,559,1
eryaman fatih mahallesi satılık daire,SATILIK mülk arayan,0.165,5,554,1
eryaman ilgazlar sitesi satılık daire,SATILIK mülk arayan,0.165,5,559,1
laçin eryaman satılık daire,SATILIK mülk arayan,0.165,5,559,1
new garden eryaman satılık daire,SATILIK mülk arayan,0.165,5,559,1
eryaman özkardeşler sitesi satılık daire,SATILIK mülk arayan,0.165,5,559,1
eryaman şeniz sitesi satılık daire,SATILIK mülk arayan,0.165,5,558,1
eryaman umut yapı sitesi satılık daire,SATILIK mülk arayan,0.165,5,558,1
eryaman vaditepe başpınar satılık daire,SATILIK mülk arayan,0.165,5,556,1
eryaman yeşilgöl sitesi satılık daire,SATILIK mülk arayan,0.165,5,559,1
eryaman susuz 4 1 satılık daire,SATILIK mülk arayan,0.165,5,552,1
address eryaman kiralık daire,KİRALIK mülk arayan,0.165,5,559,1
eryaman cumhuriyet mahallesi kiralık daire,KİRALIK mülk arayan,0.165,5,557,1
eryaman havuzlu evler sitesi kiralık daire,KİRALIK mülk arayan,0.165,5,555,1
eryaman köyünde kiralık daire,KİRALIK mülk arayan,0.165,5,559,1
eryaman oyak atakent kiralık daire,KİRALIK mülk arayan,0.165,5,557,1
eryaman palmiye evleri kiralık daire,KİRALIK mülk arayan,0.165,5,556,1
eryaman referans ankara kiralık daire,KİRALIK mülk arayan,0.165,5,555,1
eryaman teras evler kiralık daire,KİRALIK mülk arayan,0.165,5,557,1
eryaman yavuz selim kiralık daire,KİRALIK mülk arayan,0.165,5,559,1
sahibinden kiralık ev ankara eryaman,KİRALIK mülk arayan,0.165,5,557,1
eryaman evleri kiralık ev,KİRALIK mülk arayan,0.165,5,559,1
sincan eryaman günlük kiralık ev,KİRALIK mülk arayan,0.165,5,553,1
eryaman akıllı ev,Diğer,0.165,5,559,1
eryaman dubleks ev,Diğer,0.165,5,559,1
eryaman 3. etap ev,SİTE / proje / etap adı,0.165,5,556,1
eryaman kaşmir ev,Diğer,0.165,5,554,1
sahibinden eryaman müstakil ev,Diğer,0.165,5,558,1
sahibinden satılık daire eryaman ankara,SATILIK mülk arayan,0.165,5,558,1
kiralık daire eryaman güzelkent,KİRALIK mülk arayan,0.165,5,557,1
sahibinden satılık daire eryaman mahallesi,SATILIK mülk arayan,0.165,5,554,1
eryaman 1 1 daire satılık,SATILIK mülk arayan,0.165,5,559,1
eryaman ata mahallesi kiralık dükkan,KİRALIK mülk arayan,0.165,5,554,1
inci life rezidans eryaman fotoğraflar,SİTE / proje / etap adı,0.165,5,555,1
ankara eryaman en iyi restoranlar,Diğer,0.165,5,555,1
eryaman en iyi lokanta,Diğer,0.165,5,555,1
eryaman en iyi pide,Diğer,0.165,5,552,1
eryaman 3 etap cicekci,SİTE / proje / etap adı,0.165,5,556,1
eryaman 1 etap satılık,SATILIK mülk arayan,0.165,5,559,1
eryaman bildirici 2 etap,SİTE / proje / etap adı,0.165,5,556,1
eryaman 2 etap kafeler,SİTE / proje / etap adı,0.165,5,558,1
eryaman 2 etap muhtarlığı,SİTE / proje / etap adı,0.165,5,559,1
eryaman 2 etap satılık,SATILIK mülk arayan,0.165,5,559,1
eryaman 3 etap ankor avm,SİTE / proje / etap adı,0.165,5,559,1
eryaman 3 etap kırtasiye,SİTE / proje / etap adı,0.165,5,559,1
eryaman 3 etap satılık dubleks,SATILIK mülk arayan,0.165,5,559,1
eryaman 3 etap ta satılık daireler,SATILIK mülk arayan,0.165,5,559,1
eryaman 4. etap kırtasiye,SİTE / proje / etap adı,0.165,5,556,1
eryaman 4 etap petshop,SİTE / proje / etap adı,0.165,5,557,1
eryaman 5 etap kuaför,SİTE / proje / etap adı,0.165,5,559,1
eryaman 5 etap satılık daireler,SATILIK mülk arayan,0.165,5,559,1
etimesgut açıl emlak,Diğer,0.165,5,558,1
etimesgut vergi dairesi emlak vergisi ödeme,EMLAK VERGİSİ / resmi işlem,0.165,5,554,1
etimesgut belediyesi emlak işleri müdürlüğü,EMLAK VERGİSİ / resmi işlem,0.165,5,558,1
etimesgut mustafa karadeniz emlak,Diğer,0.165,5,557,1
etimesgut belediyesi online emlak vergisi ödeme,EMLAK VERGİSİ / resmi işlem,0.165,5,555,1
zirve emlak etimesgut resimleri,Diğer,0.165,5,555,1
etimesgut belediyesi emlak vergisi taksit,EMLAK VERGİSİ / resmi işlem,0.165,5,555,1
etimesgut belediyesi emlak vergisi yatırma,EMLAK VERGİSİ / resmi işlem,0.165,5,555,1
etimesgut ahimesut satılık daire,SATILIK mülk arayan,0.165,5,559,1
satılık daire bağlıca etimesgut ankara yakınında,SATILIK mülk arayan,0.165,5,559,1
etimesgut emirler de satılık daire,SATILIK mülk arayan,0.165,5,559,1
etimesgut elvan satılık daire,SATILIK mülk arayan,0.165,5,557,1
etimesgut piyade mahallesinde satılık daire,SATILIK mülk arayan,0.165,5,559,1
etimesgut ayyıldız da satılık sifir daire,SATILIK mülk arayan,0.165,5,556,1
turyap etimesgut satılık daire,SATILIK mülk arayan,0.165,5,557,1
etimesgut ahimesut kiralık daire,KİRALIK mülk arayan,0.165,5,559,1
etimesgut emirlerde kiralık daire,KİRALIK mülk arayan,0.165,5,556,1
etimesgut site içi kiralık daire,KİRALIK mülk arayan,0.165,5,555,1
etimesgut süvari mahallesi kiralık daire,KİRALIK mülk arayan,0.165,5,559,1
etimesgut teras kiralık daire,KİRALIK mülk arayan,0.165,5,559,1
etimesgut kiralık daire süvari,KİRALIK mülk arayan,0.165,5,554,1
batikent yeni bati satilik,SATILIK mülk arayan,0.165,5,559,1
ataköy konutları yeni batı satılık daire,SATILIK mülk arayan,0.165,5,556,1
ankara yeni batı sitesi satılık daire,SATILIK mülk arayan,0.165,5,558,1
ankara yenimahalle yeni batı kiralık daire,KİRALIK mülk arayan,0.165,5,558,1
yeni batı mahallesi kiralık dubleks,KİRALIK mülk arayan,0.165,5,559,1
ankara address eryaman satılık daire,SATILIK mülk arayan,0.165,5,559,1
ankara eryaman alarko blokları satılık,SATILIK mülk arayan,0.165,5,557,1
ankara eryaman rezidans satılık sahibinden,SATILIK mülk arayan,0.165,5,553,1
ankara eryaman 4 1 satılık daireler,SATILIK mülk arayan,0.165,5,556,1
ankara eryaman endora sitesi satılık daire,SATILIK mülk arayan,0.165,5,559,1
ankara eryaman eşyalı kiralık daire 1 1,KİRALIK mülk arayan,0.165,5,559,1
eryaman kiralik 4 1,KİRALIK mülk arayan,0.164,5,550,1
eryaman kiralık daireler,KİRALIK mülk arayan,0.164,5,551,1
eryaman 2 etap kiralık evler,KİRALIK mülk arayan,0.164,5,550,1
eryaman ev kiralık,KİRALIK mülk arayan,0.164,5,550,1
eryaman 1 0 rezidans,SİTE / proje / etap adı,0.164,5,551,1
eryaman en iyi çocuk doktoru,Diğer,0.164,5,550,1
eryaman 1 etap kiralık ev,KİRALIK mülk arayan,0.164,5,551,1
eryaman 1 2 etap metro istasyonu resimleri,SİTE / proje / etap adı,0.164,5,550,1
eryaman 1 etap satilik daire,SATILIK mülk arayan,0.164,5,550,1
eryaman 2 etap site yönetimi,SİTE / proje / etap adı,0.164,5,550,1
eryaman hakkında,Diğer,0.164,5,550,1
eryaman metrokent sitesi satılık,SATILIK mülk arayan,0.164,5,551,1
etimesgut emlak vergisi telefon,EMLAK VERGİSİ / resmi işlem,0.164,5,550,1
yeni batı mah satılık arsa,SATILIK mülk arayan,0.164,5,550,1
yeni batı 2 1 kiralık daire,KİRALIK mülk arayan,0.164,5,551,1
ankara eryaman 3 etap satılık daire,SATILIK mülk arayan,0.164,5,550,1
eryaman evleri kiralık 3+1,KİRALIK mülk arayan,0.163,7,1152,1
eryaman asm satılık daire,SATILIK mülk arayan,0.157,9,555,2
eryaman metrokent satılık daire,SATILIK mülk arayan,0.157,9,555,2
sahibinden eryaman polsan satılık daire,SATILIK mülk arayan,0.157,9,555,2
eryaman göksu relax satılık daire,SATILIK mülk arayan,0.157,9,555,2
eryaman sahibinden satılık ev,SATILIK mülk arayan,0.157,9,554,2
eryaman göksu yakını satılık daire,SATILIK mülk arayan,0.157,9,555,2
eryaman altay kiralık daire,KİRALIK mülk arayan,0.157,9,555,2
eryaman evlerinde kiralık daire,KİRALIK mülk arayan,0.157,9,555,2
eryaman 3 etap ta kiralık daireler,KİRALIK mülk arayan,0.157,9,555,2
eryaman buse konutları satılık daire,SATILIK mülk arayan,0.157,9,555,2
eryaman evleri satılık daire 1 1,SATILIK mülk arayan,0.157,9,555,2
eryaman klima blokları kiralık daire,KİRALIK mülk arayan,0.157,9,555,2
eryaman italyan dubleks kiralık daire,KİRALIK mülk arayan,0.157,9,552,2
eryaman 1 etap sosyal tesisleri,SİTE / proje / etap adı,0.157,9,555,2
eryaman 1 2 etap metro,SİTE / proje / etap adı,0.157,9,555,2
eryaman 3.etap alarko blokları kiralık,KİRALIK mülk arayan,0.157,9,555,2
eryaman 4 etap çarşı tekel,SİTE / proje / etap adı,0.157,9,555,2
etimesgut ballıkuyumcu toki satılık daire,SATILIK mülk arayan,0.157,9,553,2
etimesgut 2 1 kiralık daire sahibinden,KİRALIK mülk arayan,0.157,9,554,2
ankara yeni batı mahallesi kiralık dükkan,KİRALIK mülk arayan,0.157,9,554,2
ankara eryaman metrokent sitesi kiralık,KİRALIK mülk arayan,0.157,9,555,2
etimesgut emlak vergisi öde,EMLAK VERGİSİ / resmi işlem,0.156,9,551,2
eryaman en iyi kuaförler,Diğer,0.145,6,601,1
eryaman etaplarda satılık daireler,SATILIK mülk arayan,0.145,6,600,1
eryaman altay satılık daire,SATILIK mülk arayan,0.142,10,554,2
eryaman bosphorus satılık,SATILIK mülk arayan,0.142,6,558,1
eryaman selçuklular caddesi satılık daire,SATILIK mülk arayan,0.142,10,554,2
eryaman göldekent satılık,SATILIK mülk arayan,0.142,6,558,1
eryaman köyiçi satılık daireler,SATILIK mülk arayan,0.142,6,558,1
eryaman motto satılık daire,SATILIK mülk arayan,0.142,10,554,2
eryaman polsan satılık,SATILIK mülk arayan,0.142,6,558,1
eryaman kaşmir yonca satılık,SATILIK mülk arayan,0.142,6,558,1
eryaman 11 satilik sifir daireler,SATILIK mülk arayan,0.142,6,558,1
eryaman 2 satılık daireler,SATILIK mülk arayan,0.142,6,558,1
eryaman ahsenler kiralık daire,KİRALIK mülk arayan,0.142,10,554,2
eryaman bosphorus kiralık,KİRALIK mülk arayan,0.142,6,558,1
eryaman kiralık daire 4+1,KİRALIK mülk arayan,0.142,10,552,2
eryaman gölde lüx kiralık,KİRALIK mülk arayan,0.142,6,558,1
eryaman maybak kiralık daireler,KİRALIK mülk arayan,0.142,6,558,1
eryaman yht yakını kiralık daire,KİRALIK mülk arayan,0.142,10,554,2
eryaman 1 kiralık daire,KİRALIK mülk arayan,0.142,6,558,1
eryaman da satılık daire sahibinden,SATILIK mülk arayan,0.142,6,558,1
eryaman gimsa satılık daire,SATILIK mülk arayan,0.142,6,558,1
koru eryaman satılık daire,SATILIK mülk arayan,0.142,6,558,1
eryaman oyak göksu satılık daire,SATILIK mülk arayan,0.142,6,558,1
eryaman özahikent sitesi satılık daire,SATILIK mülk arayan,0.142,6,558,1
turyap eryaman satılık daire,SATILIK mülk arayan,0.142,6,558,1
eryaman yavuz selim satılık daire,SATILIK mülk arayan,0.142,6,558,1
eryaman atakent 2 satılık daire,SATILIK mülk arayan,0.142,6,558,1
eryaman başak sitesi kiralık daire,KİRALIK mülk arayan,0.142,6,558,1
eryaman doğakent sitesi kiralık daire,KİRALIK mülk arayan,0.142,6,558,1
eryaman inci park evleri kiralık daire,KİRALIK mülk arayan,0.142,10,551,2
eryaman 3 etap eşyalı kiralık daire,KİRALIK mülk arayan,0.142,10,554,2
eryaman'da ev,Diğer,0.142,6,558,1
eryaman 3+1 daire,Diğer,0.142,6,558,1
eryaman 1 etap pideci,SİTE / proje / etap adı,0.142,6,558,1
eryaman 1 etap spor salonu,SİTE / proje / etap adı,0.142,6,558,1
eryaman 2 etap soyak sitesi,SİTE / proje / etap adı,0.142,6,558,1
eryaman 3 etap alarko evleri,SİTE / proje / etap adı,0.142,6,558,1
eryaman 3 etap alarko blokları,SİTE / proje / etap adı,0.142,10,554,2
eryaman 3 etap satılık daire 1 1,SATILIK mülk arayan,0.142,10,554,2
eryaman 3 etap kapalı pazar yeri,SİTE / proje / etap adı,0.142,6,558,1
eryaman 3 etap pazarı,SİTE / proje / etap adı,0.142,6,558,1
eryaman 3 etap toki evleri,SİTE / proje / etap adı,0.142,6,558,1
eryaman 3 etap yemek,SİTE / proje / etap adı,0.142,6,558,1
eryaman 5 etap kur sitesi,SİTE / proje / etap adı,0.142,6,558,1
eryaman 5 etap sınav koleji,SİTE / proje / etap adı,0.142,10,554,2
eryaman 5 etap muhtarlığı,SİTE / proje / etap adı,0.142,6,558,1
etimesgut başak sitesi satılık daire,SATILIK mülk arayan,0.142,6,558,1
etimesgut süvari de satilik daire,SATILIK mülk arayan,0.142,6,558,1
etimesgut topçu mahallesi satılık daire,SATILIK mülk arayan,0.142,6,558,1
etimesgut topçu mahallesinde satılık daire,SATILIK mülk arayan,0.142,6,558,1
etimesgut elvan premium satılık daire,SATILIK mülk arayan,0.142,6,558,1
sahibinden satılık daire etimesgut yeşilova mahallesi,SATILIK mülk arayan,0.142,6,558,1
etimesgut emirler kiralık daire,KİRALIK mülk arayan,0.142,6,558,1
etimesgut eşyalı kiralık daire 1 1 sahibinden,KİRALIK mülk arayan,0.142,10,554,2
etimesgut 1 1 kiralık daire sahibinden eşyalı,KİRALIK mülk arayan,0.142,10,553,2
etimesgut ta kiralık daire sahibinden,KİRALIK mülk arayan,0.142,6,558,1
ankara batıkent yeni batı satılık daire,SATILIK mülk arayan,0.142,6,558,1
yeni batı diamond satılık daire,SATILIK mülk arayan,0.142,6,558,1
ankara eryaman aşiyan sitesi satılık daire,SATILIK mülk arayan,0.142,10,554,2
ankara eryaman kc göksu evleri satılık daire,SATILIK mülk arayan,0.142,10,553,2
ankara eryaman kaşmir evleri satılık,SATILIK mülk arayan,0.142,10,554,2
ankara eryaman güzelkent mahallesi satılık daire,SATILIK mülk arayan,0.142,6,558,1
sahibinden ankara eryaman satılık ev,SATILIK mülk arayan,0.142,6,558,1
ankara eryaman demirer sitesi kiralık,KİRALIK mülk arayan,0.142,6,558,1
eryaman ayyıldız emlak,Diğer,0.141,6,555,1
eryaman berrak emlak,Diğer,0.141,6,556,1
eryaman epa emlak,Diğer,0.141,6,555,1
eryaman ikizler emlak,Diğer,0.141,6,555,1
ac emlak eryaman kiralık,KİRALIK mülk arayan,0.141,6,556,1
eryaman emlakcilar,EMLAKÇI / OFİS arayan,0.141,6,550,1
anka emlak eryaman satılık,SATILIK mülk arayan,0.141,6,554,1
yıldırım gayrimenkul eryaman yorumlar,Diğer,0.141,6,557,1
eryaman mahallesinde satılık daireler,SATILIK mülk arayan,0.141,6,556,1
eryaman özar satılık,SATILIK mülk arayan,0.141,6,551,1
eryaman şeyh şamil satılık,SATILIK mülk arayan,0.141,6,551,1
address eryaman satılık 4 1,SATILIK mülk arayan,0.141,6,553,1
oyak eryaman 555 satılık,SATILIK mülk arayan,0.141,6,553,1
eryaman endora göksu satılık sahibinden,SATILIK mülk arayan,0.141,6,555,1
eryaman havuzlu kiralık daireler,KİRALIK mülk arayan,0.141,6,551,1
eryaman da sahibinden müstakil kiralık villa,KİRALIK mülk arayan,0.141,6,554,1
eryaman metrokent sitesi kiralık 3 1,KİRALIK mülk arayan,0.141,6,552,1
eryaman çağlayan sitesi satılık daire,SATILIK mülk arayan,0.141,6,557,1
eryaman havayolları sitesi satılık daire,SATILIK mülk arayan,0.141,6,555,1
eryaman ilk umut sitesi satılık daire,SATILIK mülk arayan,0.141,6,557,1
eryaman atakent vadi sitesi satılık daire,SATILIK mülk arayan,0.141,6,555,1
eryaman metrokent 4 1 satılık daire,SATILIK mülk arayan,0.141,6,551,1
eryaman 5 metro yakını satılık daire,SATILIK mülk arayan,0.141,6,552,1
emlakjet eryaman kiralık daire,KİRALIK mülk arayan,0.141,6,555,1
eryaman port avm kiralık daire,KİRALIK mülk arayan,0.141,6,555,1
eryaman rüyakent sitesi kiralık daire,KİRALIK mülk arayan,0.141,6,554,1
sahibinden meydan eryaman kiralık daire,KİRALIK mülk arayan,0.141,6,553,1
eryaman metrokent satılık ev,SATILIK mülk arayan,0.141,6,557,1
eryaman satılık 1 1 daireler,SATILIK mülk arayan,0.141,6,550,1
eryaman ata mahallesi kiralık ev,KİRALIK mülk arayan,0.141,6,556,1
eryaman da günlük kiralık ev,KİRALIK mülk arayan,0.141,6,554,1
eryaman 4 1 ev,Diğer,0.141,6,556,1
sahibinden satılık daire eryaman göksu,SATILIK mülk arayan,0.141,6,556,1
eryaman kiralik araba,KİRALIK mülk arayan,0.141,6,550,1
eryaman kıraathane,Diğer,0.141,6,550,1
sahibinden kiralık dükkan ankara eryaman,KİRALIK mülk arayan,0.141,6,553,1
inci life rezidans eryaman günlük kiralık,KİRALIK mülk arayan,0.141,6,553,1
eryaman en iyi pizzacı,Diğer,0.141,6,551,1
eryaman en iyi simitçi,Diğer,0.141,6,550,1
eryaman hangi mahallede,SEMT / yaşam araştırması,0.141,6,550,1
etap gayrimenkul eryaman,SİTE / proje / etap adı,0.141,6,556,1
eryaman 3 etap halı yıkama,SİTE / proje / etap adı,0.141,6,556,1
eryaman 5 etap aktürk sitesi,SİTE / proje / etap adı,0.141,6,557,1
eryaman kaç mahalle var,Diğer,0.141,6,550,1
etimesgut belediyesi emlak beyan değeri,FİYAT / piyasa araştırması,0.141,6,553,1
etimesgut belediyesi emlak işleri,EMLAK VERGİSİ / resmi işlem,0.141,6,557,1
emlak katılım etimesgut şubesi,Diğer,0.141,6,556,1
emlak mülk etimesgut,Diğer,0.141,6,553,1
güngör emlak etimesgut resimleri,Diğer,0.141,6,554,1
emlak time etimesgut,Diğer,0.141,6,554,1
etimesgut belediyesi emlak vergisi yapılandırma,EMLAK VERGİSİ / resmi işlem,0.141,6,554,1
emlakjet etimesgut satılık daire,SATILIK mülk arayan,0.141,6,556,1
etimesgut tunahan mahallesi satılık daire,SATILIK mülk arayan,0.141,6,556,1
ankara etimesgut elvan mahallesi satılık daire sahibinden,SATILIK mülk arayan,0.141,6,556,1
etimesgut bir artı bir kiralık daire,KİRALIK mülk arayan,0.141,6,557,1
etimesgut topçu'da kiralık daire,KİRALIK mülk arayan,0.141,6,555,1
etimesgut istasyon mahallesi eşyalı kiralık daire,KİRALIK mülk arayan,0.141,6,554,1
etimesgut 30 ağustos kiralık daire,KİRALIK mülk arayan,0.141,6,554,1
yeni batı mahallesi satılık,SATILIK mülk arayan,0.141,6,555,1
satılık ev ankara batıkent yeni batı mahallesi,SATILIK mülk arayan,0.141,6,553,1
ankara eryaman yavuz selim sitesi satılık daire,SATILIK mülk arayan,0.141,6,554,1
ankara eryaman 1 1 kiralık daire eşyalı,KİRALIK mülk arayan,0.141,6,557,1
ankara eryaman sahibinden eşyalı kiralık daireler,KİRALIK mülk arayan,0.141,6,554,1
eryaman ata mahallesinde satılık daireler,SATILIK mülk arayan,0.141,6,556,1
eryaman ata mahallesi 2 1 satılık daire,SATILIK mülk arayan,0.141,6,553,1
eryaman evleri migros,Diğer,0.131,9,1150,1
eryaman aktürk satılık daire,SATILIK mülk arayan,0.13,11,553,2
eryaman tbmm caddesi satılık daire,SATILIK mülk arayan,0.13,11,553,2
eryaman bordo life satılık daire,SATILIK mülk arayan,0.13,11,553,2
eryaman maybak satılık daire,SATILIK mülk arayan,0.13,11,553,2
eryaman kaşmir yonca satılık daire,SATILIK mülk arayan,0.13,11,553,2
eryaman alarko kiralık daire,KİRALIK mülk arayan,0.13,11,553,2
eryaman gimsa yakını kiralık daire,KİRALIK mülk arayan,0.13,11,553,2
sahibinden relax eryaman satılık daire,SATILIK mülk arayan,0.13,11,553,2
ankara yeni batı satılık 1 1,SATILIK mülk arayan,0.13,11,551,2
eryaman en iyi kadın kuaför,Diğer,0.127,7,600,1
eryaman baran emlak,Diğer,0.124,7,555,1
eryaman efe emlak,Diğer,0.124,7,554,1
hepsi emlak eryaman kiralık daire,KİRALIK mülk arayan,0.124,7,555,1
ac emlak eryaman satılık daire,SATILIK mülk arayan,0.124,7,553,1
kılıç gayrimenkul eryaman etimesgut yorumları,Diğer,0.124,7,554,1
eryaman satılık dubleks,SATILIK mülk arayan,0.124,7,557,1
eryaman rada life satılık,SATILIK mülk arayan,0.124,7,557,1
eryaman meydan satılık daire,SATILIK mülk arayan,0.124,7,557,1
eryaman mahallesinde satılık evler,SATILIK mülk arayan,0.124,7,555,1
eryaman kaşmir mavi orkide satılık daireler,SATILIK mülk arayan,0.124,7,553,1
eryaman 1 satılık daireler,SATILIK mülk arayan,0.124,7,557,1
meydan eryaman satılık 2 1,SATILIK mülk arayan,0.124,7,557,1
eryaman betontaş kiralık,KİRALIK mülk arayan,0.124,7,557,1
eryaman mavi orkide kiralık,KİRALIK mülk arayan,0.124,7,555,1
eryaman referans kiralık 1 1,KİRALIK mülk arayan,0.124,7,557,1
voga eryaman kiralık,KİRALIK mülk arayan,0.124,7,553,1
eryaman 12 kiralık daire,KİRALIK mülk arayan,0.124,7,557,1
eryaman 1 1 kiralık sahibinden,KİRALIK mülk arayan,0.124,7,556,1
eryaman portakal çiçeği satılık daire,SATILIK mülk arayan,0.124,7,556,1
emlakjet eryaman satılık daire,SATILIK mülk arayan,0.124,7,557,1
eryaman köyiçi satılık daire,SATILIK mülk arayan,0.124,7,557,1
metropoint eryaman satılık daire,SATILIK mülk arayan,0.124,7,557,1
eryaman mahallesinde satılık daire,SATILIK mülk arayan,0.124,7,557,1
eryaman öztaş sitesi satılık daire,SATILIK mülk arayan,0.124,7,557,1
eryaman referans ankara satılık daire,SATILIK mülk arayan,0.124,7,557,1
eryaman şelale sitesi satılık daire,SATILIK mülk arayan,0.124,7,556,1
eryaman utku kent sitesi satılık daire,SATILIK mülk arayan,0.124,7,556,1
eryaman yeşil vadim sitesi satılık daire,SATILIK mülk arayan,0.124,7,554,1
eryaman yakamoz sitesi satılık daire,SATILIK mülk arayan,0.124,7,557,1
eryaman atakent 21 satılık daire,SATILIK mülk arayan,0.124,7,557,1
eryaman 3 satılık daire,SATILIK mülk arayan,0.124,7,553,1
eryaman kur sitesi kiralık daire,KİRALIK mülk arayan,0.124,7,557,1
meydan eryaman günlük kiralık ev,KİRALIK mülk arayan,0.124,7,554,1
eryaman güzel ev sitesi,SİTE / proje / etap adı,0.124,7,555,1
eryaman taksitli ev,Diğer,0.124,7,555,1
eryaman 2 1 ev satılık,SATILIK mülk arayan,0.124,7,555,1
sahibinden kiralık daire eryaman göksu,KİRALIK mülk arayan,0.124,7,555,1
eryaman serenköy sitesi satılık villa,SATILIK mülk arayan,0.124,7,553,1
eryaman da en iyi kaş alan,Diğer,0.124,7,553,1
eryaman 1 etap eczane,SİTE / proje / etap adı,0.124,7,557,1
eryaman 3 etap avm,SİTE / proje / etap adı,0.124,7,557,1
eryaman 3 etap botanik düğün salonu yol tarifi,SİTE / proje / etap adı,0.124,7,557,1
eryaman 3 cü etap,SİTE / proje / etap adı,0.124,7,553,1
eryaman 3 etap kokoreç,SİTE / proje / etap adı,0.124,7,557,1
eryaman 3 etap polis karakolu,SİTE / proje / etap adı,0.124,7,557,1
eryaman 3 etap terzi,SİTE / proje / etap adı,0.124,7,557,1
eryaman 5 etap kütüphane,SİTE / proje / etap adı,0.124,7,557,1
eryaman stadyumu yanındaki site,Diğer,0.124,7,553,1
sr emlak etimesgut alsancak,Diğer,0.124,7,556,1
ayyıldız emlak etimesgut istasyon mahallesi satılık evler,SATILIK mülk arayan,0.124,7,556,1
etimesgut belediyesi emlak vergisi odeme,EMLAK VERGİSİ / resmi işlem,0.124,7,553,1
etimesgut belediyesi emlak vergisi ödeme online,EMLAK VERGİSİ / resmi işlem,0.124,7,556,1
etimesgut belediyesi emlak vergisi rayiç bedelleri,EMLAK VERGİSİ / resmi işlem,0.124,7,553,1
etimesgut emlak vergisi yapılandırma,EMLAK VERGİSİ / resmi işlem,0.124,7,553,1
ankara etimesgut satılık daire sahibinden,SATILIK mülk arayan,0.124,7,557,1
etimesgut banka blokları satılık daire,SATILIK mülk arayan,0.124,7,557,1
sahibinden com ankara etimesgut satılık daire,SATILIK mülk arayan,0.124,7,555,1
etimesgut bağlıca da satılık daire,SATILIK mülk arayan,0.124,7,557,1
etimesgut kent konseyi satılık daire,SATILIK mülk arayan,0.124,7,556,1
etimesgut alsancak mahallesinde satılık daire,SATILIK mülk arayan,0.124,7,557,1
etimesgut susuz satılık daire,SATILIK mülk arayan,0.124,7,554,1
ankara etimesgut satılık daire 1 1,SATILIK mülk arayan,0.124,7,556,1
sahibinden satilik daire etimesgut emirler,SATILIK mülk arayan,0.124,7,555,1
ankara etimesgut kiralık daire eşyalı,KİRALIK mülk arayan,0.124,7,557,1
sahibinden etimesgut bağlıca kiralık daire,KİRALIK mülk arayan,0.124,7,556,1
etimesgut bağlıca'da kiralık daire,KİRALIK mülk arayan,0.124,7,554,1
etimesgut etiler kiralık daire,KİRALIK mülk arayan,0.124,7,557,1
etimesgut elvan mahallesi kiralık daire,KİRALIK mülk arayan,0.124,7,557,1
etimesgut turkuaz kiralık daire,KİRALIK mülk arayan,0.124,7,557,1
etimesgut alsancak 2 1 kiralık daire,KİRALIK mülk arayan,0.124,7,553,1
yeni batı da satılık daireler,SATILIK mülk arayan,0.124,7,557,1
yeni batı mahallesi ata yıldız batı konutları satılık daire,SATILIK mülk arayan,0.124,7,554,1
sahibinden yeni batı satılık,SATILIK mülk arayan,0.124,7,556,1
ankara batıkent yeni batı villaları satılık,SATILIK mülk arayan,0.124,7,554,1
yeni batı mahallesi 11 satılık daire,SATILIK mülk arayan,0.124,7,555,1
ankara eryaman ata mahallesi satılık daire,SATILIK mülk arayan,0.124,7,557,1
ankara eryaman bir artı bir satılık daireler,SATILIK mülk arayan,0.124,7,555,1
ankara eryaman dubleks satılık evler,SATILIK mülk arayan,0.124,7,557,1
ankara eryaman gold stone satılık daireler,SATILIK mülk arayan,0.124,7,556,1
ankara eryaman sude konutları satılık daire,SATILIK mülk arayan,0.124,7,557,1
ankara eryaman polsan satılık daireler,SATILIK mülk arayan,0.124,7,553,1
ankara eryaman teras evler satılık,SATILIK mülk arayan,0.124,7,554,1
ankara eryaman spor sitesi kiralık daireler,KİRALIK mülk arayan,0.124,7,557,1
fors eryaman satılık,SATILIK mülk arayan,0.123,7,552,1
eryaman öztaş satılık,SATILIK mülk arayan,0.123,7,550,1
eryaman şeyh şamil satilik daire,SATILIK mülk arayan,0.123,7,550,1
eryaman 5 kiralik daire,KİRALIK mülk arayan,0.123,7,552,1
eryaman sahibinden günlük kiralık daire,KİRALIK mülk arayan,0.123,7,552,1
fırat rezidans eryaman satılık,SATILIK mülk arayan,0.123,7,552,1
etimesgut belediyesi emlak vergisi muafiyeti dilekçesi,EMLAK VERGİSİ / resmi işlem,0.123,7,552,1
ankara eryaman canberk sitesi kiralık,KİRALIK mülk arayan,0.123,7,552,1
ankara eryaman 2 1 satılık daire,SATILIK mülk arayan,0.123,7,551,1
ankara eryaman sahibinden satilik daire,SATILIK mülk arayan,0.123,7,551,1
ankara eryaman rezidans kiralık daire,KİRALIK mülk arayan,0.123,7,552,1
susuz mah satılık arsa,SATILIK mülk arayan,0.123,7,551,1
eryaman liva life satılık daire,SATILIK mülk arayan,0.12,12,552,2
eryaman dil devrimi caddesi kiralık daire,KİRALIK mülk arayan,0.12,12,551,2
eryaman kc göksu satılık daire,SATILIK mülk arayan,0.12,12,552,2
kıyı birlik sitesi etimesgut satılık daire,SATILIK mülk arayan,0.12,12,552,2
eryaman kiralık eşyalı 1 1,KİRALIK mülk arayan,0.113,8,600,1
eryaman ayaş yolu satılık daire,SATILIK mülk arayan,0.112,13,551,2
eryaman 3 etap tepe blokları,SİTE / proje / etap adı,0.112,13,551,2
eryaman 4 etap çarşı berber,SİTE / proje / etap adı,0.112,13,551,2
etimesgut 1 1 kiralık daire sahibinden,KİRALIK mülk arayan,0.112,13,550,2
eryaman evleri yol tarifi,Diğer,0.111,10,1000,1
eryaman akdeniz emlak,Diğer,0.11,8,553,1
eryaman bizim emlak,Diğer,0.11,8,554,1
eryaman ekol emlak,Diğer,0.11,8,553,1
a c emlak eryaman kiralık daire,KİRALIK mülk arayan,0.11,8,554,1
hürriyet emlak eryaman satılık daire,SATILIK mülk arayan,0.11,8,552,1
eryaman ataşehir satılık daire,SATILIK mülk arayan,0.11,8,556,1
eryaman finest satılık,SATILIK mülk arayan,0.11,8,551,1
eryaman metrokent satılık,SATILIK mülk arayan,0.11,8,556,1
natura eryaman satılık,SATILIK mülk arayan,0.11,8,554,1
eryaman satılık 1 1 residence,SATILIK mülk arayan,0.11,8,556,1
eryaman sutek satılık daire,SATILIK mülk arayan,0.11,8,556,1
eryaman terasevler satılık,SATILIK mülk arayan,0.11,8,556,1
eryaman 12 satılık daire,SATILIK mülk arayan,0.11,8,556,1
konum eryaman sahibinden satılık,SATILIK mülk arayan,0.11,8,553,1
eryaman bahçen kiralık daire,KİRALIK mülk arayan,0.11,8,556,1
eryaman kiralık depo,KİRALIK mülk arayan,0.11,8,556,1
oasis eryaman kiralık,KİRALIK mülk arayan,0.11,8,554,1
eryaman bordo platinum kiralık,KİRALIK mülk arayan,0.11,8,556,1
eryaman şeyh şamil kiralık ev,KİRALIK mülk arayan,0.11,8,551,1
eryaman mavi ladin villalari kiralık,KİRALIK mülk arayan,0.11,8,552,1
eryaman kiralık daire 21,KİRALIK mülk arayan,0.11,8,556,1
adres eryaman satilik daire,SATILIK mülk arayan,0.11,8,556,1
eryaman canberk sitesi satılık daire,SATILIK mülk arayan,0.11,8,556,1
eryaman mavi çam sitesi satılık daire,SATILIK mülk arayan,0.11,8,555,1
eryaman doğakent sitesi satılık daire,SATILIK mülk arayan,0.11,8,556,1
eryaman eston satılık daire,SATILIK mülk arayan,0.11,8,556,1
eryaman içtaş blokları satılık daire,SATILIK mülk arayan,0.11,8,556,1
eryaman oyak toki satılık daire,SATILIK mülk arayan,0.11,8,556,1
eryaman örnek arı sitesi satılık daire,SATILIK mülk arayan,0.11,8,556,1
eryaman göksu park satılık daire,SATILIK mülk arayan,0.11,8,556,1
eryaman tunahan sitesi satılık daire,SATILIK mülk arayan,0.11,8,556,1
eryaman utkan 1 sitesi satılık daire,SATILIK mülk arayan,0.11,8,555,1
eryaman bayrak sitesi kiralık daire,KİRALIK mülk arayan,0.11,8,556,1
eryaman da eşyalı kiralık daire,KİRALIK mülk arayan,0.11,8,556,1
eryaman ilkbahar sitesi kiralık daire,KİRALIK mülk arayan,0.11,8,553,1
meydan eryaman ev,Diğer,0.11,8,555,1
ankara eryaman daire,Diğer,0.11,8,555,1
sahibinden satılık daire eryaman güzelkent,SATILIK mülk arayan,0.11,8,554,1
eryaman 4+1 daire,Diğer,0.11,8,556,1
eryaman residence günlük kiralık,KİRALIK mülk arayan,0.11,8,551,1
ankara eryaman en iyi dershaneler,Diğer,0.11,8,552,1
eryaman en iyi dişçi,Diğer,0.11,8,556,1
eryaman en iyi kahvaltı,Diğer,0.11,8,556,1
eryaman en iyi devlet okulu,SEMT / yaşam araştırması,0.11,8,553,1
eryaman 3. etap cafe,SİTE / proje / etap adı,0.11,8,553,1
eryaman 1 etap ptt,SİTE / proje / etap adı,0.11,8,556,1
eryaman 3 etap kemal sonunur parkı,SİTE / proje / etap adı,0.11,8,556,1
eryaman 3 etap satılık 1 1,SATILIK mülk arayan,0.11,8,556,1
eryaman 5 etap aidatları,SİTE / proje / etap adı,0.11,8,555,1
ankara etimesgut ayyıldız emlak,Diğer,0.11,8,555,1
emlak katılım etimesgut şube,Diğer,0.11,8,554,1
etimesgut belediyesi emlak vergisi ödeme noktaları,EMLAK VERGİSİ / resmi işlem,0.11,8,555,1
etimesgut atakent satılık daire,SATILIK mülk arayan,0.11,8,556,1
etimesgut etiler de satılık daire,SATILIK mülk arayan,0.11,8,556,1
etimesgut alize konutları satılık daire,SATILIK mülk arayan,0.11,8,555,1
etimesgut alsancak mahallesi satılık daire,SATILIK mülk arayan,0.11,8,556,1
etimesgut şeker mahallesi nde satılık daire,SATILIK mülk arayan,0.11,8,556,1
etimesgut etiler park sitesi satılık daire,SATILIK mülk arayan,0.11,8,556,1
etimesgut saraycık toki satılık daire,SATILIK mülk arayan,0.11,8,554,1
etimesgut 2 1 satılık daire sahibinden,SATILIK mülk arayan,0.11,8,555,1
sahibinden satılık daire etimesgut süvari mahallesi,SATILIK mülk arayan,0.11,8,554,1
etimesgut ayyıldız kiralık daire,KİRALIK mülk arayan,0.11,8,556,1
ankara etimesgut batıkent kiralık daire,KİRALIK mülk arayan,0.11,8,555,1
etimesgut süvari mah dubleks kiralık daire,KİRALIK mülk arayan,0.11,8,553,1
etimesgut akın kent sitesi kiralık daire,KİRALIK mülk arayan,0.11,8,555,1
etimesgut etiler mahallesi kiralık daire,KİRALIK mülk arayan,0.11,8,556,1
kiralık daire etimesgut ankara yakınında,KİRALIK mülk arayan,0.11,8,556,1
etimesgut 2 1 eşyalı kiralık daire,KİRALIK mülk arayan,0.11,8,552,1
sahibinden kiralık daire etimesgut 30 ağustos,KİRALIK mülk arayan,0.11,8,552,1
atk yeni batı satılık,SATILIK mülk arayan,0.11,8,556,1
yeni batı mahallesi satılık dubleks,SATILIK mülk arayan,0.11,8,553,1
ankara yeni batı da sahibinden satilik daireler,SATILIK mülk arayan,0.11,8,555,1
vera west yeni batı satılık,SATILIK mülk arayan,0.11,8,553,1
batıkent yeni batı mahallesi kiralık daire,KİRALIK mülk arayan,0.11,8,556,1
ankara eryaman evde masaj,Diğer,0.11,8,556,1
ankara eryaman 1 1 satılık ev,SATILIK mülk arayan,0.11,8,554,1
ankara eryaman gökdemir sitesi satılık daire,SATILIK mülk arayan,0.11,8,555,1
ankara konum eryaman satılık daire,SATILIK mülk arayan,0.11,8,556,1
ankara eryaman göksu mahallesi satılık daire,SATILIK mülk arayan,0.11,8,556,1
ankara eryaman rezidans satilik daire,SATILIK mülk arayan,0.11,8,550,1
ankara eryaman satılık toki evleri,SATILIK mülk arayan,0.11,8,553,1
ankara eryaman sahibinden satılık daireler,SATILIK mülk arayan,0.11,8,550,1
ankara eryaman kiralık apart daireler,KİRALIK mülk arayan,0.11,8,552,1
ankara eryaman dogakent sitesi kiralık daire,KİRALIK mülk arayan,0.11,8,556,1
ankara eryaman sahibinden kiralık daireler,KİRALIK mülk arayan,0.11,8,552,1
sahibinden kiralık daire eryaman etimesgut yakınında,KİRALIK mülk arayan,0.104,14,550,2
imaj emlak eryaman ankara,Diğer,0.099,9,552,1
eryaman başak emlak,Diğer,0.099,9,553,1
tepe emlak eryaman kiralık,KİRALIK mülk arayan,0.099,9,553,1
emlak sanatı eryaman,Diğer,0.099,9,551,1
elit eryaman gayrimenkul,Diğer,0.099,9,552,1
eryaman bahçen satılık daire,SATILIK mülk arayan,0.099,9,555,1
havuzlubahçe eryaman satılık,SATILIK mülk arayan,0.099,9,553,1
nexus eryaman satılık,SATILIK mülk arayan,0.099,9,553,1
eryaman türeli satılık,SATILIK mülk arayan,0.099,9,555,1
eryaman satilik 4 1,SATILIK mülk arayan,0.099,9,550,1
eryaman fırat life kiralık,KİRALIK mülk arayan,0.099,9,555,1
eryaman metrokent kiralık,KİRALIK mülk arayan,0.099,9,555,1
eryaman kaşmir mavi orkide kiralık,KİRALIK mülk arayan,0.099,9,553,1
eryaman yavuz selim mahallesi kiralık villa,KİRALIK mülk arayan,0.099,9,551,1
eryaman kiralık 3 1,KİRALIK mülk arayan,0.099,9,555,1
eryaman 2 1 kiralık sahibinden,KİRALIK mülk arayan,0.099,9,554,1
eryaman göksu mahallesi satılık daire,SATILIK mülk arayan,0.099,9,555,1
eryaman havuzlu evler satılık daire,SATILIK mülk arayan,0.099,9,552,1
eryaman ikizler sitesi satılık daire,SATILIK mülk arayan,0.099,9,555,1
eryaman göksu mahallesinde satılık daire,SATILIK mülk arayan,0.099,9,555,1
eryaman oasis tower satılık daire,SATILIK mülk arayan,0.099,9,555,1
eryaman elif özgen sitesi satılık daire,SATILIK mülk arayan,0.099,9,555,1
eryaman göksu prestij satılık daire,SATILIK mülk arayan,0.099,9,555,1
eryaman oyak atakent 2 satılık daire,SATILIK mülk arayan,0.099,9,555,1
sahibinden konum eryaman satılık daire,SATILIK mülk arayan,0.099,9,555,1
eryaman mavi cam sitesi kiralık daire,KİRALIK mülk arayan,0.099,9,553,1
eryaman göksu da kiralık daire,KİRALIK mülk arayan,0.099,9,555,1
eryaman göksupark konutları kiralık daire,KİRALIK mülk arayan,0.099,9,551,1
eryaman kc göksu kiralık daire,KİRALIK mülk arayan,0.099,9,555,1
eryaman altay mahallesi kiralık daire,KİRALIK mülk arayan,0.099,9,555,1
eryaman yeşilgöl sitesi kiralık daire,KİRALIK mülk arayan,0.099,9,555,1
eryaman göksu mahallesi satılık ev,SATILIK mülk arayan,0.099,9,554,1
sahibinden kiralık daire eryaman ankara,KİRALIK mülk arayan,0.099,9,554,1
eryaman port avm devren kiralık dükkan,KİRALIK mülk arayan,0.099,9,550,1
detox eryaman villaları satılık,SATILIK mülk arayan,0.099,9,555,1
ankara eryaman en iyi psikolog,Diğer,0.099,9,551,1
eryaman en iyi diş kliniği,Diğer,0.099,9,555,1
eryaman en iyi kasap,Diğer,0.099,9,555,1
eryaman en iyi lisesi,Diğer,0.099,9,551,1
eryaman 2 etap kiralık ev,KİRALIK mülk arayan,0.099,9,550,1
eryaman 3 etap elektrik kesintisi,SİTE / proje / etap adı,0.099,9,555,1
eryaman 3 etap kuyumcu,SİTE / proje / etap adı,0.099,9,555,1
eryaman 3 etap sağlık ocağı telefon,SİTE / proje / etap adı,0.099,9,552,1
eryaman 3 etap petshop,SİTE / proje / etap adı,0.099,9,555,1
eryaman 4. etap spor salonu,SİTE / proje / etap adı,0.099,9,555,1
eryaman 5 etap avm,SİTE / proje / etap adı,0.099,9,554,1
eryaman 5 etap starbucks,SİTE / proje / etap adı,0.099,9,555,1
eryaman konutları satılık daire,SATILIK mülk arayan,0.099,9,550,1
etimesgut belediyesi emlak vergisi borç sorgulama,EMLAK VERGİSİ / resmi işlem,0.099,9,555,1
mutlu emlak etimesgut alsancak kiralık daire,KİRALIK mülk arayan,0.099,9,554,1
etimesgut belediyesi emlak borcu ödeme,EMLAK VERGİSİ / resmi işlem,0.099,9,554,1
etimesgut yeşilova da satılık daire,SATILIK mülk arayan,0.099,9,555,1
ankara etimesgut şeker mahallesi satılık daire emlakjet,SATILIK mülk arayan,0.099,9,553,1
etimesgut akın kent satılık daire,SATILIK mülk arayan,0.099,9,554,1
etimesgut elvan mahallesi satılık daire,SATILIK mülk arayan,0.099,9,555,1
etimesgut etiler mahallesinde satılık daire,SATILIK mülk arayan,0.099,9,555,1
sahibinden satılık daire etimesgut süvari piyade mahallesi,SATILIK mülk arayan,0.099,9,555,1
etimesgut eryaman kiralık daire,KİRALIK mülk arayan,0.099,9,555,1
etimesgut ahi mesut kiralık daire,KİRALIK mülk arayan,0.099,9,555,1
etimesgut tunahan mahallesi kiralık daire,KİRALIK mülk arayan,0.099,9,555,1
etimesgut metro yakını kiralık daire,KİRALIK mülk arayan,0.099,9,555,1
etimesgut 30 ağustos mahallesi kiralık daire sahibinden,KİRALIK mülk arayan,0.099,9,551,1
batıkent yeni batı mahallesi satılık müstakil,SATILIK mülk arayan,0.099,9,555,1
ahsenler yeni batı satılık daire,SATILIK mülk arayan,0.099,9,555,1
yeni batı mahallesi satılık dükkan,SATILIK mülk arayan,0.099,9,552,1
sahibinden satılık yeni batı mahallesi,SATILIK mülk arayan,0.099,9,554,1
eryaman yeni batı mahallesi kiralık daire,KİRALIK mülk arayan,0.099,9,555,1
ankara eryaman satılık dubleks daire,SATILIK mülk arayan,0.099,9,555,1
ankara eryaman spor sitesi satılık daire,SATILIK mülk arayan,0.099,9,555,1
ankara eryaman toki satilik daireler,SATILIK mülk arayan,0.099,9,552,1
ankara eryaman da 1 artı 1 satılık daireler,SATILIK mülk arayan,0.099,9,552,1
ankara meydan eryaman kiralik daire,KİRALIK mülk arayan,0.099,9,554,1
ankara eryaman sahibinden kiralık evler,KİRALIK mülk arayan,0.099,9,551,1
eryaman evleri satılık 3+1,SATILIK mülk arayan,0.096,11,850,1
imaj emlak eryaman ankara etimesgut yorumları,Diğer,0.09,10,551,1
eryaman belmi emlak,Diğer,0.09,10,552,1
ankara eryaman efor emlak,Diğer,0.09,10,551,1
atakent emlak eryaman kiralık,KİRALIK mülk arayan,0.09,10,552,1
emlak sanatı eryaman yorumlar,Diğer,0.09,10,550,1
satılık eryaman bahçen konutları,SATILIK mülk arayan,0.09,10,554,1
eryaman havuzlu satılık daire,SATILIK mülk arayan,0.09,10,552,1
eryaman fırat life satılık,SATILIK mülk arayan,0.09,10,554,1
eryaman mahallesi satılık,SATILIK mülk arayan,0.09,10,554,1
eryaman şeker mahallesinde satılık daireler,SATILIK mülk arayan,0.09,10,552,1
eryaman oyak satilik,SATILIK mülk arayan,0.09,10,550,1
eryaman triplex satılık,SATILIK mülk arayan,0.09,10,554,1
eryaman ata yıldız satılık daireler,SATILIK mülk arayan,0.09,10,554,1
eryaman satılık 2 1 daire,SATILIK mülk arayan,0.09,10,554,1
eryaman satilik 3 1 daire,SATILIK mülk arayan,0.09,10,550,1
eryaman sahibinden satilik,SATILIK mülk arayan,0.09,10,551,1
eryaman alarko blokları kiralık,KİRALIK mülk arayan,0.09,10,554,1
concept eryaman kiralık,KİRALIK mülk arayan,0.09,10,554,1
eryaman bordo life kiralık,KİRALIK mülk arayan,0.09,10,554,1
eryaman mahallesi kiralık,KİRALIK mülk arayan,0.09,10,554,1
eryaman dema park kiralık,KİRALIK mülk arayan,0.09,10,554,1
eryaman günlük kiralık resimleri,KİRALIK mülk arayan,0.09,10,554,1
terasevler eryaman kiralık,KİRALIK mülk arayan,0.09,10,551,1
eryaman ata yıldız kiralık,KİRALIK mülk arayan,0.09,10,554,1
eryaman age blokları satılık daire,SATILIK mülk arayan,0.09,10,554,1
eryaman denizim sitesi satılık daire,SATILIK mülk arayan,0.09,10,554,1
gökdemir grup eryaman satılık daire,SATILIK mülk arayan,0.09,10,554,1
eryaman irem sitesi satılık daire,SATILIK mülk arayan,0.09,10,554,1
eryaman kur sitesi satılık daire,SATILIK mülk arayan,0.09,10,554,1
eryaman oyak atakent satılık daire,SATILIK mülk arayan,0.09,10,554,1
eryaman referans sitesi satılık daire,SATILIK mülk arayan,0.09,10,554,1
malatya tecde eryaman satılık daire,SATILIK mülk arayan,0.09,10,554,1
eryaman evleri sahibinden satılık daire,SATILIK mülk arayan,0.09,10,554,1
eryaman stfa blokları kiralık daire,KİRALIK mülk arayan,0.09,10,554,1
dört mevsim eryaman kiralık daire,KİRALIK mülk arayan,0.09,10,554,1
referans eryaman sahibinden kiralık daire,KİRALIK mülk arayan,0.09,10,550,1
eryaman turkuaz sitesi kiralık daire,KİRALIK mülk arayan,0.09,10,552,1
eryaman göksu kiralık ev,KİRALIK mülk arayan,0.09,10,554,1
eryaman 1 1 eşyalı ev,Diğer,0.09,10,551,1
eryaman göksu ev,Diğer,0.09,10,552,1
eryaman stüdyo daire,Diğer,0.09,10,554,1
eryaman 3 etap 1 1 satılık daireler,SATILIK mülk arayan,0.09,10,554,1
1 etap betontaş iş merkezi eryaman ankara,SİTE / proje / etap adı,0.09,10,550,1
eryaman 1 etap petshop,SİTE / proje / etap adı,0.09,10,554,1
ankara eryaman 2 etap kiralık daire,KİRALIK mülk arayan,0.09,10,553,1
ankara eryaman 3 etap sağlık ocağı,SİTE / proje / etap adı,0.09,10,551,1
eryaman 3.etap pide,SİTE / proje / etap adı,0.09,10,554,1
eryaman 4 etap çarşısı,SİTE / proje / etap adı,0.09,10,554,1
eryaman 5 etap aktürk sitesi kiralık,KİRALIK mülk arayan,0.09,10,553,1
eryaman sitesi ankara,SİTE / proje / etap adı,0.09,10,554,1
konutkent eryaman arası kaç km,Diğer,0.09,10,554,1
eryaman toplu konut,SİTE / proje / etap adı,0.09,10,554,1
etimesgut aşağıyurtçu satılık daire,SATILIK mülk arayan,0.09,10,554,1
sahibinden satılık daire bağlıca etimesgut ankara yakınında,SATILIK mülk arayan,0.09,10,554,1
etimesgut eryaman da satılık daire,SATILIK mülk arayan,0.09,10,554,1
etimesgut erler mahallesi satılık daire,SATILIK mülk arayan,0.09,10,552,1
etimesgut oğuzlar mahallesi satılık daire,SATILIK mülk arayan,0.09,10,554,1
etimesgut elvankent te satılık daire,SATILIK mülk arayan,0.09,10,552,1
satılık daire etimesgut ankara yakınında,SATILIK mülk arayan,0.09,10,554,1
etimesgut ayyıldız mahallesi kiralık daire,KİRALIK mülk arayan,0.09,10,554,1
etimesgut ta eşyalı kiralık daire,KİRALIK mülk arayan,0.09,10,554,1
etimesgut yeşilova günlük kiralık daire,KİRALIK mülk arayan,0.09,10,554,1
etimesgut 3 artı 1 kiralık daire,KİRALIK mülk arayan,0.09,10,550,1
astim yeni batı satılık daire,SATILIK mülk arayan,0.09,10,554,1
ankara eryaman evleri satılık,SATILIK mülk arayan,0.09,10,554,1
ankara eryaman başak sitesi satılık daire,SATILIK mülk arayan,0.09,10,552,1
ankara eryaman sutek sitesi satılık daire,SATILIK mülk arayan,0.09,10,554,1
ankara eryaman toki satılık daire,SATILIK mülk arayan,0.09,10,551,1
ankara eryaman da 2 artı 1 satılık daireler,SATILIK mülk arayan,0.09,10,551,1
ankara eryaman kiralık ev,KİRALIK mülk arayan,0.09,10,550,1
ankara eryaman kiralık daire fiyatları,KİRALIK mülk arayan,0.09,10,554,1
ankara eryaman sahibinden kiralik daire,KİRALIK mülk arayan,0.09,10,550,1
eryaman evleri kiralık 2+1,KİRALIK mülk arayan,0.086,12,800,1
imaj emlak eryaman ankara yorumlar,Diğer,0.082,11,550,1
emlak katılım eryaman şubesi,Diğer,0.082,11,551,1
eryaman armoni life satilik,SATILIK mülk arayan,0.082,11,553,1
eryaman göksu mahallesinde satılık daireler,SATILIK mülk arayan,0.082,11,551,1
eryaman park prestij satılık daireler,SATILIK mülk arayan,0.082,11,553,1
eryaman bp residence satılık,SATILIK mülk arayan,0.082,11,553,1
eryaman temelden satılık daireler,SATILIK mülk arayan,0.082,11,553,1
eryaman evleri satılık 2 1 daireler,SATILIK mülk arayan,0.082,11,553,1
eryaman sahibinden satilik ev,SATILIK mülk arayan,0.082,11,550,1
eryaman mesa blokları kiralık,KİRALIK mülk arayan,0.082,11,553,1
eryaman kiralık dubleks,KİRALIK mülk arayan,0.082,11,553,1
eryaman guzelkent kiralik,KİRALIK mülk arayan,0.082,11,553,1
eryaman kaşmir kiralık,KİRALIK mülk arayan,0.082,11,553,1
eryaman meydan kiralık daire,KİRALIK mülk arayan,0.082,11,553,1
eryaman neva panora kiralık,KİRALIK mülk arayan,0.082,11,553,1
eryaman metro yakını kiralık,KİRALIK mülk arayan,0.082,11,553,1
endora eryaman kiralık,KİRALIK mülk arayan,0.082,11,553,1
konum eryaman sahibinden kiralık,KİRALIK mülk arayan,0.082,11,552,1
eryaman göksuda satılık daire,SATILIK mülk arayan,0.082,11,553,1
eryaman ikinci etap satılık daire,SATILIK mülk arayan,0.082,11,553,1
eryaman köroğlu sitesi satılık daire,SATILIK mülk arayan,0.082,11,553,1
eryaman oray sitesi satılık daire,SATILIK mülk arayan,0.082,11,553,1
eryaman rüyakent sitesi satılık daire,SATILIK mülk arayan,0.082,11,553,1
eryaman tarman konutları satılık daire,SATILIK mülk arayan,0.082,11,553,1
eryaman 1 2 metro satılık daire,SATILIK mülk arayan,0.082,11,553,1
ataşehir eryaman kiralık daire,KİRALIK mülk arayan,0.082,11,553,1
eryaman camlı klima blokları kiralık daire,KİRALIK mülk arayan,0.082,11,551,1
eryaman da günlük kiralık daire,KİRALIK mülk arayan,0.082,11,553,1
eryaman polsan bahar sitesi kiralık daire,KİRALIK mülk arayan,0.082,11,550,1
eryaman vergi dairesi,Diğer,0.082,11,553,1
eryaman en iyi döner,Diğer,0.082,11,553,1
eryaman en iyi kolej,Diğer,0.082,11,553,1
3 etap eryaman center avm,SİTE / proje / etap adı,0.082,11,550,1
eryaman 3 etap alarko,SİTE / proje / etap adı,0.082,11,553,1
eryaman 3 etap kiralık 1 1,KİRALIK mülk arayan,0.082,11,553,1
eryaman 3 etap pasaj,SİTE / proje / etap adı,0.082,11,553,1
eryaman 3 etap ta,SİTE / proje / etap adı,0.082,11,553,1
etimesgut belediyesi emlak beyanı,EMLAK VERGİSİ / resmi işlem,0.082,11,553,1
ankara etimesgut emlak vergisi,EMLAK VERGİSİ / resmi işlem,0.082,11,552,1
etimesgut emirler sr emlak,Diğer,0.082,11,553,1
etimesgut devlet mah satılık daire,SATILIK mülk arayan,0.082,11,553,1
etimesgut ahi evran satılık daire,SATILIK mülk arayan,0.082,11,551,1
etimesgut akın kent sitesi satılık daire,SATILIK mülk arayan,0.082,11,552,1
etimesgut metro yakını satılık daire,SATILIK mülk arayan,0.082,11,553,1
etimesgut atakent kiralık daire,KİRALIK mülk arayan,0.082,11,553,1
ankara etimesgut dubleks kiralık daire,KİRALIK mülk arayan,0.082,11,550,1
etimesgut oğuzlar mahallesi kiralık daire,KİRALIK mülk arayan,0.082,11,553,1
etimesgut alsancak ta kiralık daire,KİRALIK mülk arayan,0.082,11,553,1
batıkent yeni batı satılık daire,SATILIK mülk arayan,0.082,11,553,1
yeni batı mahallesi satılık 1 1,SATILIK mülk arayan,0.082,11,550,1
yeni batı villaları satılık villa,SATILIK mülk arayan,0.082,11,550,1
hit yeni batı kiralık daire,KİRALIK mülk arayan,0.082,11,553,1
sahibinden yeni batı mahallesi kiralık daire,KİRALIK mülk arayan,0.082,11,553,1
ankara eryaman atayıldız sitesi satılık daire,SATILIK mülk arayan,0.082,11,553,1
ankara eryaman kur sitesi satılık daire,SATILIK mülk arayan,0.082,11,553,1
ankara etimesgut eryaman mahallesi satılık daire,SATILIK mülk arayan,0.082,11,553,1
ankara eryaman tunahan satılık daire,SATILIK mülk arayan,0.082,11,550,1
ankara eryaman da 2 artı 1 kiralık daireler,KİRALIK mülk arayan,0.082,11,552,1
eryaman ankapark satılık daire,SATILIK mülk arayan,0.076,12,552,1
eryaman betontaş satılık,SATILIK mülk arayan,0.076,12,552,1
eryaman royal city satılık,SATILIK mülk arayan,0.076,12,552,1
eryaman kutlutaş satılık,SATILIK mülk arayan,0.076,12,552,1
eryaman devlet mahallesinde satılık evler,SATILIK mülk arayan,0.076,12,550,1
eryaman göksu parkı satılık daireler,SATILIK mülk arayan,0.076,12,552,1
eryaman beyaz residence satılık,SATILIK mülk arayan,0.076,12,552,1
eryaman sahibinden satılık daire 2 1,SATILIK mülk arayan,0.076,12,552,1
eryaman endora satılık,SATILIK mülk arayan,0.076,12,552,1
eryaman eston blokları kiralık,KİRALIK mülk arayan,0.076,12,552,1
concept eryaman kiralık 1 1,KİRALIK mülk arayan,0.076,12,552,1
frekans eryaman plus kiralık,KİRALIK mülk arayan,0.076,12,552,1
eryaman susuz kiralık,KİRALIK mülk arayan,0.076,12,552,1
eryaman hit yapı kiralık,KİRALIK mülk arayan,0.076,12,552,1
eryaman mahallesi sahibinden kiralık daire,KİRALIK mülk arayan,0.076,12,551,1
eryaman bahcen konutları satılık daire,SATILIK mülk arayan,0.076,12,552,1
eryaman söğüt caddesi satılık daire,SATILIK mülk arayan,0.076,12,552,1
dört mevsim eryaman satılık daire,SATILIK mülk arayan,0.076,12,552,1
eryaman köy içi satılık daire,SATILIK mülk arayan,0.076,12,552,1
eryaman optimum yakını satılık daire,SATILIK mülk arayan,0.076,12,552,1
erya park eryaman satılık daire,SATILIK mülk arayan,0.076,12,552,1
eryaman twin towers satılık daire,SATILIK mülk arayan,0.076,12,552,1
eryaman yüksel sitesi satılık daire,SATILIK mülk arayan,0.076,12,552,1
sahibinden meydan eryaman satılık daire,SATILIK mülk arayan,0.076,12,552,1
eryaman age blokları kiralık daire,KİRALIK mülk arayan,0.076,12,552,1
eryaman tunahan mahallesi kiralık daire,KİRALIK mülk arayan,0.076,12,552,1
eryaman eşyalı kiralık stüdyo daire,KİRALIK mülk arayan,0.076,12,552,1
eryaman güzelkent kiralık ev,KİRALIK mülk arayan,0.076,12,552,1
ankara eryaman ev,Diğer,0.076,12,552,1
eryaman 2 1 satılık daireler,SATILIK mülk arayan,0.076,12,551,1
eryaman en iyi diyetisyen,Diğer,0.076,12,552,1
etap eryaman m migros,SİTE / proje / etap adı,0.076,12,552,1
eryaman 3 etap kiralık,KİRALIK mülk arayan,0.076,12,552,1
eryaman 3 etap konum,SİTE / proje / etap adı,0.076,12,552,1
eryaman 3 etap pastane,SİTE / proje / etap adı,0.076,12,552,1
eryaman 3 etap ta nöbetçi eczane,SİTE / proje / etap adı,0.076,12,552,1
eryaman 4. etap çilingir,SİTE / proje / etap adı,0.076,12,552,1
ankara eryaman 5 etap,SİTE / proje / etap adı,0.076,12,551,1
etimesgut belediyesi emlak,EMLAK VERGİSİ / resmi işlem,0.076,12,552,1
emlak akademi etimesgut,Diğer,0.076,12,551,1
etimesgut emlak vergisi ödeme noktaları,EMLAK VERGİSİ / resmi işlem,0.076,12,551,1
etimesgut ayyıldız da satılık daire,SATILIK mülk arayan,0.076,12,552,1
etimesgut safran evleri satılık daire,SATILIK mülk arayan,0.076,12,550,1
etimesgut 30 ağustos'ta satılık daire,SATILIK mülk arayan,0.076,12,550,1
etimesgut yeşil elvan sitesi satılık daire,SATILIK mülk arayan,0.076,12,552,1
etimesgut bağlıca 1 1 satılık daire,SATILIK mülk arayan,0.076,12,551,1
sahibinden satılık daire etimesgut elvankent,SATILIK mülk arayan,0.076,12,550,1
ankara etimesgut kiralık daire fiyatları,KİRALIK mülk arayan,0.076,12,552,1
etimesgut alsancak mahallesi kiralık daire,KİRALIK mülk arayan,0.076,12,552,1
ankara yeni batı satılık,SATILIK mülk arayan,0.076,12,552,1
yeni batı mah eryaman 1 1 satılık daire,SATILIK mülk arayan,0.076,12,550,1
ankara eryaman evleri posta kodu,Diğer,0.076,12,552,1
eryaman ankara satilik ev,SATILIK mülk arayan,0.076,12,550,1
ankara eryaman mavi bayrak sitesi satılık daireler,SATILIK mülk arayan,0.076,12,550,1
ankara eryaman da satılık,SATILIK mülk arayan,0.076,12,552,1
ankara eryaman kaşmir göl evleri satılık,SATILIK mülk arayan,0.076,12,551,1
ankara eryaman oyak evleri satılık daire,SATILIK mülk arayan,0.076,12,552,1
ankara sincan eryaman kiralık daire,KİRALIK mülk arayan,0.076,12,552,1
eryaman evleri sitesi satılık,SATILIK mülk arayan,0.071,14,700,1
eryaman arkadya satılık,SATILIK mülk arayan,0.07,13,551,1
eryaman mia concept satılık,SATILIK mülk arayan,0.07,13,551,1
eryaman güzelkent satılık evler,SATILIK mülk arayan,0.07,13,551,1
eryaman metro yanı satılık daire,SATILIK mülk arayan,0.07,13,551,1
eryaman kutlutaş kiralık,KİRALIK mülk arayan,0.07,13,551,1
lokasyon eryaman kiralık,KİRALIK mülk arayan,0.07,13,551,1
eryaman göksu relax kiralık daire,KİRALIK mülk arayan,0.07,13,551,1
eryaman bayrak sitesi satılık daire,SATILIK mülk arayan,0.07,13,551,1
eryaman camlı klima blokları satılık daire,SATILIK mülk arayan,0.07,13,551,1
eryaman yeşilova da satılık daire,SATILIK mülk arayan,0.07,13,551,1
eryaman evinora satılık daire,SATILIK mülk arayan,0.07,13,551,1
eryaman gözde sitesi satılık daire,SATILIK mülk arayan,0.07,13,551,1
eryaman ilkbahar sitesi satılık daire,SATILIK mülk arayan,0.07,13,551,1
trend life eryaman satılık daire,SATILIK mülk arayan,0.07,13,551,1
eryaman oyak konutları satılık daire,SATILIK mülk arayan,0.07,13,551,1
eryaman rada life satılık daire,SATILIK mülk arayan,0.07,13,551,1
eryaman da 2 1 satılık daire,SATILIK mülk arayan,0.07,13,551,1
eryaman bahçen konutları kiralık daire,KİRALIK mülk arayan,0.07,13,551,1
ankara eryaman da kiralık daire,KİRALIK mülk arayan,0.07,13,551,1
eryaman susuz mahallesi kiralık daire,KİRALIK mülk arayan,0.07,13,551,1
eryaman yunus emre mahallesi kiralık daire,KİRALIK mülk arayan,0.07,13,551,1
eryaman güzelkent mahallesi satılık ev,SATILIK mülk arayan,0.07,13,550,1
eryaman sıfır daire,Diğer,0.07,13,551,1
eryaman da 2 artı 1 satılık daireler,SATILIK mülk arayan,0.07,13,550,1
eryaman en iyi dershane,Diğer,0.07,13,551,1
ankara eryaman ikinci etap,SİTE / proje / etap adı,0.07,13,551,1
eryaman 3 etap sürücü kursu,SİTE / proje / etap adı,0.07,13,551,1
eryaman 4 etap çiçekçi,SİTE / proje / etap adı,0.07,13,551,1
eryaman 5 etap sarıgül sitesi,SİTE / proje / etap adı,0.07,13,551,1
eryaman konutkent taksi,Diğer,0.07,13,551,1
eryaman türkkonut,Diğer,0.07,13,551,1
ankara etimesgut emlak vergisi ödeme,EMLAK VERGİSİ / resmi işlem,0.07,13,550,1
sahibinden etimesgut bağlıca satılık daire,SATILIK mülk arayan,0.07,13,551,1
ankara etimesgut da satılık daire,SATILIK mülk arayan,0.07,13,551,1
sahibinden satılık daire etimesgut ankara yakınında,SATILIK mülk arayan,0.07,13,551,1
etimesgut 3 artı 1 satılık daire,SATILIK mülk arayan,0.07,13,550,1
etimesgut elvan kiralık daire,KİRALIK mülk arayan,0.07,13,551,1
ankara etimesgut ta kiralık daire,KİRALIK mülk arayan,0.07,13,551,1
yeni batı eşyalı kiralık daire,KİRALIK mülk arayan,0.07,13,551,1
ankara eryaman da satılık müstakil evler,SATILIK mülk arayan,0.07,13,551,1
ankara eryaman köroğlu sitesi satılık daire,SATILIK mülk arayan,0.07,13,551,1
ankara eryaman maybak evleri satılık daireler,SATILIK mülk arayan,0.07,13,551,1
ankara eryaman dublex kiralık daireler,KİRALIK mülk arayan,0.07,13,551,1
sahibinden kiralık daire ankara eryaman göksu park,KİRALIK mülk arayan,0.07,13,551,1
eryaman ata mahallesi satılık daire,SATILIK mülk arayan,0.07,13,551,1
eryaman efor gayrimenkul danişmanliği,EMLAKÇI / OFİS arayan,0.066,14,550,1
eryaman armonia satılık,SATILIK mülk arayan,0.066,14,550,1
eryaman buse satılık,SATILIK mülk arayan,0.066,14,550,1
sahibinden eryaman canberk satılık daire,SATILIK mülk arayan,0.066,14,550,1
eryaman güzelkent satılık,SATILIK mülk arayan,0.066,14,550,1
frekans eryaman plus satılık,SATILIK mülk arayan,0.066,14,550,1
eryaman sogutbahce satılık daire,SATILIK mülk arayan,0.066,14,550,1
sahibinden eryaman satılık 2 1,SATILIK mülk arayan,0.066,14,550,1
eryaman alarko kiralık,KİRALIK mülk arayan,0.066,14,550,1
lotus eryaman kiralık,KİRALIK mülk arayan,0.066,14,550,1
eryaman gökdemir premium kiralık,KİRALIK mülk arayan,0.066,14,550,1
eryaman saatlik kiralık,KİRALIK mülk arayan,0.066,14,550,1
eryaman başak sitesi satılık daire,SATILIK mülk arayan,0.066,14,550,1
eryaman dil devrimi caddesi satılık daire,SATILIK mülk arayan,0.066,14,550,1
eryaman kaşmir de satılık daire,SATILIK mülk arayan,0.066,14,550,1
eryaman eşyalı satılık daire,SATILIK mülk arayan,0.066,14,550,1
gölyaka evleri eryaman satılık daire,SATILIK mülk arayan,0.066,14,550,1
eryaman inci park satılık daire,SATILIK mülk arayan,0.066,14,550,1
eryaman sude konutları satılık daire,SATILIK mülk arayan,0.066,14,550,1
eryaman maximum life satılık daire,SATILIK mülk arayan,0.066,14,550,1
eryaman metro satılık daire,SATILIK mülk arayan,0.066,14,550,1
eryaman optimum karşısı satılık daire,SATILIK mülk arayan,0.066,14,550,1
eryaman palmiye evleri satılık daire,SATILIK mülk arayan,0.066,14,550,1
eryaman ruşen park sitesi satılık daire,SATILIK mülk arayan,0.066,14,550,1
eryaman taflan sitesi satılık daire,SATILIK mülk arayan,0.066,14,550,1
eryaman sude konutları kiralık daire,KİRALIK mülk arayan,0.066,14,550,1
eryaman göksu mahallesi kiralık daire,KİRALIK mülk arayan,0.066,14,550,1
eryaman 1 1 satılık daire sahibinden,SATILIK mülk arayan,0.066,14,550,1
dalgıç rezidans eryaman kiralık,KİRALIK mülk arayan,0.066,14,550,1
eryaman 345 etap taksi,SİTE / proje / etap adı,0.066,14,550,1
ankara eryaman 1 etap,SİTE / proje / etap adı,0.066,14,550,1
ankara eryaman 3 etap,SİTE / proje / etap adı,0.066,14,550,1
eryaman 3 etap salonu,SİTE / proje / etap adı,0.066,14,550,1
eryaman 3. etap toplu yönetim,SİTE / proje / etap adı,0.066,14,550,1
etimesgut belediyesi emlak beyanı verme,EMLAK VERGİSİ / resmi işlem,0.066,14,550,1
etimesgut belediyesi emlak borcu sorgulama,EMLAK VERGİSİ / resmi işlem,0.066,14,550,1
etimesgut asansörlü satılık daire,SATILIK mülk arayan,0.066,14,550,1
etimesgut kazım karabekir de satılık daire,SATILIK mülk arayan,0.066,14,550,1
etimesgut atayurt mahallesi satılık daire,SATILIK mülk arayan,0.066,14,550,1
sahibinden satılık daire eryaman etimesgut yakınında,SATILIK mülk arayan,0.066,14,550,1
kiralık daire etimesgut alsancak mahallesi,KİRALIK mülk arayan,0.066,14,550,1
etimesgut 30 ağustos ta kiralık daire,KİRALIK mülk arayan,0.066,14,550,1
ankara yeni batı satılık arsa,SATILIK mülk arayan,0.066,14,550,1
yeni batı mah devren kiralık dükkan,KİRALIK mülk arayan,0.066,14,550,1
ankara eryaman evleri yeşil manolya sitesinde satılık daire,SATILIK mülk arayan,0.066,14,550,1
ankara eryaman atadostlar sitesi satılık daire,SATILIK mülk arayan,0.066,14,550,1
ankara eryaman doğakent satılık daireler,SATILIK mülk arayan,0.066,14,550,1
ankara eryaman ata mahallesinde satılık daireler,SATILIK mülk arayan,0.066,14,550,1
ankara eryaman sarıgül sitesi satılık daire,SATILIK mülk arayan,0.066,14,550,1
ankara eryaman'da kiralık,KİRALIK mülk arayan,0.066,14,550,1
eryaman günlük kiralık etimesgut ankara,KİRALIK mülk arayan,0.066,14,550,1
