# pencere	2026-08-08	2026-09-04	28
2924	76	3.9	https://www.siringayrimenkul.com/
354	31	4.1	https://www.siringayrimenkul.com/mahalleler/sehit-osman-avci-mahallesi/karma-modern
879	30	7.6	https://www.siringayrimenkul.com/mahalleler/altay-mahallesi/address-eryaman
631	29	5.8	https://www.siringayrimenkul.com/mahalleler/ata-mahallesi/endora-plus
532	25	6.5	https://www.siringayrimenkul.com/mahalleler/ata-mahallesi/efsane-evleri
1569	24	8.5	https://www.siringayrimenkul.com/blog/kat-irtifakindan-kat-mulkiyetine-gecis
302	22	6.7	https://www.siringayrimenkul.com/mahalleler/susuz-mahallesi/lenora-goksu
472	21	6.1	https://www.siringayrimenkul.com/mahalleler/ata-mahallesi/armoni-life
366	21	5.9	https://www.siringayrimenkul.com/mahalleler/yavuz-selim/elit-nar-cicegi
914	20	6.7	https://www.siringayrimenkul.com/blog/eryamanda-hangi-mahalle
387	19	7.1	https://www.siringayrimenkul.com/mahalleler/susuz-mahallesi/yildiz-life
316	17	5.8	https://www.siringayrimenkul.com/mahalleler/cumhuriyet-mahallesi/akin-garden-sitesi
395	17	7.5	https://www.siringayrimenkul.com/mahalleler/goksu-mahallesi/goksu-metrokent-sitesi
236	17	4.6	https://www.siringayrimenkul.com/mahalleler/susuz-mahallesi/maviler-ipek
707	17	8.1	https://www.siringayrimenkul.com/mahalleler/tunahan-mahallesi/mavicam-sitesi
428	17	6.3	https://www.siringayrimenkul.com/mahalleler/yavuz-selim-mahallesi/serhatkent-sitesi
167	16	4.3	https://www.siringayrimenkul.com/mahalleler/altay-mahallesi/mood-street
258	16	5.7	https://www.siringayrimenkul.com/mahalleler/cumhuriyet-mahallesi/gulbaran-residence
385	15	8.1	https://www.siringayrimenkul.com/mahalleler/cumhuriyet-mahallesi/endora-bati
319	15	8.4	https://www.siringayrimenkul.com/mahalleler/goksu-mahallesi/konum-eryaman
527	14	7.0	https://www.siringayrimenkul.com/mahalleler/ata-mahallesi/panorama-garden
380	14	7.9	https://www.siringayrimenkul.com/mahalleler/cumhuriyet-mahallesi/nover-westlife
276	14	6.1	https://www.siringayrimenkul.com/mahalleler/devlet-mahallesi/ornek-ari-sitesi
352	13	8.0	https://www.siringayrimenkul.com/mahalleler/ata-mahallesi/elit-yasam-konutlari-3
218	13	7.4	https://www.siringayrimenkul.com/mahalleler/ata-mahallesi/panorama-prestij
575	13	7.0	https://www.siringayrimenkul.com/mahalleler/goksu-mahallesi/polsan-1-bahar-sitesi
163	13	4.6	https://www.siringayrimenkul.com/mahalleler/susuz-mahallesi/white-dream-sitesi
516	12	6.5	https://www.siringayrimenkul.com/blog/emlakciya-vekalet-verme-rehberi
259	12	5.6	https://www.siringayrimenkul.com/etaplar
627	12	7.0	https://www.siringayrimenkul.com/mahalleler/ata-mahallesi/selvi-evleri-sitesi
1238	12	7.7	https://www.siringayrimenkul.com/mahalleler/eryaman-mahallesi/oyak-555-konut-sitesi
98	12	5.0	https://www.siringayrimenkul.com/mahalleler/goksu-mahallesi/mercan-smart-house
155	12	5.7	https://www.siringayrimenkul.com/mahalleler/goksu-mahallesi/uzunali-goksu-konutlari-2
168	12	6.2	https://www.siringayrimenkul.com/mahalleler/sehit-osman-avci-mahallesi/daldikenler-yasemin-evleri-sitesi
418	12	7.9	https://www.siringayrimenkul.com/mahalleler/tunahan-mahallesi/age-sitesi
343	11	6.5	https://www.siringayrimenkul.com/mahalleler/ata-mahallesi/alkon-sitesi
325	11	8.1	https://www.siringayrimenkul.com/mahalleler/cumhuriyet-mahallesi/natura-goksu
135	11	4.4	https://www.siringayrimenkul.com/mahalleler/goksu-mahallesi/alina-konutlari
257	11	6.4	https://www.siringayrimenkul.com/mahalleler/seyh-samil-mahallesi/inci-park-evleri
193	10	6.6	https://www.siringayrimenkul.com/mahalleler/cumhuriyet-mahallesi/atakoy-konutlari
184	10	8.3	https://www.siringayrimenkul.com/mahalleler/cumhuriyet-mahallesi/diamond-goksu
239	10	5.4	https://www.siringayrimenkul.com/mahalleler/devlet-mahallesi/eryaman-royal-city
263	10	7.8	https://www.siringayrimenkul.com/mahalleler/devlet-mahallesi/mil-kooperatifi-sitesi
187	10	6.4	https://www.siringayrimenkul.com/mahalleler/devlet-mahallesi/ozdenizyildizi-sitesi
279	10	8.3	https://www.siringayrimenkul.com/mahalleler/eryaman-mahallesi/atakent-2-cumhuriyet-sitesi
291	10	8.2	https://www.siringayrimenkul.com/mahalleler/sehit-osman-avci-mahallesi/neva-prestij-konutlari
290	10	8.6	https://www.siringayrimenkul.com/mahalleler/susuz-mahallesi/mood-altinok
405	9	6.4	https://www.siringayrimenkul.com/mahalleler/ata-mahallesi/siyah-beyaz-evler
182	9	5.5	https://www.siringayrimenkul.com/mahalleler/goksu-mahallesi/park-evo-konutlari
343	9	7.3	https://www.siringayrimenkul.com/mahalleler/goksu-mahallesi/park-mira-evleri
474	9	6.8	https://www.siringayrimenkul.com/mahalleler/goksu-mahallesi/polsan-1-gozde-sitesi
396	9	8.7	https://www.siringayrimenkul.com/mahalleler/goksu-mahallesi/yesil-gol-sitesi
132	9	6.2	https://www.siringayrimenkul.com/mahalleler/guzelkent-mahallesi/gardenya-sitesi
1529	9	9.0	https://www.siringayrimenkul.com/mahalleler/sehit-osman-avci-mahallesi/relax-goksu-konutlari
299	9	6.4	https://www.siringayrimenkul.com/mahalleler/susuz-mahallesi/vera-life-goksu
160	8	7.2	https://www.siringayrimenkul.com/mahalleler/altay-mahallesi/akturk-bloklari
213	8	6.4	https://www.siringayrimenkul.com/mahalleler/ata-mahallesi/dilara-sitesi
247	8	8.2	https://www.siringayrimenkul.com/mahalleler/ata-mahallesi/sermina-life
159	8	7.7	https://www.siringayrimenkul.com/mahalleler/cumhuriyet-mahallesi/zen-park-goksu
145	8	5.9	https://www.siringayrimenkul.com/mahalleler/eryaman-mahallesi/asm-golt-sitesi
363	8	7.2	https://www.siringayrimenkul.com/mahalleler/seker-mahallesi/hill-tower
251	8	5.8	https://www.siringayrimenkul.com/mahalleler/seyh-samil-mahallesi/demirel-park-evleri
99	8	5.9	https://www.siringayrimenkul.com/mahalleler/susuz-mahallesi/bulut-kule
241	8	7.4	https://www.siringayrimenkul.com/mahalleler/susuz-mahallesi/duru-life-konutlari
420	8	8.8	https://www.siringayrimenkul.com/mahalleler/tunahan-mahallesi/gokdemir-premium
458	8	7.7	https://www.siringayrimenkul.com/mahalleler/yavuz-selim-mahallesi/dogapark-sitesi
481	7	2.7	https://www.siringayrimenkul.com/?utm_source=google&utm_medium=gbp
227	7	6.5	https://www.siringayrimenkul.com/blog/evimi-satmak-mi-kiraya-vermek-mi
403	7	8.4	https://www.siringayrimenkul.com/mahalleler/altay-mahallesi/firat-life-style-botanik
168	7	8.4	https://www.siringayrimenkul.com/mahalleler/ata-mahallesi/kainat-evler-2
271	7	7.6	https://www.siringayrimenkul.com/mahalleler/ata-mahallesi/panorama-life
295	7	8.0	https://www.siringayrimenkul.com/mahalleler/ata-mahallesi/vizyon-baspinar-sitesi
250	7	7.4	https://www.siringayrimenkul.com/mahalleler/cumhuriyet-mahallesi/vera-west
130	7	8.2	https://www.siringayrimenkul.com/mahalleler/devlet-mahallesi/asiyan-sitesi
80	7	5.4	https://www.siringayrimenkul.com/mahalleler/devlet-mahallesi/gulhayat-sitesi
151	7	7.3	https://www.siringayrimenkul.com/mahalleler/guzelkent-mahallesi/erkent-sitesi
72	7	6.2	https://www.siringayrimenkul.com/mahalleler/guzelkent-mahallesi/yesil-guven-kent
573	7	9.3	https://www.siringayrimenkul.com/mahalleler/sehit-osman-avci-mahallesi
65	7	8.1	https://www.siringayrimenkul.com/mahalleler/sehit-osman-avci-mahallesi/elit-yasam-konutlari-1
52	7	4.9	https://www.siringayrimenkul.com/mahalleler/sehit-osman-avci-mahallesi/garden-zirve
236	7	5.2	https://www.siringayrimenkul.com/mahalleler/sehit-osman-avci-mahallesi/happy-life-residence
336	7	7.4	https://www.siringayrimenkul.com/mahalleler/sehit-osman-avci-mahallesi/kc-lale-evleri
167	7	6.2	https://www.siringayrimenkul.com/mahalleler/sehit-osman-avci-mahallesi/metropark-plus
99	7	5.7	https://www.siringayrimenkul.com/mahalleler/seker-mahallesi/address-enda
280	7	9.6	https://www.siringayrimenkul.com/mahalleler/seyh-samil-mahallesi/alarko-bloklari
80	7	7.1	https://www.siringayrimenkul.com/mahalleler/susuz-mahallesi/cag-life-sitesi
98	7	6.5	https://www.siringayrimenkul.com/mahalleler/susuz-mahallesi/mira-goksu-konutlari
187	7	8.4	https://www.siringayrimenkul.com/mahalleler/susuz-mahallesi/oniz-nirvana
475	7	7.3	https://www.siringayrimenkul.com/mahalleler/tunahan-mahallesi/sarigul-sitesi
188	7	8.1	https://www.siringayrimenkul.com/mahalleler/yavuz-selim-mahallesi/elit-nar-cicegi
120	6	6.1	https://www.siringayrimenkul.com/blog/emlakcisiz-ev-satilir-mi
405	6	8.0	https://www.siringayrimenkul.com/mahalleler/ata-mahallesi
209	6	8.2	https://www.siringayrimenkul.com/mahalleler/ata-mahallesi/anemon-sitesi
182	6	6.0	https://www.siringayrimenkul.com/mahalleler/cumhuriyet-mahallesi/plus-life-ankara
231	6	7.9	https://www.siringayrimenkul.com/mahalleler/cumhuriyet-mahallesi/vizyon-tower
294	6	5.2	https://www.siringayrimenkul.com/mahalleler/cumhuriyet/mes-polaris-evleri
167	6	6.6	https://www.siringayrimenkul.com/mahalleler/devlet-mahallesi/bilgi-sevgi-hosgoru-sitesi
367	6	8.0	https://www.siringayrimenkul.com/mahalleler/eryaman-mahallesi/atakent-vadi-sitesi
255	6	9.4	https://www.siringayrimenkul.com/mahalleler/goksu-mahallesi/arissa-goksu
258	6	9.5	https://www.siringayrimenkul.com/mahalleler/goksu-mahallesi/havuzlu-bahce-konutlari
351	6	7.4	https://www.siringayrimenkul.com/mahalleler/goksu-mahallesi/yeniceri-kule
89	6	5.0	https://www.siringayrimenkul.com/mahalleler/guzelkent-mahallesi/anka-2001-sitesi
51	6	6.0	https://www.siringayrimenkul.com/mahalleler/guzelkent-mahallesi/baskent-sular-sitesi
132	6	7.6	https://www.siringayrimenkul.com/mahalleler/guzelkent-mahallesi/boyut-sitesi
73	6	7.0	https://www.siringayrimenkul.com/mahalleler/guzelkent-mahallesi/evrimkent-sitesi
73	6	6.9	https://www.siringayrimenkul.com/mahalleler/guzelkent-mahallesi/karasimsek-sitesi
709	6	8.5	https://www.siringayrimenkul.com/mahalleler/sehit-osman-avci-mahallesi/koz-modern
307	6	7.3	https://www.siringayrimenkul.com/mahalleler/susuz-mahallesi/goksu-hisar-evleri
150	6	5.8	https://www.siringayrimenkul.com/mahalleler/susuz-mahallesi/korucam-sitesi
758	6	7.3	https://www.siringayrimenkul.com/mahalleler/tunahan-mahallesi/canberk-sitesi
280	6	7.0	https://www.siringayrimenkul.com/mahalleler/tunahan-mahallesi/sutek-sitesi
108	6	6.8	https://www.siringayrimenkul.com/mahalleler/tunahan-mahallesi/yardimci-bloklari
197	6	7.5	https://www.siringayrimenkul.com/mahalleler/yavuz-selim-mahallesi/serpil-sitesi
240	6	5.8	https://www.siringayrimenkul.com/mahalleler/yavuz-selim-mahallesi/yurt-prestij-konutlari
160	6	7.0	https://www.siringayrimenkul.com/mahalleler/yesilova/may-tower
292	5	8.4	https://www.siringayrimenkul.com/blog/emlakci-yetki-belgesi-sorgulama
146	5	6.6	https://www.siringayrimenkul.com/blog/emlakci-yetki-sozlesmesi-rehberi
65	5	7.4	https://www.siringayrimenkul.com/mahalleler/altay-mahallesi/motto-butik
146	5	9.2	https://www.siringayrimenkul.com/mahalleler/ata-mahallesi/aker-mucevher-evleri
73	5	7.1	https://www.siringayrimenkul.com/mahalleler/ata-mahallesi/ayyildiz-sitesi
131	5	5.6	https://www.siringayrimenkul.com/mahalleler/ata-mahallesi/mavi-bayrak-sitesi
103	5	4.4	https://www.siringayrimenkul.com/mahalleler/cumhuriyet-mahallesi/anadolu-vizyon-konutlari
118	5	7.4	https://www.siringayrimenkul.com/mahalleler/cumhuriyet-mahallesi/ap-green-tower
333	5	7.4	https://www.siringayrimenkul.com/mahalleler/cumhuriyet-mahallesi/cimtas-goksu-konutlari
144	5	7.5	https://www.siringayrimenkul.com/mahalleler/cumhuriyet/gulbaran-residence
104	5	8.3	https://www.siringayrimenkul.com/mahalleler/devlet-mahallesi
114	5	6.2	https://www.siringayrimenkul.com/mahalleler/devlet-mahallesi/camdali-sitesi
104	5	8.0	https://www.siringayrimenkul.com/mahalleler/devlet-mahallesi/cinar-sitesi
98	5	6.7	https://www.siringayrimenkul.com/mahalleler/devlet-mahallesi/sari-cinar-sitesi
71	5	8.2	https://www.siringayrimenkul.com/mahalleler/devlet-mahallesi/tes-is-bloklari
74	5	8.5	https://www.siringayrimenkul.com/mahalleler/devlet-mahallesi/turkkonut-istas-sitesi
159	5	8.0	https://www.siringayrimenkul.com/mahalleler/eryaman-mahallesi/basak-sitesi
162	5	8.9	https://www.siringayrimenkul.com/mahalleler/eryaman-mahallesi/oyak-sitesi
187	5	8.9	https://www.siringayrimenkul.com/mahalleler/goksu-mahallesi/bordo-loca
431	5	8.5	https://www.siringayrimenkul.com/mahalleler/goksu-mahallesi/buse-konutlari
291	5	12.0	https://www.siringayrimenkul.com/mahalleler/goksu-mahallesi/havuzlu-evler-sitesi
157	5	6.4	https://www.siringayrimenkul.com/mahalleler/goksu-mahallesi/ilgaz-life
96	5	9.3	https://www.siringayrimenkul.com/mahalleler/goksu-mahallesi/seyirtepe-baspinar
60	5	7.6	https://www.siringayrimenkul.com/mahalleler/guzelkent-mahallesi/eryapi-sitesi
103	5	6.1	https://www.siringayrimenkul.com/mahalleler/sehit-osman-avci-mahallesi/cinar-sitesi
236	5	8.8	https://www.siringayrimenkul.com/mahalleler/seker-mahallesi/zirve-loft
92	5	3.9	https://www.siringayrimenkul.com/mahalleler/seyh-samil-mahallesi/lider-yasam-evleri
95	5	6.0	https://www.siringayrimenkul.com/mahalleler/seyh-samil-mahallesi/tugce-kent-sitesi
147	5	6.0	https://www.siringayrimenkul.com/mahalleler/susuz-mahallesi/perla-life
105	5	8.0	https://www.siringayrimenkul.com/mahalleler/tunahan-mahallesi/elit-yasam-evleri
341	5	6.7	https://www.siringayrimenkul.com/mahalleler/tunahan-mahallesi/ozar-sitesi
98	5	5.7	https://www.siringayrimenkul.com/mahalleler/yavuz-selim-mahallesi/akcakent-87-sitesi
54	5	6.1	https://www.siringayrimenkul.com/mahalleler/yesilova-mahallesi/rema-delux
146	5	7.6	https://www.siringayrimenkul.com/mahalleler/yesilova-mahallesi/sertower-busidence
221	4	8.3	https://www.siringayrimenkul.com/blog/hisseli-ipotekli-ev-satisi
263	4	10.8	https://www.siringayrimenkul.com/blog/kiraci-evi-gostermiyor-ne-yapmaliyim
2358	4	8.9	https://www.siringayrimenkul.com/mahalleler
236	4	8.0	https://www.siringayrimenkul.com/mahalleler/altay-mahallesi/kutlutas-sitesi
310	4	8.1	https://www.siringayrimenkul.com/mahalleler/altay-mahallesi/mesa-bloklari
265	4	7.5	https://www.siringayrimenkul.com/mahalleler/altay-mahallesi/oasis-tower
195	4	7.9	https://www.siringayrimenkul.com/mahalleler/ata-mahallesi/akonur-sitesi
156	4	6.9	https://www.siringayrimenkul.com/mahalleler/ata-mahallesi/billur-sitesi
368	4	8.2	https://www.siringayrimenkul.com/mahalleler/ata-mahallesi/panorama-plus
88	4	7.2	https://www.siringayrimenkul.com/mahalleler/ata-mahallesi/pasa-evleri
78	4	6.2	https://www.siringayrimenkul.com/mahalleler/ata-mahallesi/sari-gulluk-konutlari
158	4	8.1	https://www.siringayrimenkul.com/mahalleler/ata-mahallesi/twin-towers-eryaman
103	4	9.2	https://www.siringayrimenkul.com/mahalleler/cumhuriyet-mahallesi/angora-goksu-evleri
71	4	6.8	https://www.siringayrimenkul.com/mahalleler/cumhuriyet-mahallesi/ankalux-residence
120	4	8.4	https://www.siringayrimenkul.com/mahalleler/cumhuriyet-mahallesi/bulvar-yasam-konutlari
133	4	8.3	https://www.siringayrimenkul.com/mahalleler/cumhuriyet-mahallesi/greenpark-evleri
213	4	7.7	https://www.siringayrimenkul.com/mahalleler/cumhuriyet-mahallesi/guzel-belde-sitesi
94	4	8.8	https://www.siringayrimenkul.com/mahalleler/cumhuriyet-mahallesi/kasmir-yonca
104	4	7.8	https://www.siringayrimenkul.com/mahalleler/cumhuriyet/angora-goksu-evleri
117	4	7.1	https://www.siringayrimenkul.com/mahalleler/eryaman-mahallesi/cumhuriyet-sitesi
59	4	5.8	https://www.siringayrimenkul.com/mahalleler/eryaman-mahallesi/elif-ozgen-sitesi
70	4	5.4	https://www.siringayrimenkul.com/mahalleler/eryaman-mahallesi/lapis-garden
308	4	8.6	https://www.siringayrimenkul.com/mahalleler/eryaman-mahallesi/platin-2-konutlari
114	4	9.6	https://www.siringayrimenkul.com/mahalleler/eryaman-mahallesi/ra-da-life
91	4	6.6	https://www.siringayrimenkul.com/mahalleler/goksu-mahallesi/adalar/63406-1
52	4	8.3	https://www.siringayrimenkul.com/mahalleler/goksu-mahallesi/uzunali-goksu-konutlari
39	4	6.5	https://www.siringayrimenkul.com/mahalleler/guzelkent-mahallesi/didem-sitesi
71	4	6.9	https://www.siringayrimenkul.com/mahalleler/guzelkent-mahallesi/gokkusagi-sitesi
117	4	7.8	https://www.siringayrimenkul.com/mahalleler/guzelkent-mahallesi/isi-kent-sitesi
74	4	6.1	https://www.siringayrimenkul.com/mahalleler/guzelkent-mahallesi/ulas-sitesi
210	4	6.5	https://www.siringayrimenkul.com/mahalleler/sehit-osman-avci-mahallesi/bp-residence-eryaman
339	4	7.8	https://www.siringayrimenkul.com/mahalleler/sehit-osman-avci-mahallesi/demirer-sitesi
495	4	7.3	https://www.siringayrimenkul.com/mahalleler/sehit-osman-avci-mahallesi/goldekent-sitesi
726	4	6.4	https://www.siringayrimenkul.com/mahalleler/sehit-osman-avci-mahallesi/mia-concept-konutlari
422	4	6.8	https://www.siringayrimenkul.com/mahalleler/sehit-osman-avci-mahallesi/safir-rezidans
182	4	5.5	https://www.siringayrimenkul.com/mahalleler/sehit-osman-avci-mahallesi/tureli-residence
578	4	8.5	https://www.siringayrimenkul.com/mahalleler/seker-mahallesi/bahcen-eryaman-konutlari
215	4	5.4	https://www.siringayrimenkul.com/mahalleler/seker-mahallesi/meydan-ada-sitesi
144	4	5.1	https://www.siringayrimenkul.com/mahalleler/seker-mahallesi/volga-residence
141	4	7.8	https://www.siringayrimenkul.com/mahalleler/seyh-samil
118	4	6.4	https://www.siringayrimenkul.com/mahalleler/susuz-mahallesi/adalar/63368-6
113	4	7.0	https://www.siringayrimenkul.com/mahalleler/susuz-mahallesi/liva-goksu
59	4	5.5	https://www.siringayrimenkul.com/mahalleler/susuz-mahallesi/nil-my-home
45	4	8.8	https://www.siringayrimenkul.com/mahalleler/tunahan-mahallesi/adalar/46499-2
309	4	6.0	https://www.siringayrimenkul.com/mahalleler/tunahan-mahallesi/dema-park
109	4	10.3	https://www.siringayrimenkul.com/mahalleler/yavuz-selim-mahallesi/endora-eryaman
57	4	7.9	https://www.siringayrimenkul.com/mahalleler/yavuz-selim-mahallesi/kardeskent-sitesi
133	3	7.2	https://www.siringayrimenkul.com/blog/evinizi-kiraya-verdikten-sonra
90	3	6.9	https://www.siringayrimenkul.com/mahalleler/altay-mahallesi/lila-park
226	3	9.8	https://www.siringayrimenkul.com/mahalleler/ata-mahallesi/atasehir-eryaman-konutlari
233	3	6.1	https://www.siringayrimenkul.com/mahalleler/ata-mahallesi/beloren-manzara-evleri
52	3	4.8	https://www.siringayrimenkul.com/mahalleler/ata-mahallesi/hansa-sitesi
80	3	7.4	https://www.siringayrimenkul.com/mahalleler/ata-mahallesi/ozkardesler-sitesi
187	3	8.4	https://www.siringayrimenkul.com/mahalleler/ata-mahallesi/rusen-park-evleri
107	3	5.7	https://www.siringayrimenkul.com/mahalleler/ata-mahallesi/umut-yapi-sitesi
111	3	9.0	https://www.siringayrimenkul.com/mahalleler/ata-mahallesi/yaylakent-sitesi
91	3	6.2	https://www.siringayrimenkul.com/mahalleler/ata/selvi-evleri-sitesi
104	3	6.0	https://www.siringayrimenkul.com/mahalleler/ata/sirin-guneskent-sitesi
86	3	7.7	https://www.siringayrimenkul.com/mahalleler/cumhuriyet-mahallesi/adalar/62680-1
72	3	6.7	https://www.siringayrimenkul.com/mahalleler/cumhuriyet-mahallesi/adalar/63261-7
190	3	8.6	https://www.siringayrimenkul.com/mahalleler/cumhuriyet-mahallesi/astim-skypark
155	3	7.9	https://www.siringayrimenkul.com/mahalleler/cumhuriyet-mahallesi/basaksehir-ankara-konutlari
180	3	8.1	https://www.siringayrimenkul.com/mahalleler/cumhuriyet-mahallesi/hityenibati-haktanir-konutlari
79	3	4.7	https://www.siringayrimenkul.com/mahalleler/cumhuriyet-mahallesi/nar-gulu-1-sitesi
73	3	6.6	https://www.siringayrimenkul.com/mahalleler/cumhuriyet-mahallesi/natural-konutlari
77	3	7.4	https://www.siringayrimenkul.com/mahalleler/cumhuriyet-mahallesi/vera-point
111	3	7.4	https://www.siringayrimenkul.com/mahalleler/cumhuriyet-mahallesi/zen-park-plus
26	3	4.6	https://www.siringayrimenkul.com/mahalleler/cumhuriyet/konar-manzara-evleri
83	3	8.1	https://www.siringayrimenkul.com/mahalleler/cumhuriyet/natura-goksu
87	3	7.3	https://www.siringayrimenkul.com/mahalleler/devlet-mahallesi/betim-sitesi
173	3	8.1	https://www.siringayrimenkul.com/mahalleler/devlet-mahallesi/cagkent-sitesi
96	3	7.4	https://www.siringayrimenkul.com/mahalleler/devlet-mahallesi/mavikent-sitesi
35	3	5.3	https://www.siringayrimenkul.com/mahalleler/devlet-mahallesi/ozarda-gokturk-sitesi
58	3	7.3	https://www.siringayrimenkul.com/mahalleler/devlet-mahallesi/referans-ankara
62	3	6.0	https://www.siringayrimenkul.com/mahalleler/eryaman-mahallesi/adalar/45924-1
228	3	7.7	https://www.siringayrimenkul.com/mahalleler/eryaman-mahallesi/akasya-evleri
89	3	7.7	https://www.siringayrimenkul.com/mahalleler/eryaman-mahallesi/gencler-sitesi
223	3	6.9	https://www.siringayrimenkul.com/mahalleler/eryaman-mahallesi/ilke-sitesi
68	3	6.4	https://www.siringayrimenkul.com/mahalleler/eryaman-mahallesi/yesil-manolya-sitesi
47	3	11.3	https://www.siringayrimenkul.com/mahalleler/goksu-mahallesi/adalar/63933-2
107	3	11.1	https://www.siringayrimenkul.com/mahalleler/goksu-mahallesi/evinora-sitesi
185	3	9.4	https://www.siringayrimenkul.com/mahalleler/goksu-mahallesi/finest-bloklari
342	3	8.8	https://www.siringayrimenkul.com/mahalleler/goksu-mahallesi/kasmir-mavi-orkide-sitesi
50	3	6.1	https://www.siringayrimenkul.com/mahalleler/goksu-mahallesi/sude-konutlari
66	3	6.9	https://www.siringayrimenkul.com/mahalleler/goksu-mahallesi/yeniguc-sitesi-eryaman
16	3	5.2	https://www.siringayrimenkul.com/mahalleler/goksu/mercan-smart-house
58	3	9.3	https://www.siringayrimenkul.com/mahalleler/guzelkent-mahallesi/eczacilar-sitesi
65	3	7.0	https://www.siringayrimenkul.com/mahalleler/guzelkent-mahallesi/metro-yasam-sitesi
52	3	6.9	https://www.siringayrimenkul.com/mahalleler/guzelkent-mahallesi/yayikli-2-sitesi
72	3	7.2	https://www.siringayrimenkul.com/mahalleler/guzelkent-mahallesi/yeni-isikent-sitesi
62	3	6.7	https://www.siringayrimenkul.com/mahalleler/sehit-osman-avci
146	3	6.8	https://www.siringayrimenkul.com/mahalleler/sehit-osman-avci-mahallesi/ardic-sitesi
121	3	7.3	https://www.siringayrimenkul.com/mahalleler/sehit-osman-avci-mahallesi/elit-yasam-konutlari-2
353	3	6.9	https://www.siringayrimenkul.com/mahalleler/sehit-osman-avci-mahallesi/goksukent-sitesi
67	3	5.8	https://www.siringayrimenkul.com/mahalleler/sehit-osman-avci-mahallesi/gungorler-tower
241	3	7.6	https://www.siringayrimenkul.com/mahalleler/sehit-osman-avci-mahallesi/maybak-sitesi
146	3	7.0	https://www.siringayrimenkul.com/mahalleler/sehit-osman-avci-mahallesi/neva-butik-home
68	3	7.0	https://www.siringayrimenkul.com/mahalleler/sehit-osman-avci/ardic-sitesi
90	3	8.6	https://www.siringayrimenkul.com/mahalleler/seyh-samil-mahallesi/caglar-emin-evleri
113	3	9.1	https://www.siringayrimenkul.com/mahalleler/seyh-samil-mahallesi/eston-bloklari
112	3	6.8	https://www.siringayrimenkul.com/mahalleler/seyh-samil-mahallesi/genc-efes-sitesi
52	3	7.1	https://www.siringayrimenkul.com/mahalleler/seyh-samil/inci-park-evleri
215	3	9.4	https://www.siringayrimenkul.com/mahalleler/susuz-mahallesi
89	3	6.2	https://www.siringayrimenkul.com/mahalleler/susuz-mahallesi/basak-life
75	3	6.6	https://www.siringayrimenkul.com/mahalleler/susuz-mahallesi/dostlar-birikim-sitesi
67	3	9.8	https://www.siringayrimenkul.com/mahalleler/susuz-mahallesi/goksu-marina
99	3	4.7	https://www.siringayrimenkul.com/mahalleler/susuz-mahallesi/green-life-goksu-konutlari
157	3	8.3	https://www.siringayrimenkul.com/mahalleler/susuz-mahallesi/mabeyn-baspinar
195	3	5.7	https://www.siringayrimenkul.com/mahalleler/susuz-mahallesi/saritas-seyir-evleri
72	3	8.4	https://www.siringayrimenkul.com/mahalleler/tunahan-mahallesi/adalar/17673-1
127	3	7.0	https://www.siringayrimenkul.com/mahalleler/tunahan-mahallesi/stfa-bloklari
96	3	5.1	https://www.siringayrimenkul.com/mahalleler/yavuz-selim-mahallesi/ilkiz-2-sitesi
42	3	7.0	https://www.siringayrimenkul.com/mahalleler/yavuz-selim-mahallesi/metrokent-villalari
85	3	4.3	https://www.siringayrimenkul.com/mahalleler/yavuz-selim-mahallesi/sacak-91-sitesi
268	3	9.3	https://www.siringayrimenkul.com/mahalleler/yavuz-selim-mahallesi/terasevler-eryaman
102	3	6.9	https://www.siringayrimenkul.com/mahalleler/yavuz-selim-mahallesi/yeni-kaynak-sitesi
111	3	43.3	https://www.siringayrimenkul.com/mahalleler/yavuz-selim/guz-gol-sitesi
115	3	5.7	https://www.siringayrimenkul.com/mahalleler/yesilova-mahallesi/hotki-ritm
379	3	8.7	https://www.siringayrimenkul.com/mahalleler/yesilova-mahallesi/meva-sehir
130	3	7.0	https://www.siringayrimenkul.com/mahalleler/yesilova/green-place-residence
95	2	8.0	https://www.siringayrimenkul.com/blog/eryamanda-konut-turleri
106	2	8.4	https://www.siringayrimenkul.com/blog/ev-satarken-odenecek-vergiler
306	2	9.2	https://www.siringayrimenkul.com/blog/kiraci-tahliye-taahhutnamesi-rehberi
169	2	8.3	https://www.siringayrimenkul.com/iletisim
34	2	7.0	https://www.siringayrimenkul.com/mahalleler/altay-mahallesi/doktorlar-sitesi
121	2	8.9	https://www.siringayrimenkul.com/mahalleler/altay-mahallesi/frekans-eryaman
64	2	6.1	https://www.siringayrimenkul.com/mahalleler/altay-mahallesi/palmiye-evleri
122	2	8.0	https://www.siringayrimenkul.com/mahalleler/altay-mahallesi/sutek-bloklari
146	2	7.0	https://www.siringayrimenkul.com/mahalleler/altay-mahallesi/vizyon-prestige
83	2	9.5	https://www.siringayrimenkul.com/mahalleler/ata-mahallesi/adalar/45836-1
171	2	8.6	https://www.siringayrimenkul.com/mahalleler/ata-mahallesi/adalar/46407-1
28	2	9.7	https://www.siringayrimenkul.com/mahalleler/ata-mahallesi/adalar/46417-3
119	2	6.6	https://www.siringayrimenkul.com/mahalleler/ata-mahallesi/ata-life-sitesi
57	2	7.2	https://www.siringayrimenkul.com/mahalleler/ata-mahallesi/baskent-sitesi
43	2	7.7	https://www.siringayrimenkul.com/mahalleler/ata-mahallesi/demirkent-on-sitesi
158	2	9.1	https://www.siringayrimenkul.com/mahalleler/ata-mahallesi/dogasu-elmaslar-evleri
92	2	8.2	https://www.siringayrimenkul.com/mahalleler/ata-mahallesi/gold-stone-evleri
207	2	7.0	https://www.siringayrimenkul.com/mahalleler/ata-mahallesi/gozde-evler-sitesi
132	2	7.2	https://www.siringayrimenkul.com/mahalleler/ata-mahallesi/kozlar-towers
109	2	8.4	https://www.siringayrimenkul.com/mahalleler/ata-mahallesi/mercan-life-buse-konutlari
154	2	8.5	https://www.siringayrimenkul.com/mahalleler/ata-mahallesi/parkyaman-evleri
248	2	6.9	https://www.siringayrimenkul.com/mahalleler/ata-mahallesi/prestij-park-konutlari
293	2	8.6	https://www.siringayrimenkul.com/mahalleler/ata-mahallesi/ruyakent-sitesi
37	2	8.2	https://www.siringayrimenkul.com/mahalleler/ata-mahallesi/seckin-atasaylar-sitesi
116	2	7.1	https://www.siringayrimenkul.com/mahalleler/ata-mahallesi/tekirdag-park-evleri
296	2	9.0	https://www.siringayrimenkul.com/mahalleler/ata-mahallesi/zirve-park-konutlari
57	2	6.8	https://www.siringayrimenkul.com/mahalleler/ata/kainat-evler-2
82	2	7.7	https://www.siringayrimenkul.com/mahalleler/ata/mercan-life-buse-konutlari
136	2	6.2	https://www.siringayrimenkul.com/mahalleler/ata/prestij-park-konutlari
70	2	8.4	https://www.siringayrimenkul.com/mahalleler/cumhuriyet-mahallesi/adalar/62669-3
138	2	7.6	https://www.siringayrimenkul.com/mahalleler/cumhuriyet-mahallesi/hotki-bulvar
202	2	8.0	https://www.siringayrimenkul.com/mahalleler/cumhuriyet-mahallesi/mes-polaris-evleri
47	2	11.9	https://www.siringayrimenkul.com/mahalleler/cumhuriyet-mahallesi/mood-goksu
130	2	7.0	https://www.siringayrimenkul.com/mahalleler/cumhuriyet-mahallesi/utopya-konutlari
40	2	6.7	https://www.siringayrimenkul.com/mahalleler/cumhuriyet/utopya-konutlari
37	2	7.8	https://www.siringayrimenkul.com/mahalleler/cumhuriyet/vera-west
175	2	7.7	https://www.siringayrimenkul.com/mahalleler/devlet-mahallesi/adalar/18676-1
101	2	9.4	https://www.siringayrimenkul.com/mahalleler/devlet-mahallesi/adalar/18707-1
115	2	9.4	https://www.siringayrimenkul.com/mahalleler/devlet-mahallesi/adalar/18708-1
111	2	9.1	https://www.siringayrimenkul.com/mahalleler/devlet-mahallesi/bayrak-sitesi
148	2	7.0	https://www.siringayrimenkul.com/mahalleler/devlet-mahallesi/ikizler-sitesi
77	2	6.7	https://www.siringayrimenkul.com/mahalleler/devlet-mahallesi/oray-sitesi
76	2	4.6	https://www.siringayrimenkul.com/mahalleler/devlet-mahallesi/yildiz-tatil-sitesi
16	2	6.7	https://www.siringayrimenkul.com/mahalleler/devlet-mahallesi/yuceyurt-sitesi
47	2	6.9	https://www.siringayrimenkul.com/mahalleler/devlet/arslanlar-sitesi
394	2	10.3	https://www.siringayrimenkul.com/mahalleler/eryaman-mahallesi
183	2	9.5	https://www.siringayrimenkul.com/mahalleler/eryaman-mahallesi/ankapark-konutlari
61	2	7.4	https://www.siringayrimenkul.com/mahalleler/eryaman-mahallesi/arya-evleri
60	2	7.6	https://www.siringayrimenkul.com/mahalleler/eryaman-mahallesi/asm-prestij-konutlari
57	2	7.3	https://www.siringayrimenkul.com/mahalleler/eryaman-mahallesi/atakent-metro-sitesi
174	2	7.6	https://www.siringayrimenkul.com/mahalleler/eryaman-mahallesi/caglar-sitesi
68	2	9.0	https://www.siringayrimenkul.com/mahalleler/eryaman-mahallesi/cigdem-sitesi
33	2	7.8	https://www.siringayrimenkul.com/mahalleler/eryaman-mahallesi/dogankaya-sitesi
50	2	8.4	https://www.siringayrimenkul.com/mahalleler/eryaman-mahallesi/endora-park
47	2	8.0	https://www.siringayrimenkul.com/mahalleler/eryaman-mahallesi/ozgun-ipek-sitesi
11	2	8.2	https://www.siringayrimenkul.com/mahalleler/eryaman-mahallesi/turk-konut-calisanlar-sitesi
142	2	8.4	https://www.siringayrimenkul.com/mahalleler/goksu-mahallesi/bahar-sitesi
125	2	8.8	https://www.siringayrimenkul.com/mahalleler/goksu-mahallesi/goksu-manzara-evleri
78	2	10.1	https://www.siringayrimenkul.com/mahalleler/goksu-mahallesi/kasmir-gol-evleri
132	2	9.1	https://www.siringayrimenkul.com/mahalleler/goksu-mahallesi/maybak-konutlari
144	2	8.3	https://www.siringayrimenkul.com/mahalleler/goksu-mahallesi/selale-evleri-sitesi
128	2	6.6	https://www.siringayrimenkul.com/mahalleler/goksu/goksu-metrokent-sitesi
48	2	5.1	https://www.siringayrimenkul.com/mahalleler/goksu/uzuner-sitesi
28	2	8.6	https://www.siringayrimenkul.com/mahalleler/guzelkent-mahallesi/1-portakal-cicegi-sitesi
31	2	6.2	https://www.siringayrimenkul.com/mahalleler/guzelkent-mahallesi/cagdas-sistem-sitesi
47	2	7.8	https://www.siringayrimenkul.com/mahalleler/guzelkent-mahallesi/cozum-kent-sitesi
14	2	6.6	https://www.siringayrimenkul.com/mahalleler/guzelkent-mahallesi/kardelen-sitesi
44	2	5.1	https://www.siringayrimenkul.com/mahalleler/guzelkent-mahallesi/kosk-sitesi
21	2	4.4	https://www.siringayrimenkul.com/mahalleler/guzelkent-mahallesi/renk-villalari
93	2	7.2	https://www.siringayrimenkul.com/mahalleler/guzelkent-mahallesi/tez-konak-sitesi
91	2	6.3	https://www.siringayrimenkul.com/mahalleler/guzelkent/eryapi-sitesi
23	2	6.9	https://www.siringayrimenkul.com/mahalleler/guzelkent/ulas-sitesi
167	2	7.8	https://www.siringayrimenkul.com/mahalleler/sehit-osman-avci-mahallesi/adalar/46631-1
85	2	8.3	https://www.siringayrimenkul.com/mahalleler/sehit-osman-avci-mahallesi/adalar/46653-3
409	2	8.1	https://www.siringayrimenkul.com/mahalleler/sehit-osman-avci-mahallesi/bordo-life-residence
10	2	9.4	https://www.siringayrimenkul.com/mahalleler/sehit-osman-avci-mahallesi/bulvar-1071-sitesi
117	2	8.3	https://www.siringayrimenkul.com/mahalleler/sehit-osman-avci-mahallesi/inci-life-residence
21	2	5.9	https://www.siringayrimenkul.com/mahalleler/sehit-osman-avci-mahallesi/lale-kent-sitesi
78	2	5.0	https://www.siringayrimenkul.com/mahalleler/sehit-osman-avci-mahallesi/yazici-modern
145	2	6.0	https://www.siringayrimenkul.com/mahalleler/seker-mahallesi/altas-rezidans
253	2	7.9	https://www.siringayrimenkul.com/mahalleler/seker-mahallesi/oasis-rezidans
29	2	6.9	https://www.siringayrimenkul.com/mahalleler/seyh-samil-mahallesi/adalar/17322-1
13	2	5.8	https://www.siringayrimenkul.com/mahalleler/seyh-samil-mahallesi/adalar/17334-1
15	2	6.3	https://www.siringayrimenkul.com/mahalleler/seyh-samil-mahallesi/adalar/17358-1
30	2	7.7	https://www.siringayrimenkul.com/mahalleler/seyh-samil-mahallesi/adalar/46264-1
162	2	8.8	https://www.siringayrimenkul.com/mahalleler/seyh-samil-mahallesi/atayildiz-yasam-konutlari
79	2	7.8	https://www.siringayrimenkul.com/mahalleler/seyh-samil-mahallesi/bizim-alperenler-sitesi
44	2	7.8	https://www.siringayrimenkul.com/mahalleler/seyh-samil-mahallesi/duskent-sitesi
84	2	7.0	https://www.siringayrimenkul.com/mahalleler/seyh-samil-mahallesi/etaplar/3
88	2	7.9	https://www.siringayrimenkul.com/mahalleler/seyh-samil-mahallesi/melis-sitesi
87	2	8.5	https://www.siringayrimenkul.com/mahalleler/seyh-samil-mahallesi/ozahikent-sitesi
36	2	7.7	https://www.siringayrimenkul.com/mahalleler/seyh-samil-mahallesi/taniskent-sitesi
22	2	7.4	https://www.siringayrimenkul.com/mahalleler/seyh-samil-mahallesi/yesil-asiyan-sitesi
182	2	5.8	https://www.siringayrimenkul.com/mahalleler/seyh-samil-mahallesi/yesil-vadim-sitesi
51	2	7.2	https://www.siringayrimenkul.com/mahalleler/susuz-mahallesi/adalar/63380-3
153	2	7.2	https://www.siringayrimenkul.com/mahalleler/susuz-mahallesi/bella-garden
90	2	8.2	https://www.siringayrimenkul.com/mahalleler/susuz-mahallesi/lilyum-sitesi
56	2	6.3	https://www.siringayrimenkul.com/mahalleler/susuz-mahallesi/mahal-cag-sitesi
173	2	7.5	https://www.siringayrimenkul.com/mahalleler/susuz-mahallesi/palas-eryaman
121	2	8.0	https://www.siringayrimenkul.com/mahalleler/susuz-mahallesi/paradise-goksu
135	2	9.1	https://www.siringayrimenkul.com/mahalleler/susuz-mahallesi/park-goksu-konutlari
80	2	5.5	https://www.siringayrimenkul.com/mahalleler/susuz-mahallesi/starlife
129	2	5.9	https://www.siringayrimenkul.com/mahalleler/susuz/bordo-gol-evleri
27	2	6.0	https://www.siringayrimenkul.com/mahalleler/susuz/bulut-kule
19	2	6.7	https://www.siringayrimenkul.com/mahalleler/tunahan-mahallesi/adalar/17644-1
7	2	4.0	https://www.siringayrimenkul.com/mahalleler/tunahan-mahallesi/adalar/17645-1
99	2	8.7	https://www.siringayrimenkul.com/mahalleler/tunahan-mahallesi/kur-sitesi-46496-ada
17	2	7.9	https://www.siringayrimenkul.com/mahalleler/tunahan/okyanus-plaza
19	2	6.1	https://www.siringayrimenkul.com/mahalleler/yavuz-selim-mahallesi/baskent-sular-sitesi
66	2	7.3	https://www.siringayrimenkul.com/mahalleler/yavuz-selim-mahallesi/doktorlar-sitesi
92	2	7.6	https://www.siringayrimenkul.com/mahalleler/yavuz-selim-mahallesi/eylul-sitesi
65	2	7.9	https://www.siringayrimenkul.com/mahalleler/yavuz-selim-mahallesi/genc-avrasya-sitesi
74	2	5.7	https://www.siringayrimenkul.com/mahalleler/yavuz-selim-mahallesi/kirkayak-sitesi
60	2	8.7	https://www.siringayrimenkul.com/mahalleler/yavuz-selim-mahallesi/safir-sitesi
232	2	7.5	https://www.siringayrimenkul.com/mahalleler/yavuz-selim-mahallesi/sahil-kent-sitesi
102	2	7.3	https://www.siringayrimenkul.com/mahalleler/yavuz-selim-mahallesi/seda-terasevler
49	2	5.9	https://www.siringayrimenkul.com/mahalleler/yavuz-selim-mahallesi/serenkoy-sitesi
84	2	6.8	https://www.siringayrimenkul.com/mahalleler/yavuz-selim-mahallesi/taskent-sitesi
83	2	8.7	https://www.siringayrimenkul.com/mahalleler/yavuz-selim/esenkent-sitesi
73	2	8.5	https://www.siringayrimenkul.com/mahalleler/yesilova-mahallesi/green-place-residence
170	2	6.2	https://www.siringayrimenkul.com/mahalleler/yesilova-mahallesi/kayra-loft
210	2	7.1	https://www.siringayrimenkul.com/mahalleler/yesilova-mahallesi/penta-5
220	2	8.4	https://www.siringayrimenkul.com/mahalleler/yesilova-mahallesi/sakalar-tower
28	2	4.8	https://www.siringayrimenkul.com/mahalleler/yesilova/barla-konutlari
14	2	9.3	https://www.siringayrimenkul.com/mahalleler/yesilova/lokasyon-eryaman
69	1	6.5	https://www.siringayrimenkul.com/blog/eryaman-disinda-yasayanlar-icin-ev-satisi-kiralama
18	1	7.9	https://www.siringayrimenkul.com/blog/evinizi-satisa-hazirlamak
11	1	8.0	https://www.siringayrimenkul.com/blog/tapu-ada-parsel-nasil-okunur
156	1	6.7	https://www.siringayrimenkul.com/blog/tunahan-mahallesinde-yasam
27	1	5.9	https://www.siringayrimenkul.com/blog/yavuz-selim-mahallesinde-yasam
43	1	9.5	https://www.siringayrimenkul.com/mahalleler/altay-mahallesi/adalar/45898-2
32	1	7.2	https://www.siringayrimenkul.com/mahalleler/altay-mahallesi/adalar/45898-3
20	1	9.3	https://www.siringayrimenkul.com/mahalleler/altay-mahallesi/adalar/45899-7
50	1	9.0	https://www.siringayrimenkul.com/mahalleler/altay-mahallesi/adalar/46403-5
3	1	7.3	https://www.siringayrimenkul.com/mahalleler/altay-mahallesi/adalar/46404-1
116	1	7.1	https://www.siringayrimenkul.com/mahalleler/altay-mahallesi/age-bloklari
101	1	7.7	https://www.siringayrimenkul.com/mahalleler/altay-mahallesi/arya-nuans-residence
69	1	9.9	https://www.siringayrimenkul.com/mahalleler/ata-mahallesi/adalar/44753-2
101	1	9.0	https://www.siringayrimenkul.com/mahalleler/ata-mahallesi/adalar/44754-3
118	1	6.8	https://www.siringayrimenkul.com/mahalleler/ata-mahallesi/adalar/44772-1
174	1	7.2	https://www.siringayrimenkul.com/mahalleler/ata-mahallesi/adalar/46411-1
82	1	9.0	https://www.siringayrimenkul.com/mahalleler/ata-mahallesi/adalar/46413-1
24	1	9.3	https://www.siringayrimenkul.com/mahalleler/ata-mahallesi/adalar/46419-1
41	1	4.1	https://www.siringayrimenkul.com/mahalleler/ata-mahallesi/akdam-sitesi
37	1	8.2	https://www.siringayrimenkul.com/mahalleler/ata-mahallesi/belmi-kent
15	1	7.6	https://www.siringayrimenkul.com/mahalleler/ata-mahallesi/cagdas-onur-sitesi
19	1	5.7	https://www.siringayrimenkul.com/mahalleler/ata-mahallesi/caglar-belde-sitesi
104	1	7.1	https://www.siringayrimenkul.com/mahalleler/ata-mahallesi/caglayan-sitesi
47	1	5.6	https://www.siringayrimenkul.com/mahalleler/ata-mahallesi/gold-life-konutlari
35	1	6.2	https://www.siringayrimenkul.com/mahalleler/ata-mahallesi/guldede-sitesi
64	1	9.0	https://www.siringayrimenkul.com/mahalleler/ata-mahallesi/kainat-evleri
50	1	8.5	https://www.siringayrimenkul.com/mahalleler/ata-mahallesi/mavi-ladin-konut
94	1	8.1	https://www.siringayrimenkul.com/mahalleler/ata-mahallesi/palmiye-evleri
53	1	5.2	https://www.siringayrimenkul.com/mahalleler/ata-mahallesi/senser-sitesi
175	1	8.9	https://www.siringayrimenkul.com/mahalleler/ata-mahallesi/sogut-bahce-konutlari
96	1	9.3	https://www.siringayrimenkul.com/mahalleler/ata-mahallesi/tuana-evleri
38	1	5.9	https://www.siringayrimenkul.com/mahalleler/ata-mahallesi/turuncu-site
9	1	7.6	https://www.siringayrimenkul.com/mahalleler/ata/adalar/44776-2
42	1	7.4	https://www.siringayrimenkul.com/mahalleler/ata/billur-sitesi
16	1	6.4	https://www.siringayrimenkul.com/mahalleler/ata/cigdem-sitesi
54	1	8.6	https://www.siringayrimenkul.com/mahalleler/ata/endora-plus
49	1	6.9	https://www.siringayrimenkul.com/mahalleler/ata/gold-life-konutlari
13	1	4.5	https://www.siringayrimenkul.com/mahalleler/ata/liva-life-yasam-konutlari
46	1	6.5	https://www.siringayrimenkul.com/mahalleler/ata/ozkardesler-sitesi
44	1	6.9	https://www.siringayrimenkul.com/mahalleler/ata/panorama-plus
66	1	6.0	https://www.siringayrimenkul.com/mahalleler/ata/trend-life-sitesi
58	1	9.3	https://www.siringayrimenkul.com/mahalleler/cumhuriyet-mahallesi/adalar/62661-2
14	1	7.6	https://www.siringayrimenkul.com/mahalleler/cumhuriyet-mahallesi/adalar/62669-1
46	1	8.7	https://www.siringayrimenkul.com/mahalleler/cumhuriyet-mahallesi/adalar/62673-1
56	1	7.4	https://www.siringayrimenkul.com/mahalleler/cumhuriyet-mahallesi/adalar/62684-2
58	1	8.5	https://www.siringayrimenkul.com/mahalleler/cumhuriyet-mahallesi/adalar/62689-2
72	1	9.2	https://www.siringayrimenkul.com/mahalleler/cumhuriyet-mahallesi/adalar/62690-2
65	1	8.4	https://www.siringayrimenkul.com/mahalleler/cumhuriyet-mahallesi/adalar/63268-1
110	1	8.2	https://www.siringayrimenkul.com/mahalleler/cumhuriyet-mahallesi/ahsen-sitesi
38	1	8.8	https://www.siringayrimenkul.com/mahalleler/cumhuriyet-mahallesi/bati-life-evleri
36	1	6.8	https://www.siringayrimenkul.com/mahalleler/cumhuriyet-mahallesi/city-life
200	1	9.3	https://www.siringayrimenkul.com/mahalleler/cumhuriyet-mahallesi/hittown
13	1	6.8	https://www.siringayrimenkul.com/mahalleler/cumhuriyet-mahallesi/oz-ugur-sitesi
32	1	5.6	https://www.siringayrimenkul.com/mahalleler/cumhuriyet-mahallesi/paryap-west-life
82	1	8.4	https://www.siringayrimenkul.com/mahalleler/cumhuriyet-mahallesi/vera-vista
1	1	1.0	https://www.siringayrimenkul.com/mahalleler/cumhuriyet/adalar/62672-1
49	1	9.0	https://www.siringayrimenkul.com/mahalleler/cumhuriyet/adalar/62681-1
45	1	6.8	https://www.siringayrimenkul.com/mahalleler/cumhuriyet/atakoy-konutlari
37	1	8.5	https://www.siringayrimenkul.com/mahalleler/cumhuriyet/hityasam
9	1	6.2	https://www.siringayrimenkul.com/mahalleler/cumhuriyet/hotki-bulvar
43	1	7.8	https://www.siringayrimenkul.com/mahalleler/devlet-mahallesi/4-devlet-mahallesi-sitesi
19	1	7.4	https://www.siringayrimenkul.com/mahalleler/devlet-mahallesi/adalar/18684-1
19	1	12.7	https://www.siringayrimenkul.com/mahalleler/devlet-mahallesi/adalar/18701-1
9	1	5.7	https://www.siringayrimenkul.com/mahalleler/devlet-mahallesi/cayilkay-sitesi
91	1	7.9	https://www.siringayrimenkul.com/mahalleler/devlet-mahallesi/cevizlidere-sitesi
5	1	5.2	https://www.siringayrimenkul.com/mahalleler/devlet-mahallesi/dastarli-sitesi
18	1	5.7	https://www.siringayrimenkul.com/mahalleler/devlet-mahallesi/hotki-meydan
30	1	6.9	https://www.siringayrimenkul.com/mahalleler/devlet-mahallesi/selcuklu-sitesi
30	1	7.0	https://www.siringayrimenkul.com/mahalleler/devlet/mavikent-sitesi
38	1	7.1	https://www.siringayrimenkul.com/mahalleler/devlet/oz-gimat-sitesi
3	1	5.0	https://www.siringayrimenkul.com/mahalleler/devlet/turkkonut-sinem-sitesi
21	1	7.9	https://www.siringayrimenkul.com/mahalleler/eryaman-mahallesi/adalar/45793-15
75	1	9.7	https://www.siringayrimenkul.com/mahalleler/eryaman-mahallesi/adalar/45926-3
57	1	9.9	https://www.siringayrimenkul.com/mahalleler/eryaman-mahallesi/armina-park-evleri
110	1	8.5	https://www.siringayrimenkul.com/mahalleler/eryaman-mahallesi/atakent-sitesi
80	1	7.4	https://www.siringayrimenkul.com/mahalleler/eryaman-mahallesi/ayka-park-sitesi
52	1	8.8	https://www.siringayrimenkul.com/mahalleler/eryaman-mahallesi/bahar-sitesi
28	1	7.2	https://www.siringayrimenkul.com/mahalleler/eryaman-mahallesi/beyaz-residence
56	1	6.1	https://www.siringayrimenkul.com/mahalleler/eryaman-mahallesi/hassas-cizgi-sitesi
55	1	7.6	https://www.siringayrimenkul.com/mahalleler/eryaman-mahallesi/intes-dogakent-konutlari
72	1	6.8	https://www.siringayrimenkul.com/mahalleler/eryaman-mahallesi/kayaevleri-sitesi
8	1	14.8	https://www.siringayrimenkul.com/mahalleler/eryaman-mahallesi/maximum-konutlari
66	1	7.4	https://www.siringayrimenkul.com/mahalleler/eryaman-mahallesi/platin-konutlari
8	1	22.6	https://www.siringayrimenkul.com/mahalleler/eryaman/adalar/45918-2
16	1	9.0	https://www.siringayrimenkul.com/mahalleler/eryaman/ra-da-life
66	1	24.3	https://www.siringayrimenkul.com/mahalleler/goksu-mahallesi/adalar/46457-1
18	1	13.1	https://www.siringayrimenkul.com/mahalleler/goksu-mahallesi/adalar/46480-1
79	1	8.4	https://www.siringayrimenkul.com/mahalleler/goksu-mahallesi/adalar/48056-1
75	1	8.2	https://www.siringayrimenkul.com/mahalleler/goksu-mahallesi/adalar/63404-2
14	1	9.5	https://www.siringayrimenkul.com/mahalleler/goksu-mahallesi/adalar/63407-2
35	1	6.8	https://www.siringayrimenkul.com/mahalleler/goksu-mahallesi/admira-goksu-konutlari
41	1	7.4	https://www.siringayrimenkul.com/mahalleler/goksu-mahallesi/doga-konutlari
21	1	7.5	https://www.siringayrimenkul.com/mahalleler/goksu-mahallesi/goksu-aura-sitesi
139	1	9.7	https://www.siringayrimenkul.com/mahalleler/goksu-mahallesi/goksupark-konutlari
111	1	8.5	https://www.siringayrimenkul.com/mahalleler/goksu-mahallesi/golkent-1-sitesi
17	1	9.6	https://www.siringayrimenkul.com/mahalleler/goksu-mahallesi/golkent-sitesi
45	1	7.8	https://www.siringayrimenkul.com/mahalleler/goksu-mahallesi/koru-eryaman
28	1	9.3	https://www.siringayrimenkul.com/mahalleler/goksu-mahallesi/mutlu-sitesi
98	1	11.3	https://www.siringayrimenkul.com/mahalleler/goksu-mahallesi/oyak-goksupark
36	1	6.8	https://www.siringayrimenkul.com/mahalleler/goksu-mahallesi/tulip-life
39	1	9.4	https://www.siringayrimenkul.com/mahalleler/goksu-mahallesi/zirveden-goksu
41	1	45.3	https://www.siringayrimenkul.com/mahalleler/goksu/adalar/46463-1
10	1	5.9	https://www.siringayrimenkul.com/mahalleler/goksu/goksu-bilge-sitesi
28	1	7.4	https://www.siringayrimenkul.com/mahalleler/goksu/ilgaz-life
31	1	7.4	https://www.siringayrimenkul.com/mahalleler/goksu/polsan-1-bahar-sitesi
88	1	8.8	https://www.siringayrimenkul.com/mahalleler/guzelkent-mahallesi
15	1	10.4	https://www.siringayrimenkul.com/mahalleler/guzelkent-mahallesi/adalar/18487-1
35	1	8.5	https://www.siringayrimenkul.com/mahalleler/guzelkent-mahallesi/adalar/18511-1
25	1	9.2	https://www.siringayrimenkul.com/mahalleler/guzelkent-mahallesi/adalar/18516-1
70	1	8.0	https://www.siringayrimenkul.com/mahalleler/guzelkent-mahallesi/adalar/18650-1
27	1	9.6	https://www.siringayrimenkul.com/mahalleler/guzelkent-mahallesi/adalar/18655-1
10	1	9.2	https://www.siringayrimenkul.com/mahalleler/guzelkent-mahallesi/adalar/18668-1
27	1	8.1	https://www.siringayrimenkul.com/mahalleler/guzelkent-mahallesi/adalar/18669-1
18	1	7.1	https://www.siringayrimenkul.com/mahalleler/guzelkent-mahallesi/aknergiz-sitesi
21	1	8.0	https://www.siringayrimenkul.com/mahalleler/guzelkent-mahallesi/anadolu-sitesi
88	1	7.6	https://www.siringayrimenkul.com/mahalleler/guzelkent-mahallesi/asilkent-sitesi
102	1	8.0	https://www.siringayrimenkul.com/mahalleler/guzelkent-mahallesi/cankaya-vefa-sitesi
39	1	6.4	https://www.siringayrimenkul.com/mahalleler/guzelkent-mahallesi/durtas-91-sitesi
22	1	6.5	https://www.siringayrimenkul.com/mahalleler/guzelkent-mahallesi/er-ay-3-sitesi
57	1	6.8	https://www.siringayrimenkul.com/mahalleler/guzelkent-mahallesi/kucuk-ankara-villalari
58	1	5.3	https://www.siringayrimenkul.com/mahalleler/guzelkent-mahallesi/nazlideniz-sitesi
26	1	6.4	https://www.siringayrimenkul.com/mahalleler/guzelkent-mahallesi/pinarkent-91-sitesi
31	1	5.7	https://www.siringayrimenkul.com/mahalleler/guzelkent-mahallesi/postakent-sitesi
80	1	7.8	https://www.siringayrimenkul.com/mahalleler/guzelkent-mahallesi/ritim-eryaman
33	1	7.1	https://www.siringayrimenkul.com/mahalleler/guzelkent-mahallesi/safi-apak-sitesi
28	1	7.0	https://www.siringayrimenkul.com/mahalleler/guzelkent-mahallesi/yesimkent
8	1	7.1	https://www.siringayrimenkul.com/mahalleler/guzelkent/adalar/18484-1
24	1	5.1	https://www.siringayrimenkul.com/mahalleler/guzelkent/adalar/18652-1
43	1	6.8	https://www.siringayrimenkul.com/mahalleler/guzelkent/durtas-91-sitesi
2	1	9.0	https://www.siringayrimenkul.com/mahalleler/guzelkent/elele-sitesi
11	1	5.4	https://www.siringayrimenkul.com/mahalleler/guzelkent/er-ay-3-sitesi
8	1	5.9	https://www.siringayrimenkul.com/mahalleler/guzelkent/konuta-ozlem-sitesi
16	1	4.9	https://www.siringayrimenkul.com/mahalleler/guzelkent/oz-muhtar-sitesi
19	1	8.9	https://www.siringayrimenkul.com/mahalleler/guzelkent/yeni-isikent-sitesi
28	1	9.3	https://www.siringayrimenkul.com/mahalleler/sehit-osman-avci-mahallesi/adalar/46620-5
133	1	8.7	https://www.siringayrimenkul.com/mahalleler/sehit-osman-avci-mahallesi/adalar/46651-6
51	1	8.2	https://www.siringayrimenkul.com/mahalleler/sehit-osman-avci-mahallesi/adalar/46653-1
123	1	8.6	https://www.siringayrimenkul.com/mahalleler/sehit-osman-avci-mahallesi/adalar/46654-6
42	1	9.8	https://www.siringayrimenkul.com/mahalleler/sehit-osman-avci-mahallesi/adalar/46657-5
70	1	8.5	https://www.siringayrimenkul.com/mahalleler/sehit-osman-avci-mahallesi/adalar/46659-6
62	1	6.6	https://www.siringayrimenkul.com/mahalleler/sehit-osman-avci-mahallesi/ahikent-sitesi
267	1	8.8	https://www.siringayrimenkul.com/mahalleler/sehit-osman-avci-mahallesi/alpak-neve-armonia-residence
115	1	8.1	https://www.siringayrimenkul.com/mahalleler/sehit-osman-avci-mahallesi/eston-sitesi
65	1	7.4	https://www.siringayrimenkul.com/mahalleler/sehit-osman-avci-mahallesi/gokdemirler-suit
15	1	9.1	https://www.siringayrimenkul.com/mahalleler/sehit-osman-avci-mahallesi/inci-park-evleri-sitesi
77	1	7.0	https://www.siringayrimenkul.com/mahalleler/sehit-osman-avci-mahallesi/kazim-sari-sitesi
148	1	8.4	https://www.siringayrimenkul.com/mahalleler/sehit-osman-avci-mahallesi/kiratli-residence
40	1	6.0	https://www.siringayrimenkul.com/mahalleler/sehit-osman-avci-mahallesi/odevci-sitesi
32	1	6.1	https://www.siringayrimenkul.com/mahalleler/sehit-osman-avci-mahallesi/z-yayla-konutlari
92	1	7.3	https://www.siringayrimenkul.com/mahalleler/sehit-osman-avci-mahallesi/zekioglu-rezidans
57	1	8.0	https://www.siringayrimenkul.com/mahalleler/sehit-osman-avci/akin-688-konutlari
14	1	6.6	https://www.siringayrimenkul.com/mahalleler/sehit-osman-avci/bossphorus-konutlari
170	1	6.5	https://www.siringayrimenkul.com/mahalleler/sehit-osman-avci/kiratli-residence
30	1	7.2	https://www.siringayrimenkul.com/mahalleler/sehit-osman-avci/relax-eryaman-konutlari
81	1	7.4	https://www.siringayrimenkul.com/mahalleler/seker-mahallesi
14	1	14.9	https://www.siringayrimenkul.com/mahalleler/seker-mahallesi/adalar/46360-3
131	1	7.4	https://www.siringayrimenkul.com/mahalleler/seker-mahallesi/adalar/46361-7
62	1	8.1	https://www.siringayrimenkul.com/mahalleler/seker-mahallesi/adalar/46363-1
121	1	6.7	https://www.siringayrimenkul.com/mahalleler/seker-mahallesi/meydan-cadde
42	1	5.4	https://www.siringayrimenkul.com/mahalleler/seker-mahallesi/rainbow-sitesi
98	1	6.3	https://www.siringayrimenkul.com/mahalleler/seker/altas-rezidans
29	1	5.0	https://www.siringayrimenkul.com/mahalleler/seker/rainbow-sitesi
321	1	8.3	https://www.siringayrimenkul.com/mahalleler/seyh-samil-mahallesi
14	1	6.3	https://www.siringayrimenkul.com/mahalleler/seyh-samil-mahallesi/adalar/17331-1
5	1	6.2	https://www.siringayrimenkul.com/mahalleler/seyh-samil-mahallesi/adalar/17337-1
12	1	8.4	https://www.siringayrimenkul.com/mahalleler/seyh-samil-mahallesi/adalar/17347-1
16	1	7.2	https://www.siringayrimenkul.com/mahalleler/seyh-samil-mahallesi/adalar/17350-1
29	1	6.3	https://www.siringayrimenkul.com/mahalleler/seyh-samil-mahallesi/adalar/17361-1
30	1	8.7	https://www.siringayrimenkul.com/mahalleler/seyh-samil-mahallesi/adalar/46261-1
9	1	5.8	https://www.siringayrimenkul.com/mahalleler/seyh-samil-mahallesi/ak-kent-sitesi
38	1	7.4	https://www.siringayrimenkul.com/mahalleler/seyh-samil-mahallesi/gul-sitesi
64	1	7.6	https://www.siringayrimenkul.com/mahalleler/seyh-samil-mahallesi/ilk-umut-sitesi
4	1	4.3	https://www.siringayrimenkul.com/mahalleler/seyh-samil-mahallesi/ilksebat-sitesi
162	1	7.3	https://www.siringayrimenkul.com/mahalleler/seyh-samil-mahallesi/ilona-konutlari
32	1	6.1	https://www.siringayrimenkul.com/mahalleler/seyh-samil-mahallesi/serender-sitesi
124	1	8.7	https://www.siringayrimenkul.com/mahalleler/seyh-samil-mahallesi/sutek-bloklari
139	1	9.0	https://www.siringayrimenkul.com/mahalleler/seyh-samil-mahallesi/tekser-bloklari
47	1	9.6	https://www.siringayrimenkul.com/mahalleler/seyh-samil-mahallesi/tepe-bloklari
59	1	8.5	https://www.siringayrimenkul.com/mahalleler/seyh-samil-mahallesi/umut-sitesi
82	1	7.7	https://www.siringayrimenkul.com/mahalleler/seyh-samil-mahallesi/unsal-rezidans
17	1	6.7	https://www.siringayrimenkul.com/mahalleler/seyh-samil-mahallesi/yunus-emre-cagdas-sitesi
34	1	9.2	https://www.siringayrimenkul.com/mahalleler/seyh-samil/adalar/46215-5
34	1	9.6	https://www.siringayrimenkul.com/mahalleler/seyh-samil/alarko-bloklari
25	1	8.1	https://www.siringayrimenkul.com/mahalleler/seyh-samil/genc-efes-sitesi
10	1	6.5	https://www.siringayrimenkul.com/mahalleler/seyh-samil/gul-sitesi
18	1	7.3	https://www.siringayrimenkul.com/mahalleler/seyh-samil/liderkent
10	1	7.2	https://www.siringayrimenkul.com/mahalleler/seyh-samil/taniskent-sitesi
4	1	5.3	https://www.siringayrimenkul.com/mahalleler/seyh-samil/umar-sitesi
23	1	6.6	https://www.siringayrimenkul.com/mahalleler/susuz-mahallesi/adalar/44784-1
91	1	9.8	https://www.siringayrimenkul.com/mahalleler/susuz-mahallesi/adalar/63275-1
64	1	9.4	https://www.siringayrimenkul.com/mahalleler/susuz-mahallesi/adalar/63352-2
39	1	9.1	https://www.siringayrimenkul.com/mahalleler/susuz-mahallesi/adalar/63356-1
25	1	9.4	https://www.siringayrimenkul.com/mahalleler/susuz-mahallesi/adalar/63360-1
35	1	6.1	https://www.siringayrimenkul.com/mahalleler/susuz-mahallesi/adalar/63360-4
34	1	9.2	https://www.siringayrimenkul.com/mahalleler/susuz-mahallesi/adalar/63376-4
26	1	6.3	https://www.siringayrimenkul.com/mahalleler/susuz-mahallesi/adalar/63379-1
9	1	8.0	https://www.siringayrimenkul.com/mahalleler/susuz-mahallesi/adalar/64515-1
37	1	9.0	https://www.siringayrimenkul.com/mahalleler/susuz-mahallesi/adalar/64526-3
76	1	8.3	https://www.siringayrimenkul.com/mahalleler/susuz-mahallesi/alya-park
76	1	8.2	https://www.siringayrimenkul.com/mahalleler/susuz-mahallesi/ap-forest-gate
112	1	5.5	https://www.siringayrimenkul.com/mahalleler/susuz-mahallesi/baskent-goksu
143	1	7.0	https://www.siringayrimenkul.com/mahalleler/susuz-mahallesi/bordo-gol-evleri
29	1	6.6	https://www.siringayrimenkul.com/mahalleler/susuz-mahallesi/neva-palas
16	1	5.0	https://www.siringayrimenkul.com/mahalleler/susuz-mahallesi/sirin-ana-villalari
66	1	8.3	https://www.siringayrimenkul.com/mahalleler/susuz-mahallesi/sky-goksu
33	1	8.8	https://www.siringayrimenkul.com/mahalleler/susuz/adalar/63384-1
11	1	5.5	https://www.siringayrimenkul.com/mahalleler/susuz/dostlar-birikim-sitesi
37	1	9.1	https://www.siringayrimenkul.com/mahalleler/susuz/oniz-nirvana
5	1	5.4	https://www.siringayrimenkul.com/mahalleler/susuz/serline-konutlari
43	1	7.4	https://www.siringayrimenkul.com/mahalleler/tunahan-mahallesi/adalar/17660-1
23	1	7.1	https://www.siringayrimenkul.com/mahalleler/tunahan-mahallesi/adalar/17703-1
22	1	5.7	https://www.siringayrimenkul.com/mahalleler/tunahan-mahallesi/adalar/17711-1
125	1	8.1	https://www.siringayrimenkul.com/mahalleler/tunahan-mahallesi/akturk-sitesi
136	1	6.4	https://www.siringayrimenkul.com/mahalleler/tunahan-mahallesi/kur-sitesi-46495-ada
138	1	8.4	https://www.siringayrimenkul.com/mahalleler/tunahan-mahallesi/neopolitan-eryaman
147	1	7.8	https://www.siringayrimenkul.com/mahalleler/tunahan-mahallesi/oztas-sitesi
54	1	9.5	https://www.siringayrimenkul.com/mahalleler/tunahan-mahallesi/su-damlasi-sitesi
6	1	6.3	https://www.siringayrimenkul.com/mahalleler/tunahan/adalar/17631
3	1	5.0	https://www.siringayrimenkul.com/mahalleler/tunahan/adalar/17672-1
52	1	9.3	https://www.siringayrimenkul.com/mahalleler/tunahan/adalar/46493-2
1	1	2.0	https://www.siringayrimenkul.com/mahalleler/tunahan/adalar/46512-9
10	1	9.3	https://www.siringayrimenkul.com/mahalleler/tunahan/haznedaroglu-bloklari
271	1	8.9	https://www.siringayrimenkul.com/mahalleler/yavuz-selim-mahallesi
41	1	9.1	https://www.siringayrimenkul.com/mahalleler/yavuz-selim-mahallesi/adalar/46233-1
87	1	7.2	https://www.siringayrimenkul.com/mahalleler/yavuz-selim-mahallesi/altintepe-sitesi
6	1	3.8	https://www.siringayrimenkul.com/mahalleler/yavuz-selim-mahallesi/celikler-sitesi
61	1	6.8	https://www.siringayrimenkul.com/mahalleler/yavuz-selim-mahallesi/dogakent-camlik-sitesi
18	1	7.7	https://www.siringayrimenkul.com/mahalleler/yavuz-selim-mahallesi/esenkent-sitesi
93	1	6.7	https://www.siringayrimenkul.com/mahalleler/yavuz-selim-mahallesi/havayollari-sitesi
32	1	7.6	https://www.siringayrimenkul.com/mahalleler/yavuz-selim-mahallesi/kardelen-sitesi
7	1	14.3	https://www.siringayrimenkul.com/mahalleler/yavuz-selim-mahallesi/konut-sitesi
42	1	8.1	https://www.siringayrimenkul.com/mahalleler/yavuz-selim-mahallesi/utku-sitesi
192	1	7.8	https://www.siringayrimenkul.com/mahalleler/yavuz-selim-mahallesi/yavuz-selim-sitesi
109	1	8.2	https://www.siringayrimenkul.com/mahalleler/yavuz-selim-mahallesi/yeni-ilkay-sitesi
36	1	6.8	https://www.siringayrimenkul.com/mahalleler/yavuz-selim-mahallesi/yukselen-sitesi
20	1	6.5	https://www.siringayrimenkul.com/mahalleler/yavuz-selim-mahallesi/yunuskent-sitesi
53	1	6.7	https://www.siringayrimenkul.com/mahalleler/yavuz-selim/adalar/19508-3
7	1	5.9	https://www.siringayrimenkul.com/mahalleler/yavuz-selim/altintepe-sitesi
13	1	7.1	https://www.siringayrimenkul.com/mahalleler/yavuz-selim/metrokent-villalari
8	1	6.1	https://www.siringayrimenkul.com/mahalleler/yavuz-selim/seda-terasevler
4	1	5.3	https://www.siringayrimenkul.com/mahalleler/yavuz-selim/serenkoy-sitesi
119	1	11.1	https://www.siringayrimenkul.com/mahalleler/yesilova-mahallesi
80	1	10.6	https://www.siringayrimenkul.com/mahalleler/yesilova-mahallesi/address-yesilova
42	1	6.0	https://www.siringayrimenkul.com/mahalleler/yesilova-mahallesi/alpar-sitesi
78	1	6.7	https://www.siringayrimenkul.com/mahalleler/yesilova-mahallesi/anka-vega
89	1	7.0	https://www.siringayrimenkul.com/mahalleler/yesilova-mahallesi/green-hill
45	1	8.0	https://www.siringayrimenkul.com/mahalleler/yesilova-mahallesi/may-tower
254	1	8.5	https://www.siringayrimenkul.com/mahalleler/yesilova-mahallesi/pozitif-life
47	1	9.1	https://www.siringayrimenkul.com/mahalleler/yesilova/eryaman-port
11	1	5.6	https://www.siringayrimenkul.com/mahalleler/yesilova/hotki-ritm
13	1	6.2	https://www.siringayrimenkul.com/mahalleler/yesilova/kocaklar-tower
129	1	15.7	https://www.siringayrimenkul.com/siteler
20	0	6.8	https://www.siringayrimenkul.com/araclar
66	0	24.4	https://www.siringayrimenkul.com/araclar/emlak-komisyonu-hesaplama
101	0	34.6	https://www.siringayrimenkul.com/araclar/kira-artisi-hesaplama
1	0	29.0	https://www.siringayrimenkul.com/araclar/site-karsilastirma
86	0	52.4	https://www.siringayrimenkul.com/araclar/tapu-harci-hesaplama
4	0	6.8	https://www.siringayrimenkul.com/blog
20	0	5.2	https://www.siringayrimenkul.com/blog/altay-mahallesinde-yasam
6	0	8.3	https://www.siringayrimenkul.com/blog/dairenizi-kiraya-verirken-dikkat-edilmesi-gerekenler
1	0	6.0	https://www.siringayrimenkul.com/blog/devlet-mahallesinde-yasam
54	0	9.7	https://www.siringayrimenkul.com/blog/emlakci-komisyonu-nasil-isler
2	0	5.5	https://www.siringayrimenkul.com/blog/eryamanda-etap-sistemi-nedir
39	0	7.2	https://www.siringayrimenkul.com/blog/eryamanda-ev-alirken-dikkat-edilmesi-gerekenler
1	0	1.0	https://www.siringayrimenkul.com/blog/eryamanda-ev-alirken-edilmesi-gerekenler
20	0	7.8	https://www.siringayrimenkul.com/blog/eryamanda-ev-fiyatlarini-ne-belirler
1	0	1.0	https://www.siringayrimenkul.com/blog/eryamanda-ev-satis-sureci
11	0	6.2	https://www.siringayrimenkul.com/blog/eryamanda-kira-tespiti-dogru-kira-belirleme
73	0	39.0	https://www.siringayrimenkul.com/blog/ev-satarken-gerekli-evraklar
7	0	7.0	https://www.siringayrimenkul.com/blog/evinizi-satarken-dogru-emlakci-secimi
2	0	11.0	https://www.siringayrimenkul.com/blog/evinizin-degerini-nasil-ogrenebilirsiniz
20	0	5.3	https://www.siringayrimenkul.com/blog/goksu-mahallesinde-yasam
4	0	4.0	https://www.siringayrimenkul.com/blog/guzelkent-mahallesinde-yasam
12	0	45.7	https://www.siringayrimenkul.com/blog/kira-artisi-nasil-hesaplanir
2	0	22.5	https://www.siringayrimenkul.com/blog/kira-sozlesmesinde-dikkat-edilmesi-gerekenler
6	0	14.5	https://www.siringayrimenkul.com/blog/kira-tespit-davasi-rehberi
3	0	7.3	https://www.siringayrimenkul.com/blog/kiraci-tahliye-sureci
8	0	15.1	https://www.siringayrimenkul.com/blog/kiracili-ev-satilir-mi
22	0	12.3	https://www.siringayrimenkul.com/blog/miras-kalan-ev-nasil-satilir
15	0	5.3	https://www.siringayrimenkul.com/blog/sehit-osman-avci-mahallesinde-yasam
44	0	4.7	https://www.siringayrimenkul.com/blog/seker-mahallesinde-yasam
6	0	9.0	https://www.siringayrimenkul.com/blog/seyh-samil-mahallesinde-yasam
21	0	8.9	https://www.siringayrimenkul.com/blog/yesilova-mahallesinde-yasam
4	0	3.5	https://www.siringayrimenkul.com/eryaman-site-dokusu
11	0	12.4	https://www.siringayrimenkul.com/eryamanda-ev-kiraya-vermek
201	0	11.4	https://www.siringayrimenkul.com/ev-degerleme
11	0	9.6	https://www.siringayrimenkul.com/gizlilik
37	0	12.4	https://www.siringayrimenkul.com/hakkimizda
35	0	8.1	https://www.siringayrimenkul.com/mahalleler/altay
109	0	11.5	https://www.siringayrimenkul.com/mahalleler/altay-mahallesi
5	0	6.8	https://www.siringayrimenkul.com/mahalleler/altay-mahallesi/adalar/17313-1
11	0	7.5	https://www.siringayrimenkul.com/mahalleler/altay-mahallesi/adalar/17314-1
2	0	3.5	https://www.siringayrimenkul.com/mahalleler/altay-mahallesi/adalar/17315-1
2	0	12.0	https://www.siringayrimenkul.com/mahalleler/altay-mahallesi/adalar/17499-1
3	0	15.7	https://www.siringayrimenkul.com/mahalleler/altay-mahallesi/adalar/17506-1
5	0	7.8	https://www.siringayrimenkul.com/mahalleler/altay-mahallesi/adalar/17507-1
2	0	3.5	https://www.siringayrimenkul.com/mahalleler/altay-mahallesi/adalar/17508-1
6	0	9.3	https://www.siringayrimenkul.com/mahalleler/altay-mahallesi/adalar/17510-1
9	0	7.1	https://www.siringayrimenkul.com/mahalleler/altay-mahallesi/adalar/17516-1
10	0	10.9	https://www.siringayrimenkul.com/mahalleler/altay-mahallesi/adalar/17519-1
1	0	6.0	https://www.siringayrimenkul.com/mahalleler/altay-mahallesi/adalar/17534-1
1	0	9.0	https://www.siringayrimenkul.com/mahalleler/altay-mahallesi/adalar/17535-1
7	0	10.3	https://www.siringayrimenkul.com/mahalleler/altay-mahallesi/adalar/17536-1
8	0	6.8	https://www.siringayrimenkul.com/mahalleler/altay-mahallesi/adalar/17538
11	0	9.7	https://www.siringayrimenkul.com/mahalleler/altay-mahallesi/adalar/17541-1
13	0	8.9	https://www.siringayrimenkul.com/mahalleler/altay-mahallesi/adalar/17542
4	0	10.0	https://www.siringayrimenkul.com/mahalleler/altay-mahallesi/adalar/17545
4	0	7.3	https://www.siringayrimenkul.com/mahalleler/altay-mahallesi/adalar/17546-1
16	0	9.9	https://www.siringayrimenkul.com/mahalleler/altay-mahallesi/adalar/45889-3
3	0	5.7	https://www.siringayrimenkul.com/mahalleler/altay-mahallesi/adalar/45889-4
11	0	7.1	https://www.siringayrimenkul.com/mahalleler/altay-mahallesi/adalar/45890-2
20	0	6.2	https://www.siringayrimenkul.com/mahalleler/altay-mahallesi/adalar/45891-6
28	0	7.5	https://www.siringayrimenkul.com/mahalleler/altay-mahallesi/adalar/45892-1
16	0	7.5	https://www.siringayrimenkul.com/mahalleler/altay-mahallesi/adalar/45897-4
8	0	6.6	https://www.siringayrimenkul.com/mahalleler/altay-mahallesi/ataturk-sitesi
40	0	7.2	https://www.siringayrimenkul.com/mahalleler/altay-mahallesi/betontas-bloklari
23	0	7.0	https://www.siringayrimenkul.com/mahalleler/altay-mahallesi/cabadag-bloklari
469	0	6.8	https://www.siringayrimenkul.com/mahalleler/altay-mahallesi/erland-residence
7	0	4.9	https://www.siringayrimenkul.com/mahalleler/altay-mahallesi/eryaman-park-evleri
105	0	8.4	https://www.siringayrimenkul.com/mahalleler/altay-mahallesi/etaplar/1
16	0	4.9	https://www.siringayrimenkul.com/mahalleler/altay-mahallesi/ilbeyi-sitesi
23	0	5.9	https://www.siringayrimenkul.com/mahalleler/altay-mahallesi/izgi-park-evleri
42	0	6.4	https://www.siringayrimenkul.com/mahalleler/altay-mahallesi/pembe-ruya-evleri
40	0	6.3	https://www.siringayrimenkul.com/mahalleler/altay-mahallesi/uzuner-konutlari
30	0	8.5	https://www.siringayrimenkul.com/mahalleler/altay-mahallesi/vatan-sitesi
1	0	4.0	https://www.siringayrimenkul.com/mahalleler/altay/adalar/17517-1
1	0	14.0	https://www.siringayrimenkul.com/mahalleler/altay/adalar/17518-1
1	0	2.0	https://www.siringayrimenkul.com/mahalleler/altay/adalar/17519-1
2	0	2.0	https://www.siringayrimenkul.com/mahalleler/altay/adalar/17520-2
1	0	4.0	https://www.siringayrimenkul.com/mahalleler/altay/adalar/17523-1
1	0	10.0	https://www.siringayrimenkul.com/mahalleler/altay/adalar/45889-2
2	0	12.0	https://www.siringayrimenkul.com/mahalleler/altay/adalar/45895-2
12	0	7.9	https://www.siringayrimenkul.com/mahalleler/altay/adalar/46404-1
4	0	6.0	https://www.siringayrimenkul.com/mahalleler/altay/arya-nuans-residence
8	0	7.8	https://www.siringayrimenkul.com/mahalleler/altay/doktorlar-sitesi
2	0	9.5	https://www.siringayrimenkul.com/mahalleler/altay/eryaman-park-evleri
3	0	9.7	https://www.siringayrimenkul.com/mahalleler/altay/firat-life-style
2	0	5.0	https://www.siringayrimenkul.com/mahalleler/altay/firat-life-style-botanik
1	0	13.0	https://www.siringayrimenkul.com/mahalleler/altay/kutlutas-sitesi
7	0	4.4	https://www.siringayrimenkul.com/mahalleler/altay/motto-butik
15	0	8.1	https://www.siringayrimenkul.com/mahalleler/altay/palmiye-evleri
4	0	5.8	https://www.siringayrimenkul.com/mahalleler/altay/vatan-sitesi
25	0	6.6	https://www.siringayrimenkul.com/mahalleler/ata-mahallesi/ada-loft-eryaman
46	0	9.0	https://www.siringayrimenkul.com/mahalleler/ata-mahallesi/adalar/44752-1
89	0	9.6	https://www.siringayrimenkul.com/mahalleler/ata-mahallesi/adalar/44752-2
15	0	14.1	https://www.siringayrimenkul.com/mahalleler/ata-mahallesi/adalar/44753-1
45	0	11.5	https://www.siringayrimenkul.com/mahalleler/ata-mahallesi/adalar/44763-3
24	0	11.0	https://www.siringayrimenkul.com/mahalleler/ata-mahallesi/adalar/44764-2
10	0	6.7	https://www.siringayrimenkul.com/mahalleler/ata-mahallesi/adalar/44764-3
18	0	11.9	https://www.siringayrimenkul.com/mahalleler/ata-mahallesi/adalar/44765-1
26	0	8.0	https://www.siringayrimenkul.com/mahalleler/ata-mahallesi/adalar/44769-1
5	0	15.8	https://www.siringayrimenkul.com/mahalleler/ata-mahallesi/adalar/44770-1
9	0	8.7	https://www.siringayrimenkul.com/mahalleler/ata-mahallesi/adalar/44773-3
3	0	5.3	https://www.siringayrimenkul.com/mahalleler/ata-mahallesi/adalar/44774-2
7	0	7.7	https://www.siringayrimenkul.com/mahalleler/ata-mahallesi/adalar/44776-3
16	0	9.9	https://www.siringayrimenkul.com/mahalleler/ata-mahallesi/adalar/44777-1
11	0	8.7	https://www.siringayrimenkul.com/mahalleler/ata-mahallesi/adalar/44778-1
41	0	9.8	https://www.siringayrimenkul.com/mahalleler/ata-mahallesi/adalar/44782-1
27	0	7.2	https://www.siringayrimenkul.com/mahalleler/ata-mahallesi/adalar/44783-1
8	0	9.6	https://www.siringayrimenkul.com/mahalleler/ata-mahallesi/adalar/44785-2
2	0	15.5	https://www.siringayrimenkul.com/mahalleler/ata-mahallesi/adalar/45832-1
6	0	9.8	https://www.siringayrimenkul.com/mahalleler/ata-mahallesi/adalar/45834-2
14	0	7.2	https://www.siringayrimenkul.com/mahalleler/ata-mahallesi/adalar/46194-1
12	0	10.3	https://www.siringayrimenkul.com/mahalleler/ata-mahallesi/adalar/46195-1
13	0	5.4	https://www.siringayrimenkul.com/mahalleler/ata-mahallesi/adalar/46196-4
6	0	8.0	https://www.siringayrimenkul.com/mahalleler/ata-mahallesi/adalar/46200-1
1	0	11.0	https://www.siringayrimenkul.com/mahalleler/ata-mahallesi/adalar/46201-1
4	0	8.8	https://www.siringayrimenkul.com/mahalleler/ata-mahallesi/adalar/46203-1
1	0	11.0	https://www.siringayrimenkul.com/mahalleler/ata-mahallesi/adalar/46204-1
84	0	8.3	https://www.siringayrimenkul.com/mahalleler/ata-mahallesi/adalar/46213-1
10	0	11.0	https://www.siringayrimenkul.com/mahalleler/ata-mahallesi/adalar/46259-1
182	0	7.4	https://www.siringayrimenkul.com/mahalleler/ata-mahallesi/adalar/46409-1
62	0	9.1	https://www.siringayrimenkul.com/mahalleler/ata-mahallesi/adalar/46418-1
8	0	8.4	https://www.siringayrimenkul.com/mahalleler/ata-mahallesi/adalar/46423-1
17	0	8.6	https://www.siringayrimenkul.com/mahalleler/ata-mahallesi/adalar/46424-1
9	0	8.4	https://www.siringayrimenkul.com/mahalleler/ata-mahallesi/adalar/46425-1
18	0	9.6	https://www.siringayrimenkul.com/mahalleler/ata-mahallesi/adalar/46426-1
48	0	6.7	https://www.siringayrimenkul.com/mahalleler/ata-mahallesi/adalar/46430-1
13	0	8.4	https://www.siringayrimenkul.com/mahalleler/ata-mahallesi/adalar/46432-1
45	0	7.8	https://www.siringayrimenkul.com/mahalleler/ata-mahallesi/arikovani-sitesi
19	0	7.1	https://www.siringayrimenkul.com/mahalleler/ata-mahallesi/atasayanlar-sitesi
94	0	8.7	https://www.siringayrimenkul.com/mahalleler/ata-mahallesi/aydinkent-sitesi
4	0	2.5	https://www.siringayrimenkul.com/mahalleler/ata-mahallesi/bati-sistemciler-sitesi
1	0	4.0	https://www.siringayrimenkul.com/mahalleler/ata-mahallesi/bayer-sitesi
113	0	7.0	https://www.siringayrimenkul.com/mahalleler/ata-mahallesi/cigdem-sitesi
14	0	8.1	https://www.siringayrimenkul.com/mahalleler/ata-mahallesi/emin-guven-sitesi
103	0	7.6	https://www.siringayrimenkul.com/mahalleler/ata-mahallesi/eser-yapi-evleri
14	0	15.1	https://www.siringayrimenkul.com/mahalleler/ata-mahallesi/etikent-sitesi
2	0	4.0	https://www.siringayrimenkul.com/mahalleler/ata-mahallesi/genova
82	0	8.7	https://www.siringayrimenkul.com/mahalleler/ata-mahallesi/gulkent-konutlari
55	0	7.5	https://www.siringayrimenkul.com/mahalleler/ata-mahallesi/guzel-akyuzum-sitesi
4	0	6.3	https://www.siringayrimenkul.com/mahalleler/ata-mahallesi/hurev-yapi-kooperatifi
1	0	7.0	https://www.siringayrimenkul.com/mahalleler/ata-mahallesi/kanat-yapi-evleri
3	0	6.0	https://www.siringayrimenkul.com/mahalleler/ata-mahallesi/manzara-evleri
11	0	7.3	https://www.siringayrimenkul.com/mahalleler/ata-mahallesi/mercankent-manzara-evleri
139	0	8.6	https://www.siringayrimenkul.com/mahalleler/ata-mahallesi/mutlu-sitesi
1	0	12.0	https://www.siringayrimenkul.com/mahalleler/ata-mahallesi/ortak-grup-yapi
45	0	9.2	https://www.siringayrimenkul.com/mahalleler/ata-mahallesi/panorama-gold
30	0	6.7	https://www.siringayrimenkul.com/mahalleler/ata-mahallesi/sarmasiklikosk-sitesi
5	0	6.8	https://www.siringayrimenkul.com/mahalleler/ata-mahallesi/selale-sitesi
45	0	7.0	https://www.siringayrimenkul.com/mahalleler/ata-mahallesi/taflan-sitesi
78	0	7.1	https://www.siringayrimenkul.com/mahalleler/ata-mahallesi/trend-life-sitesi
2	0	10.5	https://www.siringayrimenkul.com/mahalleler/ata/ada-loft-eryaman
4	0	28.0	https://www.siringayrimenkul.com/mahalleler/ata/adalar/44750-2
3	0	10.7	https://www.siringayrimenkul.com/mahalleler/ata/adalar/44754-3
1	0	13.0	https://www.siringayrimenkul.com/mahalleler/ata/adalar/44756-2
1	0	11.0	https://www.siringayrimenkul.com/mahalleler/ata/adalar/44763-3
4	0	7.0	https://www.siringayrimenkul.com/mahalleler/ata/adalar/44763-4
16	0	15.2	https://www.siringayrimenkul.com/mahalleler/ata/adalar/44764-3
2	0	12.5	https://www.siringayrimenkul.com/mahalleler/ata/adalar/44768-3
2	0	10.0	https://www.siringayrimenkul.com/mahalleler/ata/adalar/44772-1
1	0	1.0	https://www.siringayrimenkul.com/mahalleler/ata/adalar/44776-3
1	0	8.0	https://www.siringayrimenkul.com/mahalleler/ata/adalar/44777-1
1	0	9.0	https://www.siringayrimenkul.com/mahalleler/ata/adalar/45839-1
1	0	3.0	https://www.siringayrimenkul.com/mahalleler/ata/adalar/46212-2
2	0	6.5	https://www.siringayrimenkul.com/mahalleler/ata/adalar/46214-1
1	0	1.0	https://www.siringayrimenkul.com/mahalleler/ata/adalar/46259-1
1	0	2.0	https://www.siringayrimenkul.com/mahalleler/ata/adalar/46407-1
2	0	3.0	https://www.siringayrimenkul.com/mahalleler/ata/adalar/46413-1
2	0	8.0	https://www.siringayrimenkul.com/mahalleler/ata/adalar/46417-3
1	0	3.0	https://www.siringayrimenkul.com/mahalleler/ata/akdam-sitesi
1	0	4.0	https://www.siringayrimenkul.com/mahalleler/ata/aker-mucevher-evleri
1	0	4.0	https://www.siringayrimenkul.com/mahalleler/ata/akonur-sitesi
1	0	8.0	https://www.siringayrimenkul.com/mahalleler/ata/armoni-life
3	0	7.7	https://www.siringayrimenkul.com/mahalleler/ata/ata-life-sitesi
1	0	9.0	https://www.siringayrimenkul.com/mahalleler/ata/atasehir-eryaman-konutlari
21	0	7.5	https://www.siringayrimenkul.com/mahalleler/ata/aydinkent-sitesi
1	0	4.0	https://www.siringayrimenkul.com/mahalleler/ata/baskent-sitesi
1	0	2.0	https://www.siringayrimenkul.com/mahalleler/ata/bayer-sitesi
87	0	7.6	https://www.siringayrimenkul.com/mahalleler/ata/beloren-manzara-evleri
2	0	6.5	https://www.siringayrimenkul.com/mahalleler/ata/cagdas-onur-sitesi
6	0	5.8	https://www.siringayrimenkul.com/mahalleler/ata/caglar-belde-sitesi
1	0	8.0	https://www.siringayrimenkul.com/mahalleler/ata/caglayan-sitesi
1	0	3.0	https://www.siringayrimenkul.com/mahalleler/ata/demirkent-on-sitesi
1	0	12.0	https://www.siringayrimenkul.com/mahalleler/ata/dilara-sitesi
18	0	9.3	https://www.siringayrimenkul.com/mahalleler/ata/dogasu-evleri
3	0	5.0	https://www.siringayrimenkul.com/mahalleler/ata/efsane-evleri
2	0	5.0	https://www.siringayrimenkul.com/mahalleler/ata/emin-guven-sitesi
1	0	1.0	https://www.siringayrimenkul.com/mahalleler/ata/eser-yapi-evleri
1	0	7.0	https://www.siringayrimenkul.com/mahalleler/ata/etikent-sitesi
7	0	6.6	https://www.siringayrimenkul.com/mahalleler/ata/genova
1	0	12.0	https://www.siringayrimenkul.com/mahalleler/ata/gold-stone-evleri
1	0	5.0	https://www.siringayrimenkul.com/mahalleler/ata/gozde-evler-sitesi
8	0	4.5	https://www.siringayrimenkul.com/mahalleler/ata/guldede-sitesi
14	0	5.8	https://www.siringayrimenkul.com/mahalleler/ata/hansa-sitesi
4	0	10.8	https://www.siringayrimenkul.com/mahalleler/ata/havuz-kent
1	0	3.0	https://www.siringayrimenkul.com/mahalleler/ata/hurev-yapi-kooperatifi
2	0	9.0	https://www.siringayrimenkul.com/mahalleler/ata/kainat-evleri
1	0	10.0	https://www.siringayrimenkul.com/mahalleler/ata/karkonut
3	0	3.0	https://www.siringayrimenkul.com/mahalleler/ata/mavi-ladin-konut
2	0	5.0	https://www.siringayrimenkul.com/mahalleler/ata/mizan-sitesi
101	0	8.9	https://www.siringayrimenkul.com/mahalleler/ata/mutlu-sitesi
4	0	7.5	https://www.siringayrimenkul.com/mahalleler/ata/panorama-gold
16	0	9.6	https://www.siringayrimenkul.com/mahalleler/ata/panorama-life
74	0	9.4	https://www.siringayrimenkul.com/mahalleler/ata/panorama-prestij
3	0	5.0	https://www.siringayrimenkul.com/mahalleler/ata/parkyaman-evleri
1	0	3.0	https://www.siringayrimenkul.com/mahalleler/ata/rayli-sistemciler-sitesi
24	0	9.2	https://www.siringayrimenkul.com/mahalleler/ata/ruyakent-sitesi
2	0	4.0	https://www.siringayrimenkul.com/mahalleler/ata/selale-sitesi
4	0	6.3	https://www.siringayrimenkul.com/mahalleler/ata/senser-sitesi
2	0	2.5	https://www.siringayrimenkul.com/mahalleler/ata/sermina-life
12	0	7.9	https://www.siringayrimenkul.com/mahalleler/ata/siyah-beyaz-evler
1	0	10.0	https://www.siringayrimenkul.com/mahalleler/ata/sogut-bahce-konutlari
5	0	5.6	https://www.siringayrimenkul.com/mahalleler/ata/sumeyra-2-sitesi
1	0	5.0	https://www.siringayrimenkul.com/mahalleler/ata/tekirdag-park-evleri
9	0	4.4	https://www.siringayrimenkul.com/mahalleler/ata/turuncu-site
2	0	6.0	https://www.siringayrimenkul.com/mahalleler/ata/twin-towers-eryaman
45	0	6.4	https://www.siringayrimenkul.com/mahalleler/ata/umut-yapi-sitesi
23	0	9.3	https://www.siringayrimenkul.com/mahalleler/ata/vizyon-baspinar-sitesi
1	0	6.0	https://www.siringayrimenkul.com/mahalleler/ata/yaylakent-sitesi
1	0	8.0	https://www.siringayrimenkul.com/mahalleler/ata/zirve-park-konutlari
2	0	9.0	https://www.siringayrimenkul.com/mahalleler/cumhuriyet
82	0	7.3	https://www.siringayrimenkul.com/mahalleler/cumhuriyet-mahallesi
37	0	8.5	https://www.siringayrimenkul.com/mahalleler/cumhuriyet-mahallesi/adalar/43252-2
10	0	7.2	https://www.siringayrimenkul.com/mahalleler/cumhuriyet-mahallesi/adalar/43252-4
52	0	10.2	https://www.siringayrimenkul.com/mahalleler/cumhuriyet-mahallesi/adalar/43252-5
4	0	8.8	https://www.siringayrimenkul.com/mahalleler/cumhuriyet-mahallesi/adalar/43255-1
8	0	7.8	https://www.siringayrimenkul.com/mahalleler/cumhuriyet-mahallesi/adalar/43255-2
72	0	8.1	https://www.siringayrimenkul.com/mahalleler/cumhuriyet-mahallesi/adalar/43259-7
25	0	8.8	https://www.siringayrimenkul.com/mahalleler/cumhuriyet-mahallesi/adalar/43264-7
32	0	10.6	https://www.siringayrimenkul.com/mahalleler/cumhuriyet-mahallesi/adalar/43267-1
15	0	9.7	https://www.siringayrimenkul.com/mahalleler/cumhuriyet-mahallesi/adalar/62655-1
27	0	8.5	https://www.siringayrimenkul.com/mahalleler/cumhuriyet-mahallesi/adalar/62660-1
14	0	10.6	https://www.siringayrimenkul.com/mahalleler/cumhuriyet-mahallesi/adalar/62660-2
10	0	9.3	https://www.siringayrimenkul.com/mahalleler/cumhuriyet-mahallesi/adalar/62661-1
132	0	7.8	https://www.siringayrimenkul.com/mahalleler/cumhuriyet-mahallesi/adalar/62662-2
23	0	7.1	https://www.siringayrimenkul.com/mahalleler/cumhuriyet-mahallesi/adalar/62669-2
18	0	10.6	https://www.siringayrimenkul.com/mahalleler/cumhuriyet-mahallesi/adalar/62677-1
1	0	5.0	https://www.siringayrimenkul.com/mahalleler/cumhuriyet-mahallesi/adalar/62681-1
5	0	4.8	https://www.siringayrimenkul.com/mahalleler/cumhuriyet-mahallesi/adalar/62682-1
37	0	7.0	https://www.siringayrimenkul.com/mahalleler/cumhuriyet-mahallesi/adalar/62683-2
2	0	4.0	https://www.siringayrimenkul.com/mahalleler/cumhuriyet-mahallesi/adalar/62687-1
41	0	7.1	https://www.siringayrimenkul.com/mahalleler/cumhuriyet-mahallesi/adalar/62690-3
36	0	9.6	https://www.siringayrimenkul.com/mahalleler/cumhuriyet-mahallesi/adalar/62692-1
48	0	9.1	https://www.siringayrimenkul.com/mahalleler/cumhuriyet-mahallesi/adalar/63261-1
11	0	9.0	https://www.siringayrimenkul.com/mahalleler/cumhuriyet-mahallesi/adalar/63262-3
49	0	9.0	https://www.siringayrimenkul.com/mahalleler/cumhuriyet-mahallesi/adalar/63265-4
6	0	6.2	https://www.siringayrimenkul.com/mahalleler/cumhuriyet-mahallesi/adalar/63271-2
10	0	7.8	https://www.siringayrimenkul.com/mahalleler/cumhuriyet-mahallesi/adalar/63271-4
80	0	8.8	https://www.siringayrimenkul.com/mahalleler/cumhuriyet-mahallesi/akasya-sitesi
15	0	10.1	https://www.siringayrimenkul.com/mahalleler/cumhuriyet-mahallesi/altin-basak-konutlari
51	0	9.1	https://www.siringayrimenkul.com/mahalleler/cumhuriyet-mahallesi/ap-ist-port
2	0	8.0	https://www.siringayrimenkul.com/mahalleler/cumhuriyet-mahallesi/astim-platinium
8	0	11.3	https://www.siringayrimenkul.com/mahalleler/cumhuriyet-mahallesi/botanik-sitesi
13	0	7.9	https://www.siringayrimenkul.com/mahalleler/cumhuriyet-mahallesi/cakirpark
64	0	13.7	https://www.siringayrimenkul.com/mahalleler/cumhuriyet-mahallesi/golde-luxe-konutlari
46	0	9.2	https://www.siringayrimenkul.com/mahalleler/cumhuriyet-mahallesi/gunebakan-sitesi
15	0	11.4	https://www.siringayrimenkul.com/mahalleler/cumhuriyet-mahallesi/guney-park-evleri
37	0	6.6	https://www.siringayrimenkul.com/mahalleler/cumhuriyet-mahallesi/hityasam
21	0	6.9	https://www.siringayrimenkul.com/mahalleler/cumhuriyet-mahallesi/huzur-park-sitesi
72	0	9.3	https://www.siringayrimenkul.com/mahalleler/cumhuriyet-mahallesi/nisanur-sitesi
15	0	7.5	https://www.siringayrimenkul.com/mahalleler/cumhuriyet-mahallesi/oasis-korupark
14	0	4.6	https://www.siringayrimenkul.com/mahalleler/cumhuriyet-mahallesi/turku-sitesi
12	0	5.6	https://www.siringayrimenkul.com/mahalleler/cumhuriyet-mahallesi/yesil-koru-sitesi
1	0	8.0	https://www.siringayrimenkul.com/mahalleler/cumhuriyet/adalar/43251-3
2	0	9.5	https://www.siringayrimenkul.com/mahalleler/cumhuriyet/adalar/43253-5
18	0	10.2	https://www.siringayrimenkul.com/mahalleler/cumhuriyet/adalar/62656-1
1	0	7.0	https://www.siringayrimenkul.com/mahalleler/cumhuriyet/adalar/62659-2
6	0	7.7	https://www.siringayrimenkul.com/mahalleler/cumhuriyet/adalar/62661-4
3	0	18.7	https://www.siringayrimenkul.com/mahalleler/cumhuriyet/adalar/62669-1
14	0	8.8	https://www.siringayrimenkul.com/mahalleler/cumhuriyet/adalar/62673-1
9	0	9.0	https://www.siringayrimenkul.com/mahalleler/cumhuriyet/adalar/62677-1
2	0	4.0	https://www.siringayrimenkul.com/mahalleler/cumhuriyet/adalar/62683-2
4	0	13.5	https://www.siringayrimenkul.com/mahalleler/cumhuriyet/adalar/62684-1
2	0	7.5	https://www.siringayrimenkul.com/mahalleler/cumhuriyet/adalar/62684-2
1	0	11.0	https://www.siringayrimenkul.com/mahalleler/cumhuriyet/adalar/62685-1
1	0	8.0	https://www.siringayrimenkul.com/mahalleler/cumhuriyet/adalar/62690-2
70	0	8.0	https://www.siringayrimenkul.com/mahalleler/cumhuriyet/adalar/63265-4
7	0	12.0	https://www.siringayrimenkul.com/mahalleler/cumhuriyet/adalar/63268-1
3	0	6.3	https://www.siringayrimenkul.com/mahalleler/cumhuriyet/adalar/63271-2
8	0	8.5	https://www.siringayrimenkul.com/mahalleler/cumhuriyet/ahsen-sitesi
3	0	7.7	https://www.siringayrimenkul.com/mahalleler/cumhuriyet/akasya-sitesi
2	0	3.5	https://www.siringayrimenkul.com/mahalleler/cumhuriyet/ankalux-residence
1	0	9.0	https://www.siringayrimenkul.com/mahalleler/cumhuriyet/ap-green-tower
3	0	8.0	https://www.siringayrimenkul.com/mahalleler/cumhuriyet/ap-ist-port
1	0	12.0	https://www.siringayrimenkul.com/mahalleler/cumhuriyet/ap-istway
1	0	10.0	https://www.siringayrimenkul.com/mahalleler/cumhuriyet/arissa-botanik
4	0	7.3	https://www.siringayrimenkul.com/mahalleler/cumhuriyet/astim-metrolife
4	0	6.8	https://www.siringayrimenkul.com/mahalleler/cumhuriyet/astim-platinium
3	0	3.3	https://www.siringayrimenkul.com/mahalleler/cumhuriyet/astim-skypark
35	0	6.5	https://www.siringayrimenkul.com/mahalleler/cumhuriyet/basaksehir-ankara-konutlari
3	0	6.7	https://www.siringayrimenkul.com/mahalleler/cumhuriyet/batihan-konutlari
1	0	3.0	https://www.siringayrimenkul.com/mahalleler/cumhuriyet/botanik-park-evleri
54	0	8.9	https://www.siringayrimenkul.com/mahalleler/cumhuriyet/botanik-sitesi
3	0	3.7	https://www.siringayrimenkul.com/mahalleler/cumhuriyet/cakirpark
3	0	4.3	https://www.siringayrimenkul.com/mahalleler/cumhuriyet/ciglik-sitesi
1	0	6.0	https://www.siringayrimenkul.com/mahalleler/cumhuriyet/cimtas-goksu-konutlari
2	0	9.5	https://www.siringayrimenkul.com/mahalleler/cumhuriyet/diamond-goksu
3	0	8.0	https://www.siringayrimenkul.com/mahalleler/cumhuriyet/ender-dogus-konut-yapi
1	0	10.0	https://www.siringayrimenkul.com/mahalleler/cumhuriyet/endora-bati
2	0	6.5	https://www.siringayrimenkul.com/mahalleler/cumhuriyet/golde-luxe-konutlari
1	0	8.0	https://www.siringayrimenkul.com/mahalleler/cumhuriyet/green-tower
1	0	6.0	https://www.siringayrimenkul.com/mahalleler/cumhuriyet/gunebakan-sitesi
6	0	6.3	https://www.siringayrimenkul.com/mahalleler/cumhuriyet/guzel-belde-sitesi
1	0	7.0	https://www.siringayrimenkul.com/mahalleler/cumhuriyet/hittown
33	0	6.0	https://www.siringayrimenkul.com/mahalleler/cumhuriyet/hityenibati-haktanir-konutlari
1	0	5.0	https://www.siringayrimenkul.com/mahalleler/cumhuriyet/huzur-park-sitesi
2	0	7.5	https://www.siringayrimenkul.com/mahalleler/cumhuriyet/kasmir-yonca
2	0	5.0	https://www.siringayrimenkul.com/mahalleler/cumhuriyet/kiratli-akropolis
1	0	2.0	https://www.siringayrimenkul.com/mahalleler/cumhuriyet/motto-goksu
12	0	4.2	https://www.siringayrimenkul.com/mahalleler/cumhuriyet/nar-gulu-1-sitesi
31	0	9.3	https://www.siringayrimenkul.com/mahalleler/cumhuriyet/nover-westlife
14	0	8.4	https://www.siringayrimenkul.com/mahalleler/cumhuriyet/oasis-korupark
2	0	11.0	https://www.siringayrimenkul.com/mahalleler/cumhuriyet/oz-ugur-sitesi
1	0	12.0	https://www.siringayrimenkul.com/mahalleler/cumhuriyet/park-sera-evleri
1	0	6.0	https://www.siringayrimenkul.com/mahalleler/cumhuriyet/paryap-west-life
2	0	17.5	https://www.siringayrimenkul.com/mahalleler/cumhuriyet/tuna-park-evleri
3	0	4.3	https://www.siringayrimenkul.com/mahalleler/cumhuriyet/turku-sitesi
3	0	8.3	https://www.siringayrimenkul.com/mahalleler/cumhuriyet/vera-point
4	0	7.0	https://www.siringayrimenkul.com/mahalleler/cumhuriyet/yeni-botanik-sitesi
1	0	1.0	https://www.siringayrimenkul.com/mahalleler/cumhuriyet/yesil-koru-sitesi
1	0	11.0	https://www.siringayrimenkul.com/mahalleler/cumhuriyet/zen-park-goksu
1	0	7.0	https://www.siringayrimenkul.com/mahalleler/cumhuriyet/zirveden-bati
14	0	10.3	https://www.siringayrimenkul.com/mahalleler/devlet-mahallesi/adalar/18673-1
37	0	9.2	https://www.siringayrimenkul.com/mahalleler/devlet-mahallesi/adalar/18675-1
3	0	3.3	https://www.siringayrimenkul.com/mahalleler/devlet-mahallesi/adalar/18677-1
49	0	8.1	https://www.siringayrimenkul.com/mahalleler/devlet-mahallesi/adalar/18678-1
11	0	9.3	https://www.siringayrimenkul.com/mahalleler/devlet-mahallesi/adalar/18679-1
37	0	8.8	https://www.siringayrimenkul.com/mahalleler/devlet-mahallesi/adalar/18689-1
20	0	9.1	https://www.siringayrimenkul.com/mahalleler/devlet-mahallesi/adalar/18690-1
29	0	10.8	https://www.siringayrimenkul.com/mahalleler/devlet-mahallesi/adalar/18691-1
9	0	12.7	https://www.siringayrimenkul.com/mahalleler/devlet-mahallesi/adalar/18692-1
12	0	9.6	https://www.siringayrimenkul.com/mahalleler/devlet-mahallesi/adalar/18694-1
64	0	9.7	https://www.siringayrimenkul.com/mahalleler/devlet-mahallesi/adalar/18695-1
9	0	8.3	https://www.siringayrimenkul.com/mahalleler/devlet-mahallesi/adalar/18698-1
47	0	8.8	https://www.siringayrimenkul.com/mahalleler/devlet-mahallesi/adalar/18706-1
22	0	10.0	https://www.siringayrimenkul.com/mahalleler/devlet-mahallesi/adalar/46517-1
25	0	9.7	https://www.siringayrimenkul.com/mahalleler/devlet-mahallesi/adalar/46519-1
9	0	7.0	https://www.siringayrimenkul.com/mahalleler/devlet-mahallesi/alis-sitesi
6	0	5.8	https://www.siringayrimenkul.com/mahalleler/devlet-mahallesi/arslanlar-sitesi
22	0	8.3	https://www.siringayrimenkul.com/mahalleler/devlet-mahallesi/demirkent-sitesi
7	0	7.3	https://www.siringayrimenkul.com/mahalleler/devlet-mahallesi/denizim-sitesi
21	0	7.5	https://www.siringayrimenkul.com/mahalleler/devlet-mahallesi/guneyce-sitesi
3	0	8.0	https://www.siringayrimenkul.com/mahalleler/devlet-mahallesi/ilk-bahar-sitesi
13	0	7.3	https://www.siringayrimenkul.com/mahalleler/devlet-mahallesi/mavi-koy-sitesi
125	0	7.1	https://www.siringayrimenkul.com/mahalleler/devlet-mahallesi/oz-gimat-sitesi
4	0	6.3	https://www.siringayrimenkul.com/mahalleler/devlet-mahallesi/sahil-sitesi
14	0	8.6	https://www.siringayrimenkul.com/mahalleler/devlet-mahallesi/sedirkent-sitesi
4	0	5.8	https://www.siringayrimenkul.com/mahalleler/devlet-mahallesi/sergah-evleri
23	0	5.3	https://www.siringayrimenkul.com/mahalleler/devlet-mahallesi/sozova-sitesi
64	0	6.5	https://www.siringayrimenkul.com/mahalleler/devlet-mahallesi/turgut-aslan-sitesi
9	0	8.0	https://www.siringayrimenkul.com/mahalleler/devlet-mahallesi/turkkonut-sinem-sitesi
1	0	11.0	https://www.siringayrimenkul.com/mahalleler/devlet-mahallesi/vatan-sitesi
9	0	5.0	https://www.siringayrimenkul.com/mahalleler/devlet-mahallesi/yeni-huzur-bahcesi-sitesi
11	0	7.3	https://www.siringayrimenkul.com/mahalleler/devlet-mahallesi/yesiloz-sitesi
2	0	12.0	https://www.siringayrimenkul.com/mahalleler/devlet/adalar/18676-1
2	0	4.0	https://www.siringayrimenkul.com/mahalleler/devlet/adalar/18677-1
8	0	8.3	https://www.siringayrimenkul.com/mahalleler/devlet/adalar/18684-1
1	0	6.0	https://www.siringayrimenkul.com/mahalleler/devlet/adalar/18687-1
1	0	3.0	https://www.siringayrimenkul.com/mahalleler/devlet/adalar/18688-1
135	0	8.2	https://www.siringayrimenkul.com/mahalleler/devlet/adalar/18693-1
1	0	4.0	https://www.siringayrimenkul.com/mahalleler/devlet/adalar/18698-1
1	0	9.0	https://www.siringayrimenkul.com/mahalleler/devlet/adalar/18705-1
1	0	8.0	https://www.siringayrimenkul.com/mahalleler/devlet/adalar/18706-1
1	0	7.0	https://www.siringayrimenkul.com/mahalleler/devlet/adalar/46517-1
1	0	11.0	https://www.siringayrimenkul.com/mahalleler/devlet/adalar/46518-1
2	0	2.5	https://www.siringayrimenkul.com/mahalleler/devlet/adalar/46520-1
2	0	9.5	https://www.siringayrimenkul.com/mahalleler/devlet/asiyan-sitesi
8	0	9.9	https://www.siringayrimenkul.com/mahalleler/devlet/bilgi-sevgi-hosgoru-sitesi
6	0	7.8	https://www.siringayrimenkul.com/mahalleler/devlet/camdali-sitesi
5	0	3.0	https://www.siringayrimenkul.com/mahalleler/devlet/dastarli-sitesi
3	0	5.0	https://www.siringayrimenkul.com/mahalleler/devlet/eryaman-royal-city
1	0	5.0	https://www.siringayrimenkul.com/mahalleler/devlet/mavi-koy-sitesi
6	0	6.8	https://www.siringayrimenkul.com/mahalleler/devlet/mil-kooperatifi-sitesi
2	0	6.0	https://www.siringayrimenkul.com/mahalleler/devlet/oray-sitesi
35	0	6.9	https://www.siringayrimenkul.com/mahalleler/devlet/ornek-ari-sitesi
2	0	9.0	https://www.siringayrimenkul.com/mahalleler/devlet/ozarda-gokturk-sitesi
4	0	7.8	https://www.siringayrimenkul.com/mahalleler/devlet/tes-is-bloklari
1	0	10.0	https://www.siringayrimenkul.com/mahalleler/devlet/turgut-aslan-sitesi
18	0	6.6	https://www.siringayrimenkul.com/mahalleler/devlet/turkkonut-istas-sitesi
8	0	5.4	https://www.siringayrimenkul.com/mahalleler/devlet/yesiloz-sitesi
4	0	6.5	https://www.siringayrimenkul.com/mahalleler/eryaman-mahallesi/adalar/16415-1
4	0	4.8	https://www.siringayrimenkul.com/mahalleler/eryaman-mahallesi/adalar/16418-1
17	0	19.8	https://www.siringayrimenkul.com/mahalleler/eryaman-mahallesi/adalar/45923-1
8	0	7.3	https://www.siringayrimenkul.com/mahalleler/eryaman-mahallesi/adalar/45923-2
24	0	16.5	https://www.siringayrimenkul.com/mahalleler/eryaman-mahallesi/adalar/45926-4
1	0	10.0	https://www.siringayrimenkul.com/mahalleler/eryaman-mahallesi/adalar/46382-1
10	0	10.5	https://www.siringayrimenkul.com/mahalleler/eryaman-mahallesi/adalar/46383-1
15	0	12.0	https://www.siringayrimenkul.com/mahalleler/eryaman-mahallesi/adalar/46385-5
8	0	6.8	https://www.siringayrimenkul.com/mahalleler/eryaman-mahallesi/adalar/46385-9
11	0	14.5	https://www.siringayrimenkul.com/mahalleler/eryaman-mahallesi/adalar/46391-1
1	0	10.0	https://www.siringayrimenkul.com/mahalleler/eryaman-mahallesi/adalar/46515-1
10	0	8.8	https://www.siringayrimenkul.com/mahalleler/eryaman-mahallesi/adalar/46524-1
3	0	6.0	https://www.siringayrimenkul.com/mahalleler/eryaman-mahallesi/adalar/46528-1
3	0	7.7	https://www.siringayrimenkul.com/mahalleler/eryaman-mahallesi/adalar/46530-1
14	0	8.6	https://www.siringayrimenkul.com/mahalleler/eryaman-mahallesi/adalar/46531-1
62	0	8.6	https://www.siringayrimenkul.com/mahalleler/eryaman-mahallesi/adalar/46535-2
5	0	8.8	https://www.siringayrimenkul.com/mahalleler/eryaman-mahallesi/adalar/46539-1
67	0	9.7	https://www.siringayrimenkul.com/mahalleler/eryaman-mahallesi/adalar/46540-1
14	0	10.3	https://www.siringayrimenkul.com/mahalleler/eryaman-mahallesi/adalar/46541-1
13	0	8.8	https://www.siringayrimenkul.com/mahalleler/eryaman-mahallesi/adalar/46542-1
68	0	7.4	https://www.siringayrimenkul.com/mahalleler/eryaman-mahallesi/adalar/48297-1
11	0	8.2	https://www.siringayrimenkul.com/mahalleler/eryaman-mahallesi/adalar/48298-1
12	0	8.3	https://www.siringayrimenkul.com/mahalleler/eryaman-mahallesi/adalar/48964-2
19	0	8.9	https://www.siringayrimenkul.com/mahalleler/eryaman-mahallesi/akkonaklar-sitesi
27	0	6.7	https://www.siringayrimenkul.com/mahalleler/eryaman-mahallesi/ay-sitesi
60	0	8.2	https://www.siringayrimenkul.com/mahalleler/eryaman-mahallesi/dogakent-konutlari
29	0	8.3	https://www.siringayrimenkul.com/mahalleler/eryaman-mahallesi/elif-elvan-sitesi
6	0	9.3	https://www.siringayrimenkul.com/mahalleler/eryaman-mahallesi/eryaman-evleri
15	0	7.6	https://www.siringayrimenkul.com/mahalleler/eryaman-mahallesi/gunotesi-sitesi
14	0	9.2	https://www.siringayrimenkul.com/mahalleler/eryaman-mahallesi/guzel-ankara-evleri-sitesi
7	0	5.6	https://www.siringayrimenkul.com/mahalleler/eryaman-mahallesi/isikkent-sitesi
34	0	7.0	https://www.siringayrimenkul.com/mahalleler/eryaman-mahallesi/kent-konaklari-sitesi
7	0	7.7	https://www.siringayrimenkul.com/mahalleler/eryaman-mahallesi/lacin-eryaman-sitesi
79	0	6.7	https://www.siringayrimenkul.com/mahalleler/eryaman-mahallesi/pasa-konaklari
29	0	15.1	https://www.siringayrimenkul.com/mahalleler/eryaman-mahallesi/pinar-sitesi
8	0	8.5	https://www.siringayrimenkul.com/mahalleler/eryaman-mahallesi/toki-konutlari
150	0	9.0	https://www.siringayrimenkul.com/mahalleler/eryaman-mahallesi/yeni-portakal-cicegi-sitesi
37	0	6.9	https://www.siringayrimenkul.com/mahalleler/eryaman-mahallesi/yeni-yayikli-sitesi
1	0	8.0	https://www.siringayrimenkul.com/mahalleler/eryaman/adalar/45793-15
13	0	10.9	https://www.siringayrimenkul.com/mahalleler/eryaman/adalar/45919-4
2	0	8.0	https://www.siringayrimenkul.com/mahalleler/eryaman/adalar/45926-3
15	0	8.6	https://www.siringayrimenkul.com/mahalleler/eryaman/adalar/45926-4
13	0	6.8	https://www.siringayrimenkul.com/mahalleler/eryaman/adalar/46385-9
2	0	7.0	https://www.siringayrimenkul.com/mahalleler/eryaman/adalar/46391-1
1	0	3.0	https://www.siringayrimenkul.com/mahalleler/eryaman/adalar/46523-8
1	0	5.0	https://www.siringayrimenkul.com/mahalleler/eryaman/adalar/46526-2
1	0	11.0	https://www.siringayrimenkul.com/mahalleler/eryaman/adalar/46527-1
2	0	9.5	https://www.siringayrimenkul.com/mahalleler/eryaman/adalar/46532-1
63	0	10.0	https://www.siringayrimenkul.com/mahalleler/eryaman/adalar/46535-2
9	0	7.3	https://www.siringayrimenkul.com/mahalleler/eryaman/adalar/46541-1
26	0	11.3	https://www.siringayrimenkul.com/mahalleler/eryaman/adalar/48297-1
6	0	6.0	https://www.siringayrimenkul.com/mahalleler/eryaman/akasya-evleri
11	0	8.3	https://www.siringayrimenkul.com/mahalleler/eryaman/armina-park-evleri
12	0	22.4	https://www.siringayrimenkul.com/mahalleler/eryaman/asm-prestij-konutlari
12	0	7.9	https://www.siringayrimenkul.com/mahalleler/eryaman/atakent-metro-sitesi
2	0	6.5	https://www.siringayrimenkul.com/mahalleler/eryaman/dogakent-konutlari
4	0	12.0	https://www.siringayrimenkul.com/mahalleler/eryaman/eryaman-evleri
2	0	7.5	https://www.siringayrimenkul.com/mahalleler/eryaman/gestas-toki
6	0	9.8	https://www.siringayrimenkul.com/mahalleler/eryaman/ilke-sitesi
2	0	6.0	https://www.siringayrimenkul.com/mahalleler/eryaman/pasa-konaklari
4	0	7.8	https://www.siringayrimenkul.com/mahalleler/eryaman/sehr-i-huzur-gold-konutlari
1	0	6.0	https://www.siringayrimenkul.com/mahalleler/eryaman/sehr-i-huzur-prestij-konutlari
4	0	8.3	https://www.siringayrimenkul.com/mahalleler/eryaman/yeni-portakal-cicegi-sitesi
6	0	7.3	https://www.siringayrimenkul.com/mahalleler/goksu
176	0	8.3	https://www.siringayrimenkul.com/mahalleler/goksu-mahallesi
32	0	11.4	https://www.siringayrimenkul.com/mahalleler/goksu-mahallesi/adalar/46453-1
49	0	34.6	https://www.siringayrimenkul.com/mahalleler/goksu-mahallesi/adalar/46456-1
14	0	18.7	https://www.siringayrimenkul.com/mahalleler/goksu-mahallesi/adalar/46466-1
28	0	29.5	https://www.siringayrimenkul.com/mahalleler/goksu-mahallesi/adalar/46469-5
11	0	13.1	https://www.siringayrimenkul.com/mahalleler/goksu-mahallesi/adalar/46477-1
80	0	38.9	https://www.siringayrimenkul.com/mahalleler/goksu-mahallesi/adalar/46478-1
21	0	9.1	https://www.siringayrimenkul.com/mahalleler/goksu-mahallesi/adalar/48145-1
3	0	3.3	https://www.siringayrimenkul.com/mahalleler/goksu-mahallesi/adalar/48146-1
4	0	7.0	https://www.siringayrimenkul.com/mahalleler/goksu-mahallesi/adalar/48147-1
21	0	11.0	https://www.siringayrimenkul.com/mahalleler/goksu-mahallesi/adalar/63379-5
13	0	9.9	https://www.siringayrimenkul.com/mahalleler/goksu-mahallesi/adalar/63379-6
4	0	14.0	https://www.siringayrimenkul.com/mahalleler/goksu-mahallesi/adalar/63379-7
4	0	9.3	https://www.siringayrimenkul.com/mahalleler/goksu-mahallesi/adalar/63380-1
29	0	10.9	https://www.siringayrimenkul.com/mahalleler/goksu-mahallesi/adalar/63380-2
8	0	9.9	https://www.siringayrimenkul.com/mahalleler/goksu-mahallesi/adalar/63381-1
32	0	10.3	https://www.siringayrimenkul.com/mahalleler/goksu-mahallesi/adalar/63388-2
22	0	9.4	https://www.siringayrimenkul.com/mahalleler/goksu-mahallesi/adalar/63388-3
12	0	8.6	https://www.siringayrimenkul.com/mahalleler/goksu-mahallesi/adalar/63396-4
2	0	8.0	https://www.siringayrimenkul.com/mahalleler/goksu-mahallesi/adalar/63932-2
10	0	8.2	https://www.siringayrimenkul.com/mahalleler/goksu-mahallesi/adalar/64517-1
9	0	25.9	https://www.siringayrimenkul.com/mahalleler/goksu-mahallesi/agacli-gol-sitesi
2	0	1.0	https://www.siringayrimenkul.com/mahalleler/goksu-mahallesi/akduzen-sitesi
96	0	7.8	https://www.siringayrimenkul.com/mahalleler/goksu-mahallesi/aksafak-sitesi
67	0	8.5	https://www.siringayrimenkul.com/mahalleler/goksu-mahallesi/angora-sitesi
7	0	7.4	https://www.siringayrimenkul.com/mahalleler/goksu-mahallesi/eceser-sitesi
17	0	10.2	https://www.siringayrimenkul.com/mahalleler/goksu-mahallesi/enday-sitesi
5	0	6.6	https://www.siringayrimenkul.com/mahalleler/goksu-mahallesi/goksu-arma
5	0	6.2	https://www.siringayrimenkul.com/mahalleler/goksu-mahallesi/goksu-bilge-sitesi
10	0	6.9	https://www.siringayrimenkul.com/mahalleler/goksu-mahallesi/goksu-evleri-sitesi
1	0	2.0	https://www.siringayrimenkul.com/mahalleler/goksu-mahallesi/goksu-park-vadi-konutlari
37	0	10.0	https://www.siringayrimenkul.com/mahalleler/goksu-mahallesi/goksu-vadi-konutlari
27	0	9.3	https://www.siringayrimenkul.com/mahalleler/goksu-mahallesi/hava-destek-sitesi
11	0	5.3	https://www.siringayrimenkul.com/mahalleler/goksu-mahallesi/havacilar-sitesi
9	0	8.8	https://www.siringayrimenkul.com/mahalleler/goksu-mahallesi/hekimler-ve-saglikcilar-sitesi
18	0	8.3	https://www.siringayrimenkul.com/mahalleler/goksu-mahallesi/irem-konutlari
6	0	5.0	https://www.siringayrimenkul.com/mahalleler/goksu-mahallesi/ma1-tower
33	0	9.1	https://www.siringayrimenkul.com/mahalleler/goksu-mahallesi/merkez-sitesi
17	0	6.7	https://www.siringayrimenkul.com/mahalleler/goksu-mahallesi/meydan-eryaman
42	0	9.0	https://www.siringayrimenkul.com/mahalleler/goksu-mahallesi/park-inci-konutlari
3	0	6.0	https://www.siringayrimenkul.com/mahalleler/goksu-mahallesi/paro-life
7	0	5.0	https://www.siringayrimenkul.com/mahalleler/goksu-mahallesi/sergoksu-konutlari
7	0	4.1	https://www.siringayrimenkul.com/mahalleler/goksu-mahallesi/utkan-sitesi
1	0	2.0	https://www.siringayrimenkul.com/mahalleler/goksu-mahallesi/utku-kent-2-sitesi
105	0	9.9	https://www.siringayrimenkul.com/mahalleler/goksu-mahallesi/vaditepe-baspinar
23	0	8.9	https://www.siringayrimenkul.com/mahalleler/goksu/adalar/46457-1
1	0	3.0	https://www.siringayrimenkul.com/mahalleler/goksu/adalar/46458-11
24	0	8.5	https://www.siringayrimenkul.com/mahalleler/goksu/adalar/46465-1
2	0	11.0	https://www.siringayrimenkul.com/mahalleler/goksu/adalar/46467-1
4	0	20.8	https://www.siringayrimenkul.com/mahalleler/goksu/adalar/46477-1
3	0	9.3	https://www.siringayrimenkul.com/mahalleler/goksu/adalar/46478-1
20	0	11.5	https://www.siringayrimenkul.com/mahalleler/goksu/adalar/46479-2
12	0	9.5	https://www.siringayrimenkul.com/mahalleler/goksu/adalar/63379-7
1	0	8.0	https://www.siringayrimenkul.com/mahalleler/goksu/adalar/63380-1
4	0	9.5	https://www.siringayrimenkul.com/mahalleler/goksu/adalar/63380-2
25	0	8.5	https://www.siringayrimenkul.com/mahalleler/goksu/adalar/63388-3
1	0	4.0	https://www.siringayrimenkul.com/mahalleler/goksu/adalar/63391-4
2	0	12.5	https://www.siringayrimenkul.com/mahalleler/goksu/adalar/63391-5
1	0	4.0	https://www.siringayrimenkul.com/mahalleler/goksu/adalar/63396-2
9	0	9.2	https://www.siringayrimenkul.com/mahalleler/goksu/adalar/63396-4
2	0	7.0	https://www.siringayrimenkul.com/mahalleler/goksu/adalar/63400-2
3	0	12.0	https://www.siringayrimenkul.com/mahalleler/goksu/adalar/63406-1
15	0	58.4	https://www.siringayrimenkul.com/mahalleler/goksu/adalar/63407-2
5	0	9.2	https://www.siringayrimenkul.com/mahalleler/goksu/adalar/63933-2
6	0	9.5	https://www.siringayrimenkul.com/mahalleler/goksu/alina-konutlari
2	0	3.0	https://www.siringayrimenkul.com/mahalleler/goksu/eceser-sitesi
6	0	7.3	https://www.siringayrimenkul.com/mahalleler/goksu/endora-goksu
1	0	5.0	https://www.siringayrimenkul.com/mahalleler/goksu/goksu-arma
4	0	6.8	https://www.siringayrimenkul.com/mahalleler/goksu/goksu-aura-sitesi
3	0	7.0	https://www.siringayrimenkul.com/mahalleler/goksu/goksu-park-vadi-konutlari
4	0	7.0	https://www.siringayrimenkul.com/mahalleler/goksu/green-life-goksu
5	0	6.0	https://www.siringayrimenkul.com/mahalleler/goksu/gsv-spor-sitesi
9	0	5.3	https://www.siringayrimenkul.com/mahalleler/goksu/havuzlu-evler-sitesi
15	0	5.8	https://www.siringayrimenkul.com/mahalleler/goksu/irem-konutlari
2	0	5.0	https://www.siringayrimenkul.com/mahalleler/goksu/kafdagi-sitesi
87	0	9.5	https://www.siringayrimenkul.com/mahalleler/goksu/kasmir-gol-evleri
2	0	4.0	https://www.siringayrimenkul.com/mahalleler/goksu/lake-life
1	0	7.0	https://www.siringayrimenkul.com/mahalleler/goksu/ma1-tower
2	0	10.0	https://www.siringayrimenkul.com/mahalleler/goksu/maybak-konutlari
5	0	6.2	https://www.siringayrimenkul.com/mahalleler/goksu/neovadi-konutlari
5	0	5.4	https://www.siringayrimenkul.com/mahalleler/goksu/paro-life
12	0	7.7	https://www.siringayrimenkul.com/mahalleler/goksu/polsan1-ayisigi-sitesi
50	0	7.7	https://www.siringayrimenkul.com/mahalleler/goksu/sergoksu-konutlari
10	0	6.2	https://www.siringayrimenkul.com/mahalleler/goksu/tulip-life
4	0	3.8	https://www.siringayrimenkul.com/mahalleler/goksu/utkan-sitesi
1	0	4.0	https://www.siringayrimenkul.com/mahalleler/goksu/uzunali-goksu-konutlari
21	0	9.2	https://www.siringayrimenkul.com/mahalleler/goksu/uzunali-goksu-konutlari-2
2	0	7.0	https://www.siringayrimenkul.com/mahalleler/goksu/yeniceri-kule
15	0	8.7	https://www.siringayrimenkul.com/mahalleler/guzelkent-mahallesi/adalar/18451-1
7	0	10.3	https://www.siringayrimenkul.com/mahalleler/guzelkent-mahallesi/adalar/18452-1
17	0	9.4	https://www.siringayrimenkul.com/mahalleler/guzelkent-mahallesi/adalar/18454-1
7	0	9.3	https://www.siringayrimenkul.com/mahalleler/guzelkent-mahallesi/adalar/18462-1
9	0	9.9	https://www.siringayrimenkul.com/mahalleler/guzelkent-mahallesi/adalar/18465-1
1	0	12.0	https://www.siringayrimenkul.com/mahalleler/guzelkent-mahallesi/adalar/18466-1
27	0	7.4	https://www.siringayrimenkul.com/mahalleler/guzelkent-mahallesi/adalar/18468-1
46	0	9.0	https://www.siringayrimenkul.com/mahalleler/guzelkent-mahallesi/adalar/18469-1
5	0	10.4	https://www.siringayrimenkul.com/mahalleler/guzelkent-mahallesi/adalar/18472-1
36	0	6.6	https://www.siringayrimenkul.com/mahalleler/guzelkent-mahallesi/adalar/18476-1
6	0	6.5	https://www.siringayrimenkul.com/mahalleler/guzelkent-mahallesi/adalar/18477-1
1	0	10.0	https://www.siringayrimenkul.com/mahalleler/guzelkent-mahallesi/adalar/18480-1
2	0	6.5	https://www.siringayrimenkul.com/mahalleler/guzelkent-mahallesi/adalar/18489-1
27	0	8.7	https://www.siringayrimenkul.com/mahalleler/guzelkent-mahallesi/adalar/18490-1
34	0	9.8	https://www.siringayrimenkul.com/mahalleler/guzelkent-mahallesi/adalar/18503-1
2	0	7.0	https://www.siringayrimenkul.com/mahalleler/guzelkent-mahallesi/adalar/18505-1
11	0	8.0	https://www.siringayrimenkul.com/mahalleler/guzelkent-mahallesi/adalar/18506-1
23	0	8.7	https://www.siringayrimenkul.com/mahalleler/guzelkent-mahallesi/adalar/18512-1
13	0	9.2	https://www.siringayrimenkul.com/mahalleler/guzelkent-mahallesi/adalar/18519-1
9	0	8.6	https://www.siringayrimenkul.com/mahalleler/guzelkent-mahallesi/adalar/18520-1
9	0	9.8	https://www.siringayrimenkul.com/mahalleler/guzelkent-mahallesi/adalar/18521-1
1	0	10.0	https://www.siringayrimenkul.com/mahalleler/guzelkent-mahallesi/adalar/18638-1
11	0	10.1	https://www.siringayrimenkul.com/mahalleler/guzelkent-mahallesi/adalar/18641-1
19	0	9.7	https://www.siringayrimenkul.com/mahalleler/guzelkent-mahallesi/adalar/18642-1
7	0	6.6	https://www.siringayrimenkul.com/mahalleler/guzelkent-mahallesi/adalar/18651-1
36	0	7.1	https://www.siringayrimenkul.com/mahalleler/guzelkent-mahallesi/adalar/18652-1
17	0	10.1	https://www.siringayrimenkul.com/mahalleler/guzelkent-mahallesi/adalar/18653-1
7	0	9.9	https://www.siringayrimenkul.com/mahalleler/guzelkent-mahallesi/adalar/18662-1
5	0	10.0	https://www.siringayrimenkul.com/mahalleler/guzelkent-mahallesi/adalar/18663-1
3	0	7.3	https://www.siringayrimenkul.com/mahalleler/guzelkent-mahallesi/adalar/18664-1
5	0	7.0	https://www.siringayrimenkul.com/mahalleler/guzelkent-mahallesi/adalar/18665-1
39	0	8.2	https://www.siringayrimenkul.com/mahalleler/guzelkent-mahallesi/adalar/18666-1
9	0	7.8	https://www.siringayrimenkul.com/mahalleler/guzelkent-mahallesi/adalar/18671-1
11	0	8.5	https://www.siringayrimenkul.com/mahalleler/guzelkent-mahallesi/adalar/18672-1
10	0	9.7	https://www.siringayrimenkul.com/mahalleler/guzelkent-mahallesi/adalar/19504-1
14	0	8.9	https://www.siringayrimenkul.com/mahalleler/guzelkent-mahallesi/adalar/19516-4
1	0	4.0	https://www.siringayrimenkul.com/mahalleler/guzelkent-mahallesi/adalar/19517-2
7	0	5.9	https://www.siringayrimenkul.com/mahalleler/guzelkent-mahallesi/adalar/19517-4
42	0	7.9	https://www.siringayrimenkul.com/mahalleler/guzelkent-mahallesi/akkonak-sitesi
9	0	6.2	https://www.siringayrimenkul.com/mahalleler/guzelkent-mahallesi/aksu-sitesi
2	0	7.0	https://www.siringayrimenkul.com/mahalleler/guzelkent-mahallesi/altay-sitesi
15	0	7.4	https://www.siringayrimenkul.com/mahalleler/guzelkent-mahallesi/angora-sitesi
16	0	6.9	https://www.siringayrimenkul.com/mahalleler/guzelkent-mahallesi/ankolular-sitesi
68	0	7.3	https://www.siringayrimenkul.com/mahalleler/guzelkent-mahallesi/buyuk-ankara-sitesi
58	0	8.7	https://www.siringayrimenkul.com/mahalleler/guzelkent-mahallesi/cagdas-95-sitesi
12	0	7.3	https://www.siringayrimenkul.com/mahalleler/guzelkent-mahallesi/dogus-91-sitesi
1	0	8.0	https://www.siringayrimenkul.com/mahalleler/guzelkent-mahallesi/ekin-sitesi
17	0	7.1	https://www.siringayrimenkul.com/mahalleler/guzelkent-mahallesi/erenkoy-sitesi
1	0	6.0	https://www.siringayrimenkul.com/mahalleler/guzelkent-mahallesi/gercek-92-sitesi
7	0	7.4	https://www.siringayrimenkul.com/mahalleler/guzelkent-mahallesi/goksu-sitesi
8	0	7.1	https://www.siringayrimenkul.com/mahalleler/guzelkent-mahallesi/gozde-1-sitesi
57	0	7.5	https://www.siringayrimenkul.com/mahalleler/guzelkent-mahallesi/gozde-91-sitesi
7	0	6.6	https://www.siringayrimenkul.com/mahalleler/guzelkent-mahallesi/gulenkent-sitesi
174	0	8.5	https://www.siringayrimenkul.com/mahalleler/guzelkent-mahallesi/guzel-ankara-sitesi
10	0	3.2	https://www.siringayrimenkul.com/mahalleler/guzelkent-mahallesi/ipek-yapi-sitesi
43	0	7.8	https://www.siringayrimenkul.com/mahalleler/guzelkent-mahallesi/korukent-sitesi
1	0	7.0	https://www.siringayrimenkul.com/mahalleler/guzelkent-mahallesi/kurtulus-sitesi
1	0	6.0	https://www.siringayrimenkul.com/mahalleler/guzelkent-mahallesi/kusburnu-sitesi
6	0	9.2	https://www.siringayrimenkul.com/mahalleler/guzelkent-mahallesi/mesa-calisanlari-kooperatifi
9	0	9.6	https://www.siringayrimenkul.com/mahalleler/guzelkent-mahallesi/mesa-sitesi
58	0	9.8	https://www.siringayrimenkul.com/mahalleler/guzelkent-mahallesi/ozle-iletisim-sitesi
75	0	6.1	https://www.siringayrimenkul.com/mahalleler/guzelkent-mahallesi/ozuguzelkent-sitesi
17	0	10.5	https://www.siringayrimenkul.com/mahalleler/guzelkent-mahallesi/portakal-cicegi
21	0	7.8	https://www.siringayrimenkul.com/mahalleler/guzelkent-mahallesi/portakal-cicegi-2-sitesi
3	0	8.0	https://www.siringayrimenkul.com/mahalleler/guzelkent-mahallesi/sahinbey-sitesi
17	0	6.2	https://www.siringayrimenkul.com/mahalleler/guzelkent-mahallesi/sehit-ferhat-koc-sitesi
19	0	8.9	https://www.siringayrimenkul.com/mahalleler/guzelkent-mahallesi/selale-sitesi
34	0	8.1	https://www.siringayrimenkul.com/mahalleler/guzelkent-mahallesi/seniz-sitesi
78	0	8.4	https://www.siringayrimenkul.com/mahalleler/guzelkent-mahallesi/sirin-91-sitesi
5	0	6.6	https://www.siringayrimenkul.com/mahalleler/guzelkent-mahallesi/yayikli-4-sitesi
62	0	6.4	https://www.siringayrimenkul.com/mahalleler/guzelkent-mahallesi/yenigun-isigi-sitesi
3	0	7.0	https://www.siringayrimenkul.com/mahalleler/guzelkent-mahallesi/yesim-kent2-sitesi
2	0	5.5	https://www.siringayrimenkul.com/mahalleler/guzelkent-mahallesi/yukselay-sitesi
9	0	5.8	https://www.siringayrimenkul.com/mahalleler/guzelkent/1-portakal-cicegi-sitesi
16	0	8.1	https://www.siringayrimenkul.com/mahalleler/guzelkent/adalar/18450-1
1	0	6.0	https://www.siringayrimenkul.com/mahalleler/guzelkent/adalar/18451-1
3	0	9.0	https://www.siringayrimenkul.com/mahalleler/guzelkent/adalar/18454-1
8	0	9.1	https://www.siringayrimenkul.com/mahalleler/guzelkent/adalar/18465-1
4	0	11.8	https://www.siringayrimenkul.com/mahalleler/guzelkent/adalar/18466-1
15	0	9.5	https://www.siringayrimenkul.com/mahalleler/guzelkent/adalar/18469-1
2	0	12.5	https://www.siringayrimenkul.com/mahalleler/guzelkent/adalar/18472-1
2	0	11.0	https://www.siringayrimenkul.com/mahalleler/guzelkent/adalar/18474-1
2	0	7.0	https://www.siringayrimenkul.com/mahalleler/guzelkent/adalar/18475-1
1	0	8.0	https://www.siringayrimenkul.com/mahalleler/guzelkent/adalar/18477-1
11	0	7.4	https://www.siringayrimenkul.com/mahalleler/guzelkent/adalar/18480-1
1	0	6.0	https://www.siringayrimenkul.com/mahalleler/guzelkent/adalar/18482-1
5	0	11.2	https://www.siringayrimenkul.com/mahalleler/guzelkent/adalar/18483-1
6	0	14.5	https://www.siringayrimenkul.com/mahalleler/guzelkent/adalar/18489-1
1	0	7.0	https://www.siringayrimenkul.com/mahalleler/guzelkent/adalar/18491-1
3	0	10.7	https://www.siringayrimenkul.com/mahalleler/guzelkent/adalar/18500-1
1	0	6.0	https://www.siringayrimenkul.com/mahalleler/guzelkent/adalar/18501-1
4	0	8.8	https://www.siringayrimenkul.com/mahalleler/guzelkent/adalar/18504-1
1	0	10.0	https://www.siringayrimenkul.com/mahalleler/guzelkent/adalar/18505-1
1	0	10.0	https://www.siringayrimenkul.com/mahalleler/guzelkent/adalar/18521-1
11	0	8.5	https://www.siringayrimenkul.com/mahalleler/guzelkent/adalar/18640-1
6	0	10.0	https://www.siringayrimenkul.com/mahalleler/guzelkent/adalar/18641-1
1	0	12.0	https://www.siringayrimenkul.com/mahalleler/guzelkent/adalar/18642-1
1	0	13.0	https://www.siringayrimenkul.com/mahalleler/guzelkent/adalar/18643-1
8	0	8.9	https://www.siringayrimenkul.com/mahalleler/guzelkent/adalar/18644-1
9	0	10.6	https://www.siringayrimenkul.com/mahalleler/guzelkent/adalar/18653-1
1	0	19.0	https://www.siringayrimenkul.com/mahalleler/guzelkent/adalar/18656-1
1	0	11.0	https://www.siringayrimenkul.com/mahalleler/guzelkent/adalar/18663-1
1	0	12.0	https://www.siringayrimenkul.com/mahalleler/guzelkent/adalar/18666-1
2	0	11.0	https://www.siringayrimenkul.com/mahalleler/guzelkent/adalar/18668-1
1	0	11.0	https://www.siringayrimenkul.com/mahalleler/guzelkent/adalar/18669-1
1	0	8.0	https://www.siringayrimenkul.com/mahalleler/guzelkent/adalar/18671-1
7	0	7.4	https://www.siringayrimenkul.com/mahalleler/guzelkent/adalar/19504-1
6	0	8.3	https://www.siringayrimenkul.com/mahalleler/guzelkent/adalar/19516-2
1	0	5.0	https://www.siringayrimenkul.com/mahalleler/guzelkent/adalar/19516-6
2	0	11.0	https://www.siringayrimenkul.com/mahalleler/guzelkent/ak-91-sitesi
3	0	4.0	https://www.siringayrimenkul.com/mahalleler/guzelkent/akkonak-sitesi
1	0	5.0	https://www.siringayrimenkul.com/mahalleler/guzelkent/altay-sitesi
2	0	4.5	https://www.siringayrimenkul.com/mahalleler/guzelkent/anadolu-sitesi
2	0	4.5	https://www.siringayrimenkul.com/mahalleler/guzelkent/ankolular-sitesi
1	0	5.0	https://www.siringayrimenkul.com/mahalleler/guzelkent/boyut-sitesi
7	0	6.0	https://www.siringayrimenkul.com/mahalleler/guzelkent/buyuk-ankara-sitesi
3	0	5.0	https://www.siringayrimenkul.com/mahalleler/guzelkent/cagdas-95-sitesi
1	0	12.0	https://www.siringayrimenkul.com/mahalleler/guzelkent/cagdas-sistem-sitesi
57	0	6.5	https://www.siringayrimenkul.com/mahalleler/guzelkent/cankaya-vefa-sitesi
12	0	7.1	https://www.siringayrimenkul.com/mahalleler/guzelkent/gercek-92-sitesi
1	0	11.0	https://www.siringayrimenkul.com/mahalleler/guzelkent/gokkusagi-sitesi
2	0	2.5	https://www.siringayrimenkul.com/mahalleler/guzelkent/gozde-1-sitesi
3	0	5.3	https://www.siringayrimenkul.com/mahalleler/guzelkent/gozde-91-sitesi
4	0	5.5	https://www.siringayrimenkul.com/mahalleler/guzelkent/guz-gol-sitesi
1	0	7.0	https://www.siringayrimenkul.com/mahalleler/guzelkent/karasimsek-sitesi
2	0	5.5	https://www.siringayrimenkul.com/mahalleler/guzelkent/kucuk-ankara-villalari
7	0	9.9	https://www.siringayrimenkul.com/mahalleler/guzelkent/master-kent-sitesi
2	0	7.5	https://www.siringayrimenkul.com/mahalleler/guzelkent/metro-yasam-sitesi
2	0	6.0	https://www.siringayrimenkul.com/mahalleler/guzelkent/ozle-iletisim-sitesi
9	0	8.0	https://www.siringayrimenkul.com/mahalleler/guzelkent/postakent-sitesi
1	0	3.0	https://www.siringayrimenkul.com/mahalleler/guzelkent/renk-villalari
16	0	7.0	https://www.siringayrimenkul.com/mahalleler/guzelkent/sahinbey-sitesi
2	0	4.5	https://www.siringayrimenkul.com/mahalleler/guzelkent/sehit-ferhat-koc-sitesi
2	0	5.5	https://www.siringayrimenkul.com/mahalleler/guzelkent/yenigun-isigi-sitesi
4	0	5.5	https://www.siringayrimenkul.com/mahalleler/guzelkent/yesimkent
24	0	6.6	https://www.siringayrimenkul.com/mahalleler/sehit-osman-avci-mahallesi/75-yil-sitesi
6	0	5.8	https://www.siringayrimenkul.com/mahalleler/sehit-osman-avci-mahallesi/adalar/17462-1
1	0	9.0	https://www.siringayrimenkul.com/mahalleler/sehit-osman-avci-mahallesi/adalar/17463-1
10	0	7.4	https://www.siringayrimenkul.com/mahalleler/sehit-osman-avci-mahallesi/adalar/17465-1
8	0	8.3	https://www.siringayrimenkul.com/mahalleler/sehit-osman-avci-mahallesi/adalar/17470-1
4	0	7.5	https://www.siringayrimenkul.com/mahalleler/sehit-osman-avci-mahallesi/adalar/17472-1
10	0	13.3	https://www.siringayrimenkul.com/mahalleler/sehit-osman-avci-mahallesi/adalar/17487-1
5	0	9.8	https://www.siringayrimenkul.com/mahalleler/sehit-osman-avci-mahallesi/adalar/17489-1
12	0	10.0	https://www.siringayrimenkul.com/mahalleler/sehit-osman-avci-mahallesi/adalar/17490-1
1	0	7.0	https://www.siringayrimenkul.com/mahalleler/sehit-osman-avci-mahallesi/adalar/17491-1
3	0	9.0	https://www.siringayrimenkul.com/mahalleler/sehit-osman-avci-mahallesi/adalar/17498-1
1	0	1.0	https://www.siringayrimenkul.com/mahalleler/sehit-osman-avci-mahallesi/adalar/46362-1
3	0	9.3	https://www.siringayrimenkul.com/mahalleler/sehit-osman-avci-mahallesi/adalar/46473-1
8	0	21.3	https://www.siringayrimenkul.com/mahalleler/sehit-osman-avci-mahallesi/adalar/46619-7
14	0	14.9	https://www.siringayrimenkul.com/mahalleler/sehit-osman-avci-mahallesi/adalar/46622-1
5	0	7.6	https://www.siringayrimenkul.com/mahalleler/sehit-osman-avci-mahallesi/adalar/46623-4
20	0	12.4	https://www.siringayrimenkul.com/mahalleler/sehit-osman-avci-mahallesi/adalar/46624-1
20	0	8.3	https://www.siringayrimenkul.com/mahalleler/sehit-osman-avci-mahallesi/adalar/46628-7
9	0	8.1	https://www.siringayrimenkul.com/mahalleler/sehit-osman-avci-mahallesi/adalar/46641-1
44	0	10.0	https://www.siringayrimenkul.com/mahalleler/sehit-osman-avci-mahallesi/adalar/46642-5
33	0	9.6	https://www.siringayrimenkul.com/mahalleler/sehit-osman-avci-mahallesi/adalar/46645-1
42	0	8.1	https://www.siringayrimenkul.com/mahalleler/sehit-osman-avci-mahallesi/adalar/46646-1
74	0	7.8	https://www.siringayrimenkul.com/mahalleler/sehit-osman-avci-mahallesi/adalar/46652-1
2	0	8.5	https://www.siringayrimenkul.com/mahalleler/sehit-osman-avci-mahallesi/adalar/46652-2
218	0	8.3	https://www.siringayrimenkul.com/mahalleler/sehit-osman-avci-mahallesi/adalar/46654-5
154	0	8.0	https://www.siringayrimenkul.com/mahalleler/sehit-osman-avci-mahallesi/adalar/46654-8
23	0	7.5	https://www.siringayrimenkul.com/mahalleler/sehit-osman-avci-mahallesi/adalar/46659-2
51	0	8.5	https://www.siringayrimenkul.com/mahalleler/sehit-osman-avci-mahallesi/adalar/46659-4
25	0	9.6	https://www.siringayrimenkul.com/mahalleler/sehit-osman-avci-mahallesi/adalar/46660-1
9	0	8.3	https://www.siringayrimenkul.com/mahalleler/sehit-osman-avci-mahallesi/adalar/46664-2
8	0	11.3	https://www.siringayrimenkul.com/mahalleler/sehit-osman-avci-mahallesi/adalar/46667-2
14	0	9.7	https://www.siringayrimenkul.com/mahalleler/sehit-osman-avci-mahallesi/adalar/46667-3
2	0	11.0	https://www.siringayrimenkul.com/mahalleler/sehit-osman-avci-mahallesi/adalar/48150-1
13	0	7.4	https://www.siringayrimenkul.com/mahalleler/sehit-osman-avci-mahallesi/adalar/48581-3
1	0	8.0	https://www.siringayrimenkul.com/mahalleler/sehit-osman-avci-mahallesi/address-goksu
8	0	8.9	https://www.siringayrimenkul.com/mahalleler/sehit-osman-avci-mahallesi/akasya-sitesi
35	0	10.5	https://www.siringayrimenkul.com/mahalleler/sehit-osman-avci-mahallesi/akin-688-konutlari
142	0	7.7	https://www.siringayrimenkul.com/mahalleler/sehit-osman-avci-mahallesi/arkadya-goksu-evleri
41	0	6.2	https://www.siringayrimenkul.com/mahalleler/sehit-osman-avci-mahallesi/atalay-sitesi
148	0	8.5	https://www.siringayrimenkul.com/mahalleler/sehit-osman-avci-mahallesi/bordo-platinum-residence
6	0	6.0	https://www.siringayrimenkul.com/mahalleler/sehit-osman-avci-mahallesi/bossphorus-konutlari
34	0	6.7	https://www.siringayrimenkul.com/mahalleler/sehit-osman-avci-mahallesi/bulvar-312-konutlari
16	0	7.6	https://www.siringayrimenkul.com/mahalleler/sehit-osman-avci-mahallesi/camlik-sitesi
2	0	12.5	https://www.siringayrimenkul.com/mahalleler/sehit-osman-avci-mahallesi/cicek-sitesi
10	0	7.9	https://www.siringayrimenkul.com/mahalleler/sehit-osman-avci-mahallesi/cizgi-otesi-residence
42	0	6.2	https://www.siringayrimenkul.com/mahalleler/sehit-osman-avci-mahallesi/dalgic-residence
8	0	5.8	https://www.siringayrimenkul.com/mahalleler/sehit-osman-avci-mahallesi/ela-concept-evleri
54	0	6.9	https://www.siringayrimenkul.com/mahalleler/sehit-osman-avci-mahallesi/etaplar/2
9	0	9.2	https://www.siringayrimenkul.com/mahalleler/sehit-osman-avci-mahallesi/gode-yasam-konutlari
2	0	6.5	https://www.siringayrimenkul.com/mahalleler/sehit-osman-avci-mahallesi/goksu-prestij
95	0	7.7	https://www.siringayrimenkul.com/mahalleler/sehit-osman-avci-mahallesi/hill-tower-goksu
2	0	8.0	https://www.siringayrimenkul.com/mahalleler/sehit-osman-avci-mahallesi/ictas
65	0	7.3	https://www.siringayrimenkul.com/mahalleler/sehit-osman-avci-mahallesi/intes-sitesi
29	0	7.6	https://www.siringayrimenkul.com/mahalleler/sehit-osman-avci-mahallesi/izo-ser-residence
28	0	6.8	https://www.siringayrimenkul.com/mahalleler/sehit-osman-avci-mahallesi/kardelen-sitesi
36	0	7.6	https://www.siringayrimenkul.com/mahalleler/sehit-osman-avci-mahallesi/metropark-concept
44	0	6.5	https://www.siringayrimenkul.com/mahalleler/sehit-osman-avci-mahallesi/nefeskent-sitesi
30	0	9.4	https://www.siringayrimenkul.com/mahalleler/sehit-osman-avci-mahallesi/relax-eryaman-konutlari
72	0	5.9	https://www.siringayrimenkul.com/mahalleler/sehit-osman-avci-mahallesi/soyak-sitesi
28	0	6.4	https://www.siringayrimenkul.com/mahalleler/sehit-osman-avci-mahallesi/tan-yildizi-sitesi
81	0	6.4	https://www.siringayrimenkul.com/mahalleler/sehit-osman-avci-mahallesi/vera-city
8	0	6.3	https://www.siringayrimenkul.com/mahalleler/sehit-osman-avci-mahallesi/yildiz-eryaman
6	0	8.7	https://www.siringayrimenkul.com/mahalleler/sehit-osman-avci/adalar/17461-1
1	0	8.0	https://www.siringayrimenkul.com/mahalleler/sehit-osman-avci/adalar/17462-1
3	0	9.0	https://www.siringayrimenkul.com/mahalleler/sehit-osman-avci/adalar/17464-1
2	0	7.0	https://www.siringayrimenkul.com/mahalleler/sehit-osman-avci/adalar/17467-1
1	0	9.0	https://www.siringayrimenkul.com/mahalleler/sehit-osman-avci/adalar/17470-1
2	0	4.0	https://www.siringayrimenkul.com/mahalleler/sehit-osman-avci/adalar/17472-1
1	0	6.0	https://www.siringayrimenkul.com/mahalleler/sehit-osman-avci/adalar/17498-1
2	0	9.5	https://www.siringayrimenkul.com/mahalleler/sehit-osman-avci/adalar/46619-4
1	0	4.0	https://www.siringayrimenkul.com/mahalleler/sehit-osman-avci/adalar/46620-2
8	0	16.3	https://www.siringayrimenkul.com/mahalleler/sehit-osman-avci/adalar/46622-1
1	0	10.0	https://www.siringayrimenkul.com/mahalleler/sehit-osman-avci/adalar/46624-1
15	0	8.7	https://www.siringayrimenkul.com/mahalleler/sehit-osman-avci/adalar/46631-3
3	0	5.0	https://www.siringayrimenkul.com/mahalleler/sehit-osman-avci/adalar/46639-1
2	0	8.5	https://www.siringayrimenkul.com/mahalleler/sehit-osman-avci/adalar/46642-5
1	0	11.0	https://www.siringayrimenkul.com/mahalleler/sehit-osman-avci/adalar/46643-5
76	0	10.3	https://www.siringayrimenkul.com/mahalleler/sehit-osman-avci/adalar/46643-7
1	0	8.0	https://www.siringayrimenkul.com/mahalleler/sehit-osman-avci/adalar/46644-1
1	0	9.0	https://www.siringayrimenkul.com/mahalleler/sehit-osman-avci/adalar/46646-1
39	0	8.5	https://www.siringayrimenkul.com/mahalleler/sehit-osman-avci/adalar/46651-5
2	0	8.0	https://www.siringayrimenkul.com/mahalleler/sehit-osman-avci/adalar/46651-6
1	0	10.0	https://www.siringayrimenkul.com/mahalleler/sehit-osman-avci/adalar/46656-3
1	0	11.0	https://www.siringayrimenkul.com/mahalleler/sehit-osman-avci/adalar/46657-1
4	0	5.0	https://www.siringayrimenkul.com/mahalleler/sehit-osman-avci/adalar/46657-5
2	0	6.5	https://www.siringayrimenkul.com/mahalleler/sehit-osman-avci/adalar/46658-3
1	0	2.0	https://www.siringayrimenkul.com/mahalleler/sehit-osman-avci/adalar/46659-4
6	0	1.8	https://www.siringayrimenkul.com/mahalleler/sehit-osman-avci/adalar/46659-6
2	0	6.0	https://www.siringayrimenkul.com/mahalleler/sehit-osman-avci/adalar/46660-1
5	0	9.2	https://www.siringayrimenkul.com/mahalleler/sehit-osman-avci/adalar/46661-3
1	0	12.0	https://www.siringayrimenkul.com/mahalleler/sehit-osman-avci/adalar/46665-3
3	0	4.7	https://www.siringayrimenkul.com/mahalleler/sehit-osman-avci/adalar/46667-2
1	0	8.0	https://www.siringayrimenkul.com/mahalleler/sehit-osman-avci/adalar/46667-4
1	0	2.0	https://www.siringayrimenkul.com/mahalleler/sehit-osman-avci/adalar/48581-3
9	0	8.6	https://www.siringayrimenkul.com/mahalleler/sehit-osman-avci/address-goksu
2	0	7.0	https://www.siringayrimenkul.com/mahalleler/sehit-osman-avci/akasya-sitesi
13	0	8.0	https://www.siringayrimenkul.com/mahalleler/sehit-osman-avci/akin-689-konutlari
56	0	7.2	https://www.siringayrimenkul.com/mahalleler/sehit-osman-avci/bordo-platinum-residence
2	0	11.5	https://www.siringayrimenkul.com/mahalleler/sehit-osman-avci/bosphorus-ankara-konutlari
24	0	6.0	https://www.siringayrimenkul.com/mahalleler/sehit-osman-avci/bp-residence-eryaman
18	0	6.1	https://www.siringayrimenkul.com/mahalleler/sehit-osman-avci/bulvar-1071-sitesi
4	0	11.5	https://www.siringayrimenkul.com/mahalleler/sehit-osman-avci/bulvar-312-konutlari
11	0	5.3	https://www.siringayrimenkul.com/mahalleler/sehit-osman-avci/camlik-sitesi
6	0	5.5	https://www.siringayrimenkul.com/mahalleler/sehit-osman-avci/cizgi-otesi-residence
3	0	6.0	https://www.siringayrimenkul.com/mahalleler/sehit-osman-avci/daldikenler-yasemin-evleri-sitesi
6	0	5.0	https://www.siringayrimenkul.com/mahalleler/sehit-osman-avci/dalgic-residence
1	0	3.0	https://www.siringayrimenkul.com/mahalleler/sehit-osman-avci/eston-sitesi
4	0	4.5	https://www.siringayrimenkul.com/mahalleler/sehit-osman-avci/gokdemirler-suit
36	0	7.6	https://www.siringayrimenkul.com/mahalleler/sehit-osman-avci/goksukent-sitesi
1	0	10.0	https://www.siringayrimenkul.com/mahalleler/sehit-osman-avci/golde-luxe-konutlari
5	0	6.0	https://www.siringayrimenkul.com/mahalleler/sehit-osman-avci/gungorler-tower
2	0	5.0	https://www.siringayrimenkul.com/mahalleler/sehit-osman-avci/happy-life-residence
3	0	5.7	https://www.siringayrimenkul.com/mahalleler/sehit-osman-avci/hill-tower-cadde
6	0	6.0	https://www.siringayrimenkul.com/mahalleler/sehit-osman-avci/hill-tower-goksu
15	0	26.8	https://www.siringayrimenkul.com/mahalleler/sehit-osman-avci/kardelen-sitesi
7	0	6.6	https://www.siringayrimenkul.com/mahalleler/sehit-osman-avci/lale-kent-sitesi
8	0	7.3	https://www.siringayrimenkul.com/mahalleler/sehit-osman-avci/metropark-concept
3	0	4.0	https://www.siringayrimenkul.com/mahalleler/sehit-osman-avci/odevci-sitesi
6	0	11.2	https://www.siringayrimenkul.com/mahalleler/sehit-osman-avci/relax-goksu-konutlari
29	0	6.8	https://www.siringayrimenkul.com/mahalleler/sehit-osman-avci/soyak-sitesi
5	0	3.8	https://www.siringayrimenkul.com/mahalleler/sehit-osman-avci/tan-yildizi-sitesi
69	0	6.4	https://www.siringayrimenkul.com/mahalleler/sehit-osman-avci/tureli-residence
4	0	8.0	https://www.siringayrimenkul.com/mahalleler/sehit-osman-avci/vera-city
2	0	6.5	https://www.siringayrimenkul.com/mahalleler/sehit-osman-avci/zekioglu-rezidans
23	0	8.4	https://www.siringayrimenkul.com/mahalleler/seker-mahallesi/adalar/45064-16
1	0	3.0	https://www.siringayrimenkul.com/mahalleler/seker-mahallesi/adalar/46361-4
7	0	8.6	https://www.siringayrimenkul.com/mahalleler/seker-mahallesi/adalar/46361-5
10	0	8.1	https://www.siringayrimenkul.com/mahalleler/seker-mahallesi/adalar/46362-2
20	0	7.8	https://www.siringayrimenkul.com/mahalleler/seker-mahallesi/adalar/46368-1
71	0	7.8	https://www.siringayrimenkul.com/mahalleler/seker-mahallesi/adalar/46368-10
137	0	8.9	https://www.siringayrimenkul.com/mahalleler/seker-mahallesi/adalar/46368-11
52	0	11.9	https://www.siringayrimenkul.com/mahalleler/seker-mahallesi/adalar/48305-6
8	0	5.6	https://www.siringayrimenkul.com/mahalleler/seker-mahallesi/akdal-residence
9	0	8.6	https://www.siringayrimenkul.com/mahalleler/seker-mahallesi/diamond-residence
121	0	8.2	https://www.siringayrimenkul.com/mahalleler/seker-mahallesi/dort-mevsim-eryaman-konutlari
94	0	6.7	https://www.siringayrimenkul.com/mahalleler/seker-mahallesi/golden-life-residence
1	0	1.0	https://www.siringayrimenkul.com/mahalleler/seker/adalar/46362-3
2	0	6.0	https://www.siringayrimenkul.com/mahalleler/seker/adalar/46362-4
15	0	7.5	https://www.siringayrimenkul.com/mahalleler/seker/address-enda
1	0	7.0	https://www.siringayrimenkul.com/mahalleler/seker/akdal-residence
4	0	7.3	https://www.siringayrimenkul.com/mahalleler/seker/altas-relax-line
4	0	7.0	https://www.siringayrimenkul.com/mahalleler/seker/bahcen-eryaman-konutlari
2	0	6.5	https://www.siringayrimenkul.com/mahalleler/seker/diamond-residence
11	0	7.5	https://www.siringayrimenkul.com/mahalleler/seker/izoser-residence
3	0	8.7	https://www.siringayrimenkul.com/mahalleler/seker/meydan-cadde
4	0	4.0	https://www.siringayrimenkul.com/mahalleler/seker/relax-line
65	0	7.8	https://www.siringayrimenkul.com/mahalleler/seker/zirve-loft
15	0	6.9	https://www.siringayrimenkul.com/mahalleler/seyh-samil-mahallesi/acar-sitesi
8	0	6.1	https://www.siringayrimenkul.com/mahalleler/seyh-samil-mahallesi/adalar/17321-1
13	0	8.3	https://www.siringayrimenkul.com/mahalleler/seyh-samil-mahallesi/adalar/17323-1
10	0	5.6	https://www.siringayrimenkul.com/mahalleler/seyh-samil-mahallesi/adalar/17325-1
14	0	7.6	https://www.siringayrimenkul.com/mahalleler/seyh-samil-mahallesi/adalar/17327-1
10	0	5.3	https://www.siringayrimenkul.com/mahalleler/seyh-samil-mahallesi/adalar/17328-1
8	0	4.3	https://www.siringayrimenkul.com/mahalleler/seyh-samil-mahallesi/adalar/17329-1
3	0	4.7	https://www.siringayrimenkul.com/mahalleler/seyh-samil-mahallesi/adalar/17330-1
4	0	8.5	https://www.siringayrimenkul.com/mahalleler/seyh-samil-mahallesi/adalar/17332-1
33	0	5.7	https://www.siringayrimenkul.com/mahalleler/seyh-samil-mahallesi/adalar/17333-1
3	0	7.3	https://www.siringayrimenkul.com/mahalleler/seyh-samil-mahallesi/adalar/17335-1
3	0	5.7	https://www.siringayrimenkul.com/mahalleler/seyh-samil-mahallesi/adalar/17339-1
11	0	7.6	https://www.siringayrimenkul.com/mahalleler/seyh-samil-mahallesi/adalar/17341-1
12	0	8.5	https://www.siringayrimenkul.com/mahalleler/seyh-samil-mahallesi/adalar/17342-1
8	0	8.3	https://www.siringayrimenkul.com/mahalleler/seyh-samil-mahallesi/adalar/17343-1
16	0	8.6	https://www.siringayrimenkul.com/mahalleler/seyh-samil-mahallesi/adalar/17345-1
15	0	7.6	https://www.siringayrimenkul.com/mahalleler/seyh-samil-mahallesi/adalar/17346-1
11	0	7.2	https://www.siringayrimenkul.com/mahalleler/seyh-samil-mahallesi/adalar/17349-1
12	0	11.3	https://www.siringayrimenkul.com/mahalleler/seyh-samil-mahallesi/adalar/17352-1
6	0	8.7	https://www.siringayrimenkul.com/mahalleler/seyh-samil-mahallesi/adalar/17353-1
14	0	8.3	https://www.siringayrimenkul.com/mahalleler/seyh-samil-mahallesi/adalar/17354-1
11	0	8.2	https://www.siringayrimenkul.com/mahalleler/seyh-samil-mahallesi/adalar/17362-1
1	0	13.0	https://www.siringayrimenkul.com/mahalleler/seyh-samil-mahallesi/adalar/17363-1
8	0	8.4	https://www.siringayrimenkul.com/mahalleler/seyh-samil-mahallesi/adalar/17364-1
13	0	15.0	https://www.siringayrimenkul.com/mahalleler/seyh-samil-mahallesi/adalar/17365-1
12	0	8.9	https://www.siringayrimenkul.com/mahalleler/seyh-samil-mahallesi/adalar/17366-1
6	0	5.7	https://www.siringayrimenkul.com/mahalleler/seyh-samil-mahallesi/adalar/17367-1
80	0	9.5	https://www.siringayrimenkul.com/mahalleler/seyh-samil-mahallesi/adalar/46216-1
2	0	6.0	https://www.siringayrimenkul.com/mahalleler/seyh-samil-mahallesi/adalar/46221-1
1	0	11.0	https://www.siringayrimenkul.com/mahalleler/seyh-samil-mahallesi/adalar/46222-1
3	0	9.7	https://www.siringayrimenkul.com/mahalleler/seyh-samil-mahallesi/adalar/46223-3
21	0	9.5	https://www.siringayrimenkul.com/mahalleler/seyh-samil-mahallesi/adalar/46224-1
5	0	9.0	https://www.siringayrimenkul.com/mahalleler/seyh-samil-mahallesi/adalar/46241-1
32	0	5.5	https://www.siringayrimenkul.com/mahalleler/seyh-samil-mahallesi/adalar/46263-2
19	0	7.5	https://www.siringayrimenkul.com/mahalleler/seyh-samil-mahallesi/adalar/46263-3
4	0	10.8	https://www.siringayrimenkul.com/mahalleler/seyh-samil-mahallesi/adalar/46265-2
67	0	8.8	https://www.siringayrimenkul.com/mahalleler/seyh-samil-mahallesi/adalar/46266-1
2	0	11.0	https://www.siringayrimenkul.com/mahalleler/seyh-samil-mahallesi/adalar/46269-2
16	0	6.3	https://www.siringayrimenkul.com/mahalleler/seyh-samil-mahallesi/adalar/46269-4
16	0	10.1	https://www.siringayrimenkul.com/mahalleler/seyh-samil-mahallesi/adalar/46272-1
5	0	8.4	https://www.siringayrimenkul.com/mahalleler/seyh-samil-mahallesi/adalar/46277-1
5	0	7.6	https://www.siringayrimenkul.com/mahalleler/seyh-samil-mahallesi/adalar/46486-2
9	0	9.0	https://www.siringayrimenkul.com/mahalleler/seyh-samil-mahallesi/adalar/46487-5
18	0	9.6	https://www.siringayrimenkul.com/mahalleler/seyh-samil-mahallesi/adalar/46489-1
3	0	6.7	https://www.siringayrimenkul.com/mahalleler/seyh-samil-mahallesi/adalar/46491-2
22	0	10.7	https://www.siringayrimenkul.com/mahalleler/seyh-samil-mahallesi/adalar/46569-1
4	0	9.3	https://www.siringayrimenkul.com/mahalleler/seyh-samil-mahallesi/adalar/48062-1
2	0	8.5	https://www.siringayrimenkul.com/mahalleler/seyh-samil-mahallesi/adalar/48063-1
21	0	9.8	https://www.siringayrimenkul.com/mahalleler/seyh-samil-mahallesi/adalar/48064-1
2	0	10.5	https://www.siringayrimenkul.com/mahalleler/seyh-samil-mahallesi/adalar/48065-1
13	0	5.8	https://www.siringayrimenkul.com/mahalleler/seyh-samil-mahallesi/baris-sitesi
39	0	6.6	https://www.siringayrimenkul.com/mahalleler/seyh-samil-mahallesi/borankent
1	0	7.0	https://www.siringayrimenkul.com/mahalleler/seyh-samil-mahallesi/camlica-sitesi
13	0	11.6	https://www.siringayrimenkul.com/mahalleler/seyh-samil-mahallesi/eston-1-bloklari
55	0	9.0	https://www.siringayrimenkul.com/mahalleler/seyh-samil-mahallesi/ictas-bloklari
6	0	4.7	https://www.siringayrimenkul.com/mahalleler/seyh-samil-mahallesi/ilkdogus-sitesi
19	0	6.7	https://www.siringayrimenkul.com/mahalleler/seyh-samil-mahallesi/kackar-sitesi
28	0	5.9	https://www.siringayrimenkul.com/mahalleler/seyh-samil-mahallesi/kosk-birlik-sitesi
6	0	5.0	https://www.siringayrimenkul.com/mahalleler/seyh-samil-mahallesi/mavera-sitesi
48	0	5.0	https://www.siringayrimenkul.com/mahalleler/seyh-samil-mahallesi/nisan-sitesi
3	0	9.3	https://www.siringayrimenkul.com/mahalleler/seyh-samil-mahallesi/onur-sitesi
16	0	8.3	https://www.siringayrimenkul.com/mahalleler/seyh-samil-mahallesi/ovgu-iletisim-sitesi
34	0	7.1	https://www.siringayrimenkul.com/mahalleler/seyh-samil-mahallesi/oz-cozum-kent-sitesi
20	0	5.8	https://www.siringayrimenkul.com/mahalleler/seyh-samil-mahallesi/oz-tamer-sitesi
3	0	10.3	https://www.siringayrimenkul.com/mahalleler/seyh-samil-mahallesi/ozanadolu
6	0	6.3	https://www.siringayrimenkul.com/mahalleler/seyh-samil-mahallesi/selinkent-sitesi
2	0	6.5	https://www.siringayrimenkul.com/mahalleler/seyh-samil-mahallesi/sitekonut-sitesi
14	0	6.6	https://www.siringayrimenkul.com/mahalleler/seyh-samil-mahallesi/sumeyra-sitesi
9	0	10.8	https://www.siringayrimenkul.com/mahalleler/seyh-samil-mahallesi/turk-konut
25	0	9.4	https://www.siringayrimenkul.com/mahalleler/seyh-samil-mahallesi/turkuaz-sitesi
156	0	7.6	https://www.siringayrimenkul.com/mahalleler/seyh-samil-mahallesi/umar-sitesi
13	0	6.9	https://www.siringayrimenkul.com/mahalleler/seyh-samil-mahallesi/uzunbey-sitesi
36	0	8.7	https://www.siringayrimenkul.com/mahalleler/seyh-samil-mahallesi/yardimci-bloklari
33	0	7.2	https://www.siringayrimenkul.com/mahalleler/seyh-samil-mahallesi/yayginkent-sitesi
59	0	7.5	https://www.siringayrimenkul.com/mahalleler/seyh-samil-mahallesi/yeni-burak-sitesi
7	0	3.9	https://www.siringayrimenkul.com/mahalleler/seyh-samil-mahallesi/zadegan-sitesi
15	0	8.3	https://www.siringayrimenkul.com/mahalleler/seyh-samil/adalar/17322-1
4	0	10.8	https://www.siringayrimenkul.com/mahalleler/seyh-samil/adalar/17323-1
3	0	5.7	https://www.siringayrimenkul.com/mahalleler/seyh-samil/adalar/17325-1
2	0	6.5	https://www.siringayrimenkul.com/mahalleler/seyh-samil/adalar/17326-1
2	0	5.5	https://www.siringayrimenkul.com/mahalleler/seyh-samil/adalar/17327-1
5	0	6.2	https://www.siringayrimenkul.com/mahalleler/seyh-samil/adalar/17334-1
1	0	12.0	https://www.siringayrimenkul.com/mahalleler/seyh-samil/adalar/17335-1
1	0	5.0	https://www.siringayrimenkul.com/mahalleler/seyh-samil/adalar/17336-1
1	0	8.0	https://www.siringayrimenkul.com/mahalleler/seyh-samil/adalar/17337-1
5	0	10.4	https://www.siringayrimenkul.com/mahalleler/seyh-samil/adalar/17338-1
7	0	6.4	https://www.siringayrimenkul.com/mahalleler/seyh-samil/adalar/17339-1
4	0	6.0	https://www.siringayrimenkul.com/mahalleler/seyh-samil/adalar/17340-1
2	0	6.5	https://www.siringayrimenkul.com/mahalleler/seyh-samil/adalar/17341-1
2	0	8.0	https://www.siringayrimenkul.com/mahalleler/seyh-samil/adalar/17342-1
6	0	7.3	https://www.siringayrimenkul.com/mahalleler/seyh-samil/adalar/17346-1
6	0	5.7	https://www.siringayrimenkul.com/mahalleler/seyh-samil/adalar/17348-1
1	0	10.0	https://www.siringayrimenkul.com/mahalleler/seyh-samil/adalar/17349-1
1	0	8.0	https://www.siringayrimenkul.com/mahalleler/seyh-samil/adalar/17365-1
12	0	8.2	https://www.siringayrimenkul.com/mahalleler/seyh-samil/adalar/17367-1
8	0	8.6	https://www.siringayrimenkul.com/mahalleler/seyh-samil/adalar/46216-1
10	0	8.5	https://www.siringayrimenkul.com/mahalleler/seyh-samil/adalar/46221-1
11	0	9.0	https://www.siringayrimenkul.com/mahalleler/seyh-samil/adalar/46222-1
7	0	8.0	https://www.siringayrimenkul.com/mahalleler/seyh-samil/adalar/46223-2
2	0	8.0	https://www.siringayrimenkul.com/mahalleler/seyh-samil/adalar/46224-1
1	0	8.0	https://www.siringayrimenkul.com/mahalleler/seyh-samil/adalar/46261-1
16	0	5.8	https://www.siringayrimenkul.com/mahalleler/seyh-samil/adalar/46263-2
2	0	8.0	https://www.siringayrimenkul.com/mahalleler/seyh-samil/adalar/46268-3
4	0	9.3	https://www.siringayrimenkul.com/mahalleler/seyh-samil/adalar/46268-4
1	0	12.0	https://www.siringayrimenkul.com/mahalleler/seyh-samil/adalar/46269-2
4	0	7.8	https://www.siringayrimenkul.com/mahalleler/seyh-samil/adalar/46269-4
1	0	1.0	https://www.siringayrimenkul.com/mahalleler/seyh-samil/adalar/46275-1
2	0	11.5	https://www.siringayrimenkul.com/mahalleler/seyh-samil/adalar/46486-2
6	0	6.3	https://www.siringayrimenkul.com/mahalleler/seyh-samil/adalar/46488-2
17	0	9.5	https://www.siringayrimenkul.com/mahalleler/seyh-samil/adalar/46489-1
12	0	10.2	https://www.siringayrimenkul.com/mahalleler/seyh-samil/adalar/46569-1
77	0	9.1	https://www.siringayrimenkul.com/mahalleler/seyh-samil/concept-eryaman
10	0	6.0	https://www.siringayrimenkul.com/mahalleler/seyh-samil/demirel-park-evleri
16	0	8.6	https://www.siringayrimenkul.com/mahalleler/seyh-samil/duskent-sitesi
1	0	13.0	https://www.siringayrimenkul.com/mahalleler/seyh-samil/eston-2-sitesi
9	0	8.1	https://www.siringayrimenkul.com/mahalleler/seyh-samil/etaplar/3
3	0	7.3	https://www.siringayrimenkul.com/mahalleler/seyh-samil/ilksebat-sitesi
40	0	7.9	https://www.siringayrimenkul.com/mahalleler/seyh-samil/ilona-konutlari
5	0	3.8	https://www.siringayrimenkul.com/mahalleler/seyh-samil/kackar-sitesi
4	0	10.3	https://www.siringayrimenkul.com/mahalleler/seyh-samil/kuryap-sitesi
2	0	8.5	https://www.siringayrimenkul.com/mahalleler/seyh-samil/onur-sitesi
12	0	9.8	https://www.siringayrimenkul.com/mahalleler/seyh-samil/ozahikent-sitesi
1	0	1.0	https://www.siringayrimenkul.com/mahalleler/seyh-samil/ozanadolu
4	0	5.8	https://www.siringayrimenkul.com/mahalleler/seyh-samil/ozluce-guzelevim
4	0	8.3	https://www.siringayrimenkul.com/mahalleler/seyh-samil/serender-sitesi
2	0	1.0	https://www.siringayrimenkul.com/mahalleler/seyh-samil/sumeyra-sitesi
4	0	9.3	https://www.siringayrimenkul.com/mahalleler/seyh-samil/tepe-bloklari
3	0	5.3	https://www.siringayrimenkul.com/mahalleler/seyh-samil/tugce-kent-sitesi
1	0	9.0	https://www.siringayrimenkul.com/mahalleler/seyh-samil/unsal-rezidans
2	0	7.0	https://www.siringayrimenkul.com/mahalleler/seyh-samil/yayginkent-sitesi
1	0	4.0	https://www.siringayrimenkul.com/mahalleler/seyh-samil/yeni-burak-sitesi
2	0	6.5	https://www.siringayrimenkul.com/mahalleler/seyh-samil/zadegan-sitesi
9	0	8.9	https://www.siringayrimenkul.com/mahalleler/susuz-mahallesi/adalar/44752-1
12	0	7.4	https://www.siringayrimenkul.com/mahalleler/susuz-mahallesi/adalar/46185-1
6	0	6.2	https://www.siringayrimenkul.com/mahalleler/susuz-mahallesi/adalar/46186-1
1	0	1.0	https://www.siringayrimenkul.com/mahalleler/susuz-mahallesi/adalar/46187-1
45	0	7.4	https://www.siringayrimenkul.com/mahalleler/susuz-mahallesi/adalar/63268-3
10	0	12.7	https://www.siringayrimenkul.com/mahalleler/susuz-mahallesi/adalar/63276-1
3	0	10.3	https://www.siringayrimenkul.com/mahalleler/susuz-mahallesi/adalar/63280-2
25	0	10.4	https://www.siringayrimenkul.com/mahalleler/susuz-mahallesi/adalar/63316-2
75	0	9.7	https://www.siringayrimenkul.com/mahalleler/susuz-mahallesi/adalar/63331-4
19	0	8.9	https://www.siringayrimenkul.com/mahalleler/susuz-mahallesi/adalar/63339-4
19	0	10.8	https://www.siringayrimenkul.com/mahalleler/susuz-mahallesi/adalar/63340-5
93	0	9.3	https://www.siringayrimenkul.com/mahalleler/susuz-mahallesi/adalar/63343-2
7	0	7.6	https://www.siringayrimenkul.com/mahalleler/susuz-mahallesi/adalar/63352-5
11	0	10.4	https://www.siringayrimenkul.com/mahalleler/susuz-mahallesi/adalar/63368-3
29	0	8.8	https://www.siringayrimenkul.com/mahalleler/susuz-mahallesi/adalar/63376-5
45	0	10.5	https://www.siringayrimenkul.com/mahalleler/susuz-mahallesi/adalar/63376-6
5	0	10.2	https://www.siringayrimenkul.com/mahalleler/susuz-mahallesi/adalar/63377-5
76	0	9.7	https://www.siringayrimenkul.com/mahalleler/susuz-mahallesi/adalar/63384-1
13	0	11.5	https://www.siringayrimenkul.com/mahalleler/susuz-mahallesi/adalar/63385-3
10	0	10.3	https://www.siringayrimenkul.com/mahalleler/susuz-mahallesi/adalar/63929-3
18	0	8.6	https://www.siringayrimenkul.com/mahalleler/susuz-mahallesi/adalar/64515-2
81	0	10.0	https://www.siringayrimenkul.com/mahalleler/susuz-mahallesi/adalar/64515-3
23	0	9.8	https://www.siringayrimenkul.com/mahalleler/susuz-mahallesi/adalar/64527-1
20	0	8.3	https://www.siringayrimenkul.com/mahalleler/susuz-mahallesi/adalar/64527-7
5	0	8.6	https://www.siringayrimenkul.com/mahalleler/susuz-mahallesi/batimahal-baspinar
52	0	8.8	https://www.siringayrimenkul.com/mahalleler/susuz-mahallesi/ende-yasam
44	0	6.9	https://www.siringayrimenkul.com/mahalleler/susuz-mahallesi/eser-yapi-sitesi
8	0	5.4	https://www.siringayrimenkul.com/mahalleler/susuz-mahallesi/merdin-sitesi
57	0	7.3	https://www.siringayrimenkul.com/mahalleler/susuz-mahallesi/neovadi-konutlari
34	0	8.2	https://www.siringayrimenkul.com/mahalleler/susuz-mahallesi/serline-konutlari
1	0	12.0	https://www.siringayrimenkul.com/mahalleler/susuz/adalar/46188-1
7	0	5.7	https://www.siringayrimenkul.com/mahalleler/susuz/adalar/63268-3
2	0	2.0	https://www.siringayrimenkul.com/mahalleler/susuz/adalar/63285-5
1	0	3.0	https://www.siringayrimenkul.com/mahalleler/susuz/adalar/63331-4
1	0	12.0	https://www.siringayrimenkul.com/mahalleler/susuz/adalar/63339-4
1	0	6.0	https://www.siringayrimenkul.com/mahalleler/susuz/adalar/63340-6
2	0	11.0	https://www.siringayrimenkul.com/mahalleler/susuz/adalar/63352-2
1	0	10.0	https://www.siringayrimenkul.com/mahalleler/susuz/adalar/63356-1
8	0	10.6	https://www.siringayrimenkul.com/mahalleler/susuz/adalar/63360-1
3	0	2.0	https://www.siringayrimenkul.com/mahalleler/susuz/adalar/63360-4
6	0	6.0	https://www.siringayrimenkul.com/mahalleler/susuz/adalar/63368-6
2	0	5.0	https://www.siringayrimenkul.com/mahalleler/susuz/adalar/63376-5
4	0	10.8	https://www.siringayrimenkul.com/mahalleler/susuz/adalar/63376-6
4	0	9.0	https://www.siringayrimenkul.com/mahalleler/susuz/adalar/63377-5
3	0	6.3	https://www.siringayrimenkul.com/mahalleler/susuz/adalar/63379-1
1	0	10.0	https://www.siringayrimenkul.com/mahalleler/susuz/adalar/63385-1
4	0	15.0	https://www.siringayrimenkul.com/mahalleler/susuz/adalar/63387-2
9	0	9.3	https://www.siringayrimenkul.com/mahalleler/susuz/adalar/63929-3
1	0	10.0	https://www.siringayrimenkul.com/mahalleler/susuz/adalar/64515-2
10	0	8.0	https://www.siringayrimenkul.com/mahalleler/susuz/adalar/64515-3
8	0	8.5	https://www.siringayrimenkul.com/mahalleler/susuz/adalar/64527-7
1	0	11.0	https://www.siringayrimenkul.com/mahalleler/susuz/alya-park
42	0	9.8	https://www.siringayrimenkul.com/mahalleler/susuz/ap-forest-gate
2	0	10.5	https://www.siringayrimenkul.com/mahalleler/susuz/basak-life
4	0	9.8	https://www.siringayrimenkul.com/mahalleler/susuz/baskent-goksu
4	0	18.8	https://www.siringayrimenkul.com/mahalleler/susuz/ende-yasam
4	0	6.8	https://www.siringayrimenkul.com/mahalleler/susuz/eser-yapi-sitesi
3	0	6.7	https://www.siringayrimenkul.com/mahalleler/susuz/goksu-hisar-evleri
7	0	7.4	https://www.siringayrimenkul.com/mahalleler/susuz/green-life-goksu-konutlari
1	0	6.0	https://www.siringayrimenkul.com/mahalleler/susuz/korucam-sitesi
1	0	4.0	https://www.siringayrimenkul.com/mahalleler/susuz/lilyum-sitesi
1	0	3.0	https://www.siringayrimenkul.com/mahalleler/susuz/mabeyn-baspinar
2	0	10.5	https://www.siringayrimenkul.com/mahalleler/susuz/mahal-cag-sitesi
2	0	8.0	https://www.siringayrimenkul.com/mahalleler/susuz/major-goksu
2	0	53.5	https://www.siringayrimenkul.com/mahalleler/susuz/mavera-goksu
1	0	9.0	https://www.siringayrimenkul.com/mahalleler/susuz/maviler-ipek
33	0	6.8	https://www.siringayrimenkul.com/mahalleler/susuz/mira-goksu-konutlari
2	0	8.5	https://www.siringayrimenkul.com/mahalleler/susuz/mood-altinok
15	0	7.7	https://www.siringayrimenkul.com/mahalleler/susuz/neovadi-konutlari
3	0	6.0	https://www.siringayrimenkul.com/mahalleler/susuz/nil-my-home
2	0	9.0	https://www.siringayrimenkul.com/mahalleler/susuz/paradise-goksu
3	0	3.7	https://www.siringayrimenkul.com/mahalleler/susuz/saritas-seyir-evleri
4	0	5.0	https://www.siringayrimenkul.com/mahalleler/susuz/tatli-yamac-palmiye-evleri
53	0	10.5	https://www.siringayrimenkul.com/mahalleler/tunahan
76	0	9.5	https://www.siringayrimenkul.com/mahalleler/tunahan-mahallesi
6	0	10.0	https://www.siringayrimenkul.com/mahalleler/tunahan-mahallesi/adalar/17621-1
29	0	8.7	https://www.siringayrimenkul.com/mahalleler/tunahan-mahallesi/adalar/17622-1
4	0	6.8	https://www.siringayrimenkul.com/mahalleler/tunahan-mahallesi/adalar/17625-1
4	0	7.0	https://www.siringayrimenkul.com/mahalleler/tunahan-mahallesi/adalar/17629
16	0	7.2	https://www.siringayrimenkul.com/mahalleler/tunahan-mahallesi/adalar/17629-1
1	0	6.0	https://www.siringayrimenkul.com/mahalleler/tunahan-mahallesi/adalar/17630-1
26	0	8.6	https://www.siringayrimenkul.com/mahalleler/tunahan-mahallesi/adalar/17632-1
16	0	9.9	https://www.siringayrimenkul.com/mahalleler/tunahan-mahallesi/adalar/17635-1
13	0	7.2	https://www.siringayrimenkul.com/mahalleler/tunahan-mahallesi/adalar/17636-1
38	0	7.2	https://www.siringayrimenkul.com/mahalleler/tunahan-mahallesi/adalar/17637-1
25	0	8.6	https://www.siringayrimenkul.com/mahalleler/tunahan-mahallesi/adalar/17639-1
15	0	7.2	https://www.siringayrimenkul.com/mahalleler/tunahan-mahallesi/adalar/17646-1
7	0	6.1	https://www.siringayrimenkul.com/mahalleler/tunahan-mahallesi/adalar/17647-1
1	0	6.0	https://www.siringayrimenkul.com/mahalleler/tunahan-mahallesi/adalar/17650-1
13	0	7.8	https://www.siringayrimenkul.com/mahalleler/tunahan-mahallesi/adalar/17652-1
7	0	6.7	https://www.siringayrimenkul.com/mahalleler/tunahan-mahallesi/adalar/17653-1
14	0	7.1	https://www.siringayrimenkul.com/mahalleler/tunahan-mahallesi/adalar/17654-1
8	0	5.8	https://www.siringayrimenkul.com/mahalleler/tunahan-mahallesi/adalar/17655-1
19	0	5.8	https://www.siringayrimenkul.com/mahalleler/tunahan-mahallesi/adalar/17657-1
9	0	8.8	https://www.siringayrimenkul.com/mahalleler/tunahan-mahallesi/adalar/17658-1
8	0	8.8	https://www.siringayrimenkul.com/mahalleler/tunahan-mahallesi/adalar/17659-1
12	0	8.8	https://www.siringayrimenkul.com/mahalleler/tunahan-mahallesi/adalar/17661-1
21	0	10.6	https://www.siringayrimenkul.com/mahalleler/tunahan-mahallesi/adalar/17662-1
11	0	7.8	https://www.siringayrimenkul.com/mahalleler/tunahan-mahallesi/adalar/17665-1
10	0	24.0	https://www.siringayrimenkul.com/mahalleler/tunahan-mahallesi/adalar/17669-1
23	0	7.5	https://www.siringayrimenkul.com/mahalleler/tunahan-mahallesi/adalar/17670-1
2	0	4.0	https://www.siringayrimenkul.com/mahalleler/tunahan-mahallesi/adalar/17671-1
27	0	7.2	https://www.siringayrimenkul.com/mahalleler/tunahan-mahallesi/adalar/17689-1
10	0	9.7	https://www.siringayrimenkul.com/mahalleler/tunahan-mahallesi/adalar/17704-1
28	0	7.9	https://www.siringayrimenkul.com/mahalleler/tunahan-mahallesi/adalar/17705-1
7	0	8.6	https://www.siringayrimenkul.com/mahalleler/tunahan-mahallesi/adalar/45878-2
35	0	7.8	https://www.siringayrimenkul.com/mahalleler/tunahan-mahallesi/adalar/46492-1
41	0	8.3	https://www.siringayrimenkul.com/mahalleler/tunahan-mahallesi/adalar/46494-2
53	0	8.0	https://www.siringayrimenkul.com/mahalleler/tunahan-mahallesi/adalar/46495-2
29	0	8.5	https://www.siringayrimenkul.com/mahalleler/tunahan-mahallesi/adalar/46496-2
27	0	12.5	https://www.siringayrimenkul.com/mahalleler/tunahan-mahallesi/adalar/46497-2
97	0	8.1	https://www.siringayrimenkul.com/mahalleler/tunahan-mahallesi/adalar/46498-7
23	0	13.2	https://www.siringayrimenkul.com/mahalleler/tunahan-mahallesi/adalar/46500-2
32	0	10.2	https://www.siringayrimenkul.com/mahalleler/tunahan-mahallesi/adalar/46501-2
50	0	8.5	https://www.siringayrimenkul.com/mahalleler/tunahan-mahallesi/adalar/46502-1
22	0	8.8	https://www.siringayrimenkul.com/mahalleler/tunahan-mahallesi/adalar/46503-2
6	0	22.0	https://www.siringayrimenkul.com/mahalleler/tunahan-mahallesi/adalar/46505-6
21	0	7.2	https://www.siringayrimenkul.com/mahalleler/tunahan-mahallesi/adalar/46506-1
24	0	10.5	https://www.siringayrimenkul.com/mahalleler/tunahan-mahallesi/adalar/46508-1
47	0	10.0	https://www.siringayrimenkul.com/mahalleler/tunahan-mahallesi/adalar/46512-9
21	0	9.7	https://www.siringayrimenkul.com/mahalleler/tunahan-mahallesi/adalar/46514-2
52	0	8.4	https://www.siringayrimenkul.com/mahalleler/tunahan-mahallesi/camli-klima-bloklari
76	0	8.5	https://www.siringayrimenkul.com/mahalleler/tunahan-mahallesi/etaplar/4
144	0	8.0	https://www.siringayrimenkul.com/mahalleler/tunahan-mahallesi/etaplar/5
112	0	8.9	https://www.siringayrimenkul.com/mahalleler/tunahan-mahallesi/haznedaroglu-bloklari
50	0	8.9	https://www.siringayrimenkul.com/mahalleler/tunahan-mahallesi/ilgazlar-sitesi
75	0	8.0	https://www.siringayrimenkul.com/mahalleler/tunahan-mahallesi/klima-bloklari
365	0	8.3	https://www.siringayrimenkul.com/mahalleler/tunahan-mahallesi/metromall-sitesi
28	0	9.9	https://www.siringayrimenkul.com/mahalleler/tunahan-mahallesi/okyanus-plaza
87	0	8.9	https://www.siringayrimenkul.com/mahalleler/tunahan-mahallesi/soyak-sitesi
6	0	8.3	https://www.siringayrimenkul.com/mahalleler/tunahan-mahallesi/tunahan-sitesi
44	0	9.5	https://www.siringayrimenkul.com/mahalleler/tunahan-mahallesi/yuksel-bloklari
1	0	11.0	https://www.siringayrimenkul.com/mahalleler/tunahan/adalar/17624
1	0	6.0	https://www.siringayrimenkul.com/mahalleler/tunahan/adalar/17625-1
4	0	3.8	https://www.siringayrimenkul.com/mahalleler/tunahan/adalar/17629
2	0	6.0	https://www.siringayrimenkul.com/mahalleler/tunahan/adalar/17630
3	0	6.0	https://www.siringayrimenkul.com/mahalleler/tunahan/adalar/17631-1
4	0	5.3	https://www.siringayrimenkul.com/mahalleler/tunahan/adalar/17632
1	0	6.0	https://www.siringayrimenkul.com/mahalleler/tunahan/adalar/17633-1
1	0	9.0	https://www.siringayrimenkul.com/mahalleler/tunahan/adalar/17634
19	0	7.7	https://www.siringayrimenkul.com/mahalleler/tunahan/adalar/17635-1
1	0	5.0	https://www.siringayrimenkul.com/mahalleler/tunahan/adalar/17636
1	0	9.0	https://www.siringayrimenkul.com/mahalleler/tunahan/adalar/17637
3	0	5.7	https://www.siringayrimenkul.com/mahalleler/tunahan/adalar/17637-1
6	0	6.3	https://www.siringayrimenkul.com/mahalleler/tunahan/adalar/17638-1
1	0	7.0	https://www.siringayrimenkul.com/mahalleler/tunahan/adalar/17639
9	0	8.4	https://www.siringayrimenkul.com/mahalleler/tunahan/adalar/17639-1
4	0	4.8	https://www.siringayrimenkul.com/mahalleler/tunahan/adalar/17645
3	0	3.7	https://www.siringayrimenkul.com/mahalleler/tunahan/adalar/17646
1	0	10.0	https://www.siringayrimenkul.com/mahalleler/tunahan/adalar/17646-1
1	0	6.0	https://www.siringayrimenkul.com/mahalleler/tunahan/adalar/17647-1
7	0	9.0	https://www.siringayrimenkul.com/mahalleler/tunahan/adalar/17648
4	0	7.8	https://www.siringayrimenkul.com/mahalleler/tunahan/adalar/17648-1
6	0	7.2	https://www.siringayrimenkul.com/mahalleler/tunahan/adalar/17649
2	0	6.5	https://www.siringayrimenkul.com/mahalleler/tunahan/adalar/17650-1
4	0	8.3	https://www.siringayrimenkul.com/mahalleler/tunahan/adalar/17651
2	0	7.5	https://www.siringayrimenkul.com/mahalleler/tunahan/adalar/17651-1
1	0	8.0	https://www.siringayrimenkul.com/mahalleler/tunahan/adalar/17653
3	0	10.0	https://www.siringayrimenkul.com/mahalleler/tunahan/adalar/17653-1
3	0	6.3	https://www.siringayrimenkul.com/mahalleler/tunahan/adalar/17654-1
2	0	10.0	https://www.siringayrimenkul.com/mahalleler/tunahan/adalar/17656
4	0	10.3	https://www.siringayrimenkul.com/mahalleler/tunahan/adalar/17656-1
1	0	7.0	https://www.siringayrimenkul.com/mahalleler/tunahan/adalar/17657
6	0	8.0	https://www.siringayrimenkul.com/mahalleler/tunahan/adalar/17658
1	0	10.0	https://www.siringayrimenkul.com/mahalleler/tunahan/adalar/17659
1	0	6.0	https://www.siringayrimenkul.com/mahalleler/tunahan/adalar/17659-1
15	0	7.8	https://www.siringayrimenkul.com/mahalleler/tunahan/adalar/17660
8	0	9.8	https://www.siringayrimenkul.com/mahalleler/tunahan/adalar/17661
6	0	6.0	https://www.siringayrimenkul.com/mahalleler/tunahan/adalar/17661-1
4	0	4.5	https://www.siringayrimenkul.com/mahalleler/tunahan/adalar/17662-1
2	0	8.0	https://www.siringayrimenkul.com/mahalleler/tunahan/adalar/17665
2	0	9.0	https://www.siringayrimenkul.com/mahalleler/tunahan/adalar/17665-1
2	0	3.0	https://www.siringayrimenkul.com/mahalleler/tunahan/adalar/17666-1
2	0	7.0	https://www.siringayrimenkul.com/mahalleler/tunahan/adalar/17669
1	0	6.0	https://www.siringayrimenkul.com/mahalleler/tunahan/adalar/17669-1
4	0	7.5	https://www.siringayrimenkul.com/mahalleler/tunahan/adalar/17671
3	0	4.7	https://www.siringayrimenkul.com/mahalleler/tunahan/adalar/17671-1
2	0	4.0	https://www.siringayrimenkul.com/mahalleler/tunahan/adalar/17674
2	0	8.0	https://www.siringayrimenkul.com/mahalleler/tunahan/adalar/17675
1	0	4.0	https://www.siringayrimenkul.com/mahalleler/tunahan/adalar/17703
21	0	9.6	https://www.siringayrimenkul.com/mahalleler/tunahan/adalar/17703-1
8	0	6.1	https://www.siringayrimenkul.com/mahalleler/tunahan/adalar/17705
3	0	4.7	https://www.siringayrimenkul.com/mahalleler/tunahan/adalar/17705-1
5	0	8.8	https://www.siringayrimenkul.com/mahalleler/tunahan/adalar/17711
2	0	49.0	https://www.siringayrimenkul.com/mahalleler/tunahan/adalar/46496-2
31	0	9.3	https://www.siringayrimenkul.com/mahalleler/tunahan/adalar/46497-2
1	0	4.0	https://www.siringayrimenkul.com/mahalleler/tunahan/adalar/46501-2
1	0	7.0	https://www.siringayrimenkul.com/mahalleler/tunahan/adalar/46506
5	0	7.0	https://www.siringayrimenkul.com/mahalleler/tunahan/adalar/46507-2
1	0	3.0	https://www.siringayrimenkul.com/mahalleler/tunahan/camli-klima-bloklari
4	0	9.5	https://www.siringayrimenkul.com/mahalleler/tunahan/elit-yasam-evleri
20	0	6.8	https://www.siringayrimenkul.com/mahalleler/tunahan/etaplar/4
5	0	8.8	https://www.siringayrimenkul.com/mahalleler/tunahan/klima-bloklari
4	0	4.8	https://www.siringayrimenkul.com/mahalleler/tunahan/kur-sitesi-46495-ada
13	0	7.2	https://www.siringayrimenkul.com/mahalleler/tunahan/kur-sitesi-46496-ada
13	0	12.2	https://www.siringayrimenkul.com/mahalleler/tunahan/metromall-sitesi
21	0	11.5	https://www.siringayrimenkul.com/mahalleler/tunahan/neopolitan-eryaman
51	0	7.7	https://www.siringayrimenkul.com/mahalleler/tunahan/sutek-sitesi
7	0	10.3	https://www.siringayrimenkul.com/mahalleler/tunahan/tunahan-sitesi
32	0	8.2	https://www.siringayrimenkul.com/mahalleler/tunahan/yuksel-bloklari
9	0	6.7	https://www.siringayrimenkul.com/mahalleler/yavuz-selim
11	0	9.5	https://www.siringayrimenkul.com/mahalleler/yavuz-selim-mahallesi/adalar/19501-2
52	0	8.3	https://www.siringayrimenkul.com/mahalleler/yavuz-selim-mahallesi/adalar/19502-1
22	0	8.7	https://www.siringayrimenkul.com/mahalleler/yavuz-selim-mahallesi/adalar/19507-1
8	0	9.0	https://www.siringayrimenkul.com/mahalleler/yavuz-selim-mahallesi/adalar/19508-3
4	0	8.3	https://www.siringayrimenkul.com/mahalleler/yavuz-selim-mahallesi/adalar/19511-1
61	0	8.7	https://www.siringayrimenkul.com/mahalleler/yavuz-selim-mahallesi/adalar/19514-1
21	0	9.3	https://www.siringayrimenkul.com/mahalleler/yavuz-selim-mahallesi/adalar/19523-1
6	0	8.3	https://www.siringayrimenkul.com/mahalleler/yavuz-selim-mahallesi/adalar/19524-1
1	0	64.0	https://www.siringayrimenkul.com/mahalleler/yavuz-selim-mahallesi/adalar/19524-3
11	0	8.5	https://www.siringayrimenkul.com/mahalleler/yavuz-selim-mahallesi/adalar/19525-3
2	0	4.0	https://www.siringayrimenkul.com/mahalleler/yavuz-selim-mahallesi/adalar/19526-1
3	0	8.3	https://www.siringayrimenkul.com/mahalleler/yavuz-selim-mahallesi/adalar/19527-1
5	0	9.4	https://www.siringayrimenkul.com/mahalleler/yavuz-selim-mahallesi/adalar/19528-1
43	0	10.1	https://www.siringayrimenkul.com/mahalleler/yavuz-selim-mahallesi/adalar/19529-1
22	0	9.8	https://www.siringayrimenkul.com/mahalleler/yavuz-selim-mahallesi/adalar/19530-1
4	0	8.5	https://www.siringayrimenkul.com/mahalleler/yavuz-selim-mahallesi/adalar/19531-1
6	0	11.3	https://www.siringayrimenkul.com/mahalleler/yavuz-selim-mahallesi/adalar/19532-1
6	0	8.3	https://www.siringayrimenkul.com/mahalleler/yavuz-selim-mahallesi/adalar/19533-1
6	0	6.0	https://www.siringayrimenkul.com/mahalleler/yavuz-selim-mahallesi/adalar/19536-1
30	0	10.1	https://www.siringayrimenkul.com/mahalleler/yavuz-selim-mahallesi/adalar/45819-1
50	0	9.4	https://www.siringayrimenkul.com/mahalleler/yavuz-selim-mahallesi/adalar/45820-1
111	0	9.8	https://www.siringayrimenkul.com/mahalleler/yavuz-selim-mahallesi/adalar/45822-1
30	0	10.4	https://www.siringayrimenkul.com/mahalleler/yavuz-selim-mahallesi/adalar/45824-1
5	0	6.6	https://www.siringayrimenkul.com/mahalleler/yavuz-selim-mahallesi/adalar/45831-1
1	0	4.0	https://www.siringayrimenkul.com/mahalleler/yavuz-selim-mahallesi/adalar/46230-1
63	0	10.7	https://www.siringayrimenkul.com/mahalleler/yavuz-selim-mahallesi/adalar/46234-1
30	0	8.8	https://www.siringayrimenkul.com/mahalleler/yavuz-selim-mahallesi/adalar/46235-1
7	0	11.7	https://www.siringayrimenkul.com/mahalleler/yavuz-selim-mahallesi/adalar/46237-1
49	0	9.5	https://www.siringayrimenkul.com/mahalleler/yavuz-selim-mahallesi/adalar/46239-1
89	0	9.6	https://www.siringayrimenkul.com/mahalleler/yavuz-selim-mahallesi/adalar/46433-1
60	0	9.1	https://www.siringayrimenkul.com/mahalleler/yavuz-selim-mahallesi/adalar/46434-1
165	0	11.0	https://www.siringayrimenkul.com/mahalleler/yavuz-selim-mahallesi/adalar/46435-1
17	0	10.9	https://www.siringayrimenkul.com/mahalleler/yavuz-selim-mahallesi/adalar/46439-1
6	0	17.3	https://www.siringayrimenkul.com/mahalleler/yavuz-selim-mahallesi/adalar/46443-1
16	0	12.6	https://www.siringayrimenkul.com/mahalleler/yavuz-selim-mahallesi/adalar/46445-1
1	0	12.0	https://www.siringayrimenkul.com/mahalleler/yavuz-selim-mahallesi/adalar/46446-1
53	0	10.6	https://www.siringayrimenkul.com/mahalleler/yavuz-selim-mahallesi/adalar/47603-1
6	0	9.7	https://www.siringayrimenkul.com/mahalleler/yavuz-selim-mahallesi/adalar/47614-1
35	0	8.3	https://www.siringayrimenkul.com/mahalleler/yavuz-selim-mahallesi/atadostlar-sitesi
116	0	7.9	https://www.siringayrimenkul.com/mahalleler/yavuz-selim-mahallesi/ayata-kent-sitesi
35	0	8.3	https://www.siringayrimenkul.com/mahalleler/yavuz-selim-mahallesi/bizim-sirinkoy-sitesi
68	0	8.9	https://www.siringayrimenkul.com/mahalleler/yavuz-selim-mahallesi/concept-eryaman
30	0	7.8	https://www.siringayrimenkul.com/mahalleler/yavuz-selim-mahallesi/eylul-evleri
14	0	7.9	https://www.siringayrimenkul.com/mahalleler/yavuz-selim-mahallesi/goksu-sitesi
18	0	4.6	https://www.siringayrimenkul.com/mahalleler/yavuz-selim-mahallesi/gulvatan-sitesi
62	0	41.7	https://www.siringayrimenkul.com/mahalleler/yavuz-selim-mahallesi/guz-gol-sitesi
7	0	11.6	https://www.siringayrimenkul.com/mahalleler/yavuz-selim-mahallesi/guzel-ev-sitesi
95	0	7.2	https://www.siringayrimenkul.com/mahalleler/yavuz-selim-mahallesi/ilkiz-sitesi
66	0	8.0	https://www.siringayrimenkul.com/mahalleler/yavuz-selim-mahallesi/karkoy-villalari
41	0	8.3	https://www.siringayrimenkul.com/mahalleler/yavuz-selim-mahallesi/keyfim-sitesi
2	0	7.5	https://www.siringayrimenkul.com/mahalleler/yavuz-selim-mahallesi/korukent-sitesi
20	0	5.8	https://www.siringayrimenkul.com/mahalleler/yavuz-selim-mahallesi/kucukevlerimiz-sitesi
29	0	8.5	https://www.siringayrimenkul.com/mahalleler/yavuz-selim-mahallesi/ozenkent-villalari
4	0	4.5	https://www.siringayrimenkul.com/mahalleler/yavuz-selim-mahallesi/ozharitacilar-sitesi
25	0	8.8	https://www.siringayrimenkul.com/mahalleler/yavuz-selim-mahallesi/pasaj-eryaman
29	0	7.5	https://www.siringayrimenkul.com/mahalleler/yavuz-selim-mahallesi/turaykent-sitesi
7	0	7.6	https://www.siringayrimenkul.com/mahalleler/yavuz-selim-mahallesi/uyum-90-sitesi
3	0	9.0	https://www.siringayrimenkul.com/mahalleler/yavuz-selim-mahallesi/yesil-goksu-konutyapi-kooperatifi
48	0	7.7	https://www.siringayrimenkul.com/mahalleler/yavuz-selim-mahallesi/yuksel-kent-91-sitesi
5	0	5.8	https://www.siringayrimenkul.com/mahalleler/yavuz-selim/acat-konutlari
1	0	3.0	https://www.siringayrimenkul.com/mahalleler/yavuz-selim/adalar/19504-1
1	0	8.0	https://www.siringayrimenkul.com/mahalleler/yavuz-selim/adalar/19507-1
19	0	7.2	https://www.siringayrimenkul.com/mahalleler/yavuz-selim/adalar/19523-1
2	0	9.5	https://www.siringayrimenkul.com/mahalleler/yavuz-selim/adalar/19525-3
1	0	7.0	https://www.siringayrimenkul.com/mahalleler/yavuz-selim/adalar/19526-1
1	0	9.0	https://www.siringayrimenkul.com/mahalleler/yavuz-selim/adalar/19528-1
5	0	8.8	https://www.siringayrimenkul.com/mahalleler/yavuz-selim/adalar/19529-1
3	0	9.3	https://www.siringayrimenkul.com/mahalleler/yavuz-selim/adalar/19536-1
7	0	11.3	https://www.siringayrimenkul.com/mahalleler/yavuz-selim/adalar/19537-1
5	0	7.4	https://www.siringayrimenkul.com/mahalleler/yavuz-selim/adalar/45819-1
6	0	10.5	https://www.siringayrimenkul.com/mahalleler/yavuz-selim/adalar/45820-1
3	0	10.0	https://www.siringayrimenkul.com/mahalleler/yavuz-selim/adalar/45822-1
1	0	7.0	https://www.siringayrimenkul.com/mahalleler/yavuz-selim/adalar/45823-1
1	0	12.0	https://www.siringayrimenkul.com/mahalleler/yavuz-selim/adalar/45824-1
3	0	9.7	https://www.siringayrimenkul.com/mahalleler/yavuz-selim/adalar/45830-1
8	0	4.6	https://www.siringayrimenkul.com/mahalleler/yavuz-selim/adalar/45831-1
1	0	9.0	https://www.siringayrimenkul.com/mahalleler/yavuz-selim/adalar/46229-1
2	0	6.5	https://www.siringayrimenkul.com/mahalleler/yavuz-selim/adalar/46232-1
1	0	9.0	https://www.siringayrimenkul.com/mahalleler/yavuz-selim/adalar/46236-1
5	0	10.4	https://www.siringayrimenkul.com/mahalleler/yavuz-selim/adalar/46237-1
1	0	7.0	https://www.siringayrimenkul.com/mahalleler/yavuz-selim/adalar/46239-1
4	0	10.0	https://www.siringayrimenkul.com/mahalleler/yavuz-selim/adalar/46263-2
13	0	10.5	https://www.siringayrimenkul.com/mahalleler/yavuz-selim/adalar/46432-1
3	0	3.7	https://www.siringayrimenkul.com/mahalleler/yavuz-selim/adalar/46434-1
8	0	7.9	https://www.siringayrimenkul.com/mahalleler/yavuz-selim/adalar/46439-1
2	0	9.0	https://www.siringayrimenkul.com/mahalleler/yavuz-selim/adalar/46446-1
1	0	8.0	https://www.siringayrimenkul.com/mahalleler/yavuz-selim/adalar/47614-1
1	0	9.0	https://www.siringayrimenkul.com/mahalleler/yavuz-selim/aker-mucevher-evleri
3	0	4.7	https://www.siringayrimenkul.com/mahalleler/yavuz-selim/atadostlar-sitesi
13	0	4.9	https://www.siringayrimenkul.com/mahalleler/yavuz-selim/bizim-sirinkoy-sitesi
5	0	6.8	https://www.siringayrimenkul.com/mahalleler/yavuz-selim/demirglass-sitesi
2	0	9.5	https://www.siringayrimenkul.com/mahalleler/yavuz-selim/elitnar-cicegi-sitesi
5	0	7.2	https://www.siringayrimenkul.com/mahalleler/yavuz-selim/genc-avrasya-sitesi
3	0	9.0	https://www.siringayrimenkul.com/mahalleler/yavuz-selim/guzel-ev-sitesi
5	0	9.6	https://www.siringayrimenkul.com/mahalleler/yavuz-selim/korukent-sitesi
1	0	10.0	https://www.siringayrimenkul.com/mahalleler/yavuz-selim/kucukevlerimiz-sitesi
1	0	7.0	https://www.siringayrimenkul.com/mahalleler/yavuz-selim/ozenkent-villalari
1	0	11.0	https://www.siringayrimenkul.com/mahalleler/yavuz-selim/taskent-sitesi
9	0	10.2	https://www.siringayrimenkul.com/mahalleler/yavuz-selim/utku-sitesi
80	0	7.8	https://www.siringayrimenkul.com/mahalleler/yesilova-mahallesi/adalar/46395-1
23	0	9.9	https://www.siringayrimenkul.com/mahalleler/yesilova-mahallesi/adalar/46395-6
7	0	9.1	https://www.siringayrimenkul.com/mahalleler/yesilova-mahallesi/adalar/47529-1
11	0	10.5	https://www.siringayrimenkul.com/mahalleler/yesilova-mahallesi/adalar/47538-1
53	0	8.3	https://www.siringayrimenkul.com/mahalleler/yesilova-mahallesi/adalar/47540-2
27	0	9.4	https://www.siringayrimenkul.com/mahalleler/yesilova-mahallesi/adalar/47541-3
11	0	12.9	https://www.siringayrimenkul.com/mahalleler/yesilova-mahallesi/adalar/47542-6
1	0	30.0	https://www.siringayrimenkul.com/mahalleler/yesilova-mahallesi/adalar/47545-1
8	0	18.6	https://www.siringayrimenkul.com/mahalleler/yesilova-mahallesi/adalar/47546-1
4	0	12.5	https://www.siringayrimenkul.com/mahalleler/yesilova-mahallesi/adalar/47546-3
1	0	10.0	https://www.siringayrimenkul.com/mahalleler/yesilova-mahallesi/adalar/47547-1
7	0	9.1	https://www.siringayrimenkul.com/mahalleler/yesilova-mahallesi/adalar/47549-1
22	0	8.5	https://www.siringayrimenkul.com/mahalleler/yesilova-mahallesi/adalar/47549-2
19	0	11.0	https://www.siringayrimenkul.com/mahalleler/yesilova-mahallesi/adalar/47549-5
24	0	9.2	https://www.siringayrimenkul.com/mahalleler/yesilova-mahallesi/adalar/47563-7
4	0	11.0	https://www.siringayrimenkul.com/mahalleler/yesilova-mahallesi/adalar/47564-7
27	0	3.8	https://www.siringayrimenkul.com/mahalleler/yesilova-mahallesi/adalar/47568-5
14	0	8.2	https://www.siringayrimenkul.com/mahalleler/yesilova-mahallesi/adalar/49152-1
38	0	3.6	https://www.siringayrimenkul.com/mahalleler/yesilova-mahallesi/barla-konutlari
33	0	7.0	https://www.siringayrimenkul.com/mahalleler/yesilova-mahallesi/dogan-city
41	0	9.2	https://www.siringayrimenkul.com/mahalleler/yesilova-mahallesi/dogan-life
19	0	7.9	https://www.siringayrimenkul.com/mahalleler/yesilova-mahallesi/eryaman-port
5	0	8.8	https://www.siringayrimenkul.com/mahalleler/yesilova-mahallesi/gokdemir-tower
20	0	8.1	https://www.siringayrimenkul.com/mahalleler/yesilova-mahallesi/kardelen-sitesi
66	0	5.6	https://www.siringayrimenkul.com/mahalleler/yesilova-mahallesi/kocaklar-tower
13	0	9.6	https://www.siringayrimenkul.com/mahalleler/yesilova-mahallesi/lokasyon-eryaman
22	0	9.7	https://www.siringayrimenkul.com/mahalleler/yesilova-mahallesi/lowland-business
3	0	9.7	https://www.siringayrimenkul.com/mahalleler/yesilova/adalar/46395-6
11	0	10.1	https://www.siringayrimenkul.com/mahalleler/yesilova/adalar/47529-1
2	0	12.5	https://www.siringayrimenkul.com/mahalleler/yesilova/adalar/47538-1
16	0	8.6	https://www.siringayrimenkul.com/mahalleler/yesilova/adalar/47541-3
4	0	7.8	https://www.siringayrimenkul.com/mahalleler/yesilova/adalar/47549-1
2	0	9.5	https://www.siringayrimenkul.com/mahalleler/yesilova/adalar/47549-5
1	0	9.0	https://www.siringayrimenkul.com/mahalleler/yesilova/adalar/47550-3
2	0	11.0	https://www.siringayrimenkul.com/mahalleler/yesilova/adalar/47563-2
12	0	8.1	https://www.siringayrimenkul.com/mahalleler/yesilova/adalar/47563-7
6	0	6.2	https://www.siringayrimenkul.com/mahalleler/yesilova/adalar/47568-5
28	0	6.3	https://www.siringayrimenkul.com/mahalleler/yesilova/alpar-sitesi
18	0	8.2	https://www.siringayrimenkul.com/mahalleler/yesilova/dogan-life
9	0	8.2	https://www.siringayrimenkul.com/mahalleler/yesilova/doganlife-yesilova
2	0	9.5	https://www.siringayrimenkul.com/mahalleler/yesilova/kayra-loft
2	0	10.5	https://www.siringayrimenkul.com/mahalleler/yesilova/sertower-busidence
1	0	9.0	https://www.siringayrimenkul.com/siteler/yenimahalle
