2065	128	4.4	https://www.siringayrimenkul.com/
673	45	5.7	https://www.siringayrimenkul.com/mahalleler/ata-mahallesi/endora-plus
1516	29	2.9	https://www.siringayrimenkul.com/?utm_source=google&utm_medium=gbp
556	28	6.3	https://www.siringayrimenkul.com/mahalleler/ata-mahallesi/efsane-evleri
274	27	5.0	https://www.siringayrimenkul.com/mahalleler/sehit-osman-avci-mahallesi/karma-modern
297	27	6.9	https://www.siringayrimenkul.com/mahalleler/susuz-mahallesi/lenora-goksu
695	25	7.5	https://www.siringayrimenkul.com/mahalleler/altay-mahallesi/address-eryaman
1689	24	8.4	https://www.siringayrimenkul.com/blog/emlakci-yetki-belgesi-sorgulama
446	24	7.0	https://www.siringayrimenkul.com/mahalleler/ata-mahallesi/panorama-garden
320	24	7.7	https://www.siringayrimenkul.com/mahalleler/cumhuriyet-mahallesi/endora-bati
262	23	7.6	https://www.siringayrimenkul.com/mahalleler/goksu-mahallesi/konum-eryaman
961	21	6.4	https://www.siringayrimenkul.com/blog/emlakciya-vekalet-verme-rehberi
610	21	7.0	https://www.siringayrimenkul.com/mahalleler/ata/selvi-evleri-sitesi
733	21	5.8	https://www.siringayrimenkul.com/mahalleler/cumhuriyet/mes-polaris-evleri
228	20	6.6	https://www.siringayrimenkul.com/mahalleler/devlet-mahallesi/eryaman-royal-city
518	18	6.7	https://www.siringayrimenkul.com/blog/emlakci-yetki-sozlesmesi-rehberi
342	18	6.3	https://www.siringayrimenkul.com/mahalleler/ata-mahallesi/alkon-sitesi
440	18	6.9	https://www.siringayrimenkul.com/mahalleler/ata-mahallesi/armoni-life
247	17	8.0	https://www.siringayrimenkul.com/mahalleler/ata-mahallesi/panorama-prestij
200	17	5.3	https://www.siringayrimenkul.com/mahalleler/susuz-mahallesi/maviler-ipek
664	17	8.0	https://www.siringayrimenkul.com/mahalleler/tunahan-mahallesi/mavicam-sitesi
1313	16	9.9	https://www.siringayrimenkul.com/blog/kat-irtifakindan-kat-mulkiyetine-gecis
306	16	5.0	https://www.siringayrimenkul.com/mahalleler/susuz-mahallesi/white-dream-sitesi
227	15	7.6	https://www.siringayrimenkul.com/mahalleler/ata-mahallesi/sermina-life
436	15	7.3	https://www.siringayrimenkul.com/mahalleler/tunahan-mahallesi/age-sitesi
693	14	7.0	https://www.siringayrimenkul.com/blog/eryamanda-hangi-mahalle
112	14	4.6	https://www.siringayrimenkul.com/mahalleler/altay-mahallesi/mood-street
282	14	5.9	https://www.siringayrimenkul.com/mahalleler/cumhuriyet-mahallesi/akin-garden-sitesi
377	14	8.3	https://www.siringayrimenkul.com/mahalleler/cumhuriyet/natura-goksu
147	14	4.7	https://www.siringayrimenkul.com/mahalleler/goksu-mahallesi/alina-konutlari
144	14	5.1	https://www.siringayrimenkul.com/mahalleler/goksu-mahallesi/park-evo-konutlari
535	14	6.7	https://www.siringayrimenkul.com/mahalleler/goksu/goksu-metrokent-sitesi
316	13	8.1	https://www.siringayrimenkul.com/mahalleler/ata-mahallesi/elit-yasam-konutlari-3
127	13	7.4	https://www.siringayrimenkul.com/mahalleler/eryaman-mahallesi/basak-sitesi
283	13	6.5	https://www.siringayrimenkul.com/mahalleler/susuz-mahallesi/vera-life-goksu
343	13	6.9	https://www.siringayrimenkul.com/mahalleler/yavuz-selim-mahallesi/serhatkent-sitesi
342	12	6.2	https://www.siringayrimenkul.com/blog/emlakcisiz-ev-satilir-mi
152	12	6.3	https://www.siringayrimenkul.com/mahalleler/sehit-osman-avci-mahallesi/daldikenler-yasemin-evleri-sitesi
201	12	8.2	https://www.siringayrimenkul.com/mahalleler/susuz-mahallesi/mood-altinok
84	12	7.9	https://www.siringayrimenkul.com/mahalleler/yavuz-selim-mahallesi/elit-nar-cicegi
671	11	8.5	https://www.siringayrimenkul.com/mahalleler/altay-mahallesi/firat-life-style-botanik
548	11	6.8	https://www.siringayrimenkul.com/mahalleler/ata-mahallesi/selvi-evleri-sitesi
331	11	8.2	https://www.siringayrimenkul.com/mahalleler/cumhuriyet-mahallesi/nover-westlife
388	11	8.0	https://www.siringayrimenkul.com/mahalleler/cumhuriyet/gulbaran-residence
229	11	8.0	https://www.siringayrimenkul.com/mahalleler/devlet-mahallesi/mil-kooperatifi-sitesi
217	11	5.9	https://www.siringayrimenkul.com/mahalleler/devlet-mahallesi/ozdenizyildizi-sitesi
770	11	8.1	https://www.siringayrimenkul.com/mahalleler/sehit-osman-avci-mahallesi/koz-modern
304	11	6.3	https://www.siringayrimenkul.com/mahalleler/seyh-samil-mahallesi/demirel-park-evleri
263	11	7.9	https://www.siringayrimenkul.com/mahalleler/susuz-mahallesi/oniz-nirvana
244	11	7.2	https://www.siringayrimenkul.com/mahalleler/susuz-mahallesi/yildiz-life
150	10	7.4	https://www.siringayrimenkul.com/mahalleler/altay-mahallesi/akturk-bloklari
225	10	7.6	https://www.siringayrimenkul.com/mahalleler/ata-mahallesi/anemon-sitesi
180	10	8.6	https://www.siringayrimenkul.com/mahalleler/ata/armoni-life
214	10	6.8	https://www.siringayrimenkul.com/mahalleler/ata/kainat-evler-2
132	10	6.8	https://www.siringayrimenkul.com/mahalleler/cumhuriyet-mahallesi/ankalux-residence
245	10	8.4	https://www.siringayrimenkul.com/mahalleler/cumhuriyet-mahallesi/natura-goksu
431	10	7.1	https://www.siringayrimenkul.com/mahalleler/goksu-mahallesi/polsan-1-gozde-sitesi
374	10	9.1	https://www.siringayrimenkul.com/mahalleler/sehit-osman-avci
237	10	7.5	https://www.siringayrimenkul.com/mahalleler/susuz-mahallesi/duru-life-konutlari
256	9	5.5	https://www.siringayrimenkul.com/blog/evimi-satmak-mi-kiraya-vermek-mi
499	9	8.1	https://www.siringayrimenkul.com/mahalleler/ata-mahallesi
284	9	6.3	https://www.siringayrimenkul.com/mahalleler/ata/gold-life-konutlari
401	9	6.9	https://www.siringayrimenkul.com/mahalleler/ata/siyah-beyaz-evler
348	9	7.5	https://www.siringayrimenkul.com/mahalleler/cumhuriyet-mahallesi/ap-green-tower
320	9	6.0	https://www.siringayrimenkul.com/mahalleler/devlet-mahallesi/ornek-ari-sitesi
115	9	6.4	https://www.siringayrimenkul.com/mahalleler/goksu-mahallesi/uzunali-goksu-konutlari-2
125	9	6.3	https://www.siringayrimenkul.com/mahalleler/goksu/mercan-smart-house
123	9	6.4	https://www.siringayrimenkul.com/mahalleler/guzelkent-mahallesi/gardenya-sitesi
112	9	6.4	https://www.siringayrimenkul.com/mahalleler/sehit-osman-avci-mahallesi/cinar-sitesi
1206	9	8.5	https://www.siringayrimenkul.com/mahalleler/sehit-osman-avci-mahallesi/relax-goksu-konutlari
307	9	7.1	https://www.siringayrimenkul.com/mahalleler/tunahan-mahallesi/ozar-sitesi
315	9	7.6	https://www.siringayrimenkul.com/mahalleler/tunahan-mahallesi/sarigul-sitesi
186	9	7.8	https://www.siringayrimenkul.com/mahalleler/yavuz-selim-mahallesi/serpil-sitesi
181	8	7.9	https://www.siringayrimenkul.com/mahalleler/altay-mahallesi/sutek-bloklari
250	8	7.7	https://www.siringayrimenkul.com/mahalleler/ata/panorama-garden
166	8	7.3	https://www.siringayrimenkul.com/mahalleler/cumhuriyet-mahallesi/zen-park-plus
255	8	8.1	https://www.siringayrimenkul.com/mahalleler/cumhuriyet/angora-goksu-evleri
92	8	7.6	https://www.siringayrimenkul.com/mahalleler/cumhuriyet/hotki-bulvar
204	8	6.9	https://www.siringayrimenkul.com/mahalleler/cumhuriyet/vera-west
215	8	7.8	https://www.siringayrimenkul.com/mahalleler/devlet/oz-gimat-sitesi
241	8	8.1	https://www.siringayrimenkul.com/mahalleler/eryaman-mahallesi/atakent-2-cumhuriyet-sitesi
309	8	8.7	https://www.siringayrimenkul.com/mahalleler/eryaman-mahallesi/platin-2-konutlari
119	8	7.3	https://www.siringayrimenkul.com/mahalleler/seyh-samil/genc-efes-sitesi
105	8	6.5	https://www.siringayrimenkul.com/mahalleler/susuz/bulut-kule
325	8	7.8	https://www.siringayrimenkul.com/mahalleler/yavuz-selim-mahallesi/dogapark-sitesi
347	8	8.6	https://www.siringayrimenkul.com/mahalleler/yavuz-selim-mahallesi/terasevler-eryaman
122	8	6.0	https://www.siringayrimenkul.com/mahalleler/yesilova-mahallesi/sertower-busidence
262	7	7.6	https://www.siringayrimenkul.com/mahalleler/altay-mahallesi/mesa-bloklari
107	7	8.8	https://www.siringayrimenkul.com/mahalleler/ata-mahallesi/aker-mucevher-evleri
118	7	6.7	https://www.siringayrimenkul.com/mahalleler/ata-mahallesi/ayyildiz-sitesi
127	7	6.9	https://www.siringayrimenkul.com/mahalleler/ata-mahallesi/pasa-evleri
64	7	7.7	https://www.siringayrimenkul.com/mahalleler/ata-mahallesi/seckin-atasaylar-sitesi
369	7	7.7	https://www.siringayrimenkul.com/mahalleler/ata-mahallesi/vizyon-baspinar-sitesi
410	7	8.9	https://www.siringayrimenkul.com/mahalleler/ata-mahallesi/zirve-park-konutlari
176	7	8.2	https://www.siringayrimenkul.com/mahalleler/ata/elit-yasam-konutlari-3
374	7	8.1	https://www.siringayrimenkul.com/mahalleler/ata/endora-plus
247	7	8.3	https://www.siringayrimenkul.com/mahalleler/ata/mercan-life-buse-konutlari
94	7	6.1	https://www.siringayrimenkul.com/mahalleler/ata/ozkardesler-sitesi
95	7	7.2	https://www.siringayrimenkul.com/mahalleler/ata/pasa-evleri
437	7	6.8	https://www.siringayrimenkul.com/mahalleler/ata/prestij-park-konutlari
132	7	7.0	https://www.siringayrimenkul.com/mahalleler/cumhuriyet-mahallesi/plus-life-ankara
86	7	4.4	https://www.siringayrimenkul.com/mahalleler/cumhuriyet/nar-gulu-1-sitesi
134	7	8.3	https://www.siringayrimenkul.com/mahalleler/devlet-mahallesi/asiyan-sitesi
116	7	5.7	https://www.siringayrimenkul.com/mahalleler/devlet-mahallesi/gulhayat-sitesi
136	7	6.1	https://www.siringayrimenkul.com/mahalleler/devlet-mahallesi/sari-cinar-sitesi
248	7	9.6	https://www.siringayrimenkul.com/mahalleler/goksu-mahallesi/havuzlu-bahce-konutlari
42	7	4.9	https://www.siringayrimenkul.com/mahalleler/goksu-mahallesi/mercan-smart-house
86	7	8.7	https://www.siringayrimenkul.com/mahalleler/goksu-mahallesi/seyirtepe-baspinar
145	7	6.8	https://www.siringayrimenkul.com/mahalleler/sehit-osman-avci-mahallesi/metropark-plus
204	7	5.5	https://www.siringayrimenkul.com/mahalleler/seker-mahallesi/meydan-ada-sitesi
290	7	9.0	https://www.siringayrimenkul.com/mahalleler/seker/bahcen-eryaman-konutlari
190	7	7.2	https://www.siringayrimenkul.com/mahalleler/seyh-samil/inci-park-evleri
144	7	5.4	https://www.siringayrimenkul.com/mahalleler/susuz-mahallesi/nil-my-home
125	7	8.7	https://www.siringayrimenkul.com/mahalleler/susuz/lenora-goksu
68	7	6.3	https://www.siringayrimenkul.com/mahalleler/yavuz-selim-mahallesi/akcakent-87-sitesi
44	6	7.5	https://www.siringayrimenkul.com/mahalleler/altay/mood-street
179	6	6.5	https://www.siringayrimenkul.com/mahalleler/ata-mahallesi/dilara-sitesi
290	6	8.4	https://www.siringayrimenkul.com/mahalleler/ata-mahallesi/panorama-plus
197	6	8.1	https://www.siringayrimenkul.com/mahalleler/ata-mahallesi/twin-towers-eryaman
180	6	7.7	https://www.siringayrimenkul.com/mahalleler/ata/mavi-bayrak-sitesi
125	6	7.4	https://www.siringayrimenkul.com/mahalleler/ata/palmiye-evleri
62	6	7.2	https://www.siringayrimenkul.com/mahalleler/ata/sermina-life
181	6	7.2	https://www.siringayrimenkul.com/mahalleler/ata/tekirdag-park-evleri
95	6	7.2	https://www.siringayrimenkul.com/mahalleler/cumhuriyet-mahallesi/atakoy-konutlari
178	6	7.8	https://www.siringayrimenkul.com/mahalleler/cumhuriyet-mahallesi/vera-point
105	6	7.0	https://www.siringayrimenkul.com/mahalleler/cumhuriyet-mahallesi/zen-park-goksu
84	6	6.7	https://www.siringayrimenkul.com/mahalleler/cumhuriyet/atakoy-konutlari
137	6	6.3	https://www.siringayrimenkul.com/mahalleler/cumhuriyet/konar-manzara-evleri
163	6	7.0	https://www.siringayrimenkul.com/mahalleler/devlet-mahallesi/bilgi-sevgi-hosgoru-sitesi
189	6	6.9	https://www.siringayrimenkul.com/mahalleler/devlet-mahallesi/ikizler-sitesi
96	6	7.9	https://www.siringayrimenkul.com/mahalleler/devlet-mahallesi/tes-is-bloklari
222	6	7.6	https://www.siringayrimenkul.com/mahalleler/eryaman-mahallesi/atakent-vadi-sitesi
120	6	7.8	https://www.siringayrimenkul.com/mahalleler/eryaman-mahallesi/endora-park
233	6	8.7	https://www.siringayrimenkul.com/mahalleler/eryaman-mahallesi/oyak-sitesi
149	6	6.5	https://www.siringayrimenkul.com/mahalleler/goksu-mahallesi/ilgaz-life
312	6	7.5	https://www.siringayrimenkul.com/mahalleler/goksu-mahallesi/polsan-1-bahar-sitesi
166	6	7.7	https://www.siringayrimenkul.com/mahalleler/goksu/uzunali-goksu-konutlari-2
79	6	4.9	https://www.siringayrimenkul.com/mahalleler/guzelkent-mahallesi/anka-2001-sitesi
55	6	6.4	https://www.siringayrimenkul.com/mahalleler/guzelkent-mahallesi/baskent-sular-sitesi
69	6	7.9	https://www.siringayrimenkul.com/mahalleler/guzelkent-mahallesi/evrimkent-sitesi
60	6	6.8	https://www.siringayrimenkul.com/mahalleler/guzelkent-mahallesi/yesil-guven-kent
295	6	7.8	https://www.siringayrimenkul.com/mahalleler/seker-mahallesi/hill-tower
327	6	8.9	https://www.siringayrimenkul.com/mahalleler/seyh-samil
276	6	9.8	https://www.siringayrimenkul.com/mahalleler/seyh-samil-mahallesi/alarko-bloklari
91	6	6.2	https://www.siringayrimenkul.com/mahalleler/seyh-samil-mahallesi/tugce-kent-sitesi
86	6	7.5	https://www.siringayrimenkul.com/mahalleler/seyh-samil-mahallesi/unsal-rezidans
114	6	6.9	https://www.siringayrimenkul.com/mahalleler/susuz-mahallesi/bella-garden
117	6	9.0	https://www.siringayrimenkul.com/mahalleler/susuz-mahallesi/goksu-marina
101	6	5.9	https://www.siringayrimenkul.com/mahalleler/susuz-mahallesi/korucam-sitesi
104	6	5.8	https://www.siringayrimenkul.com/mahalleler/susuz-mahallesi/mira-goksu-konutlari
293	6	5.9	https://www.siringayrimenkul.com/mahalleler/susuz/bordo-gol-evleri
144	6	8.5	https://www.siringayrimenkul.com/mahalleler/susuz/oniz-nirvana
579	6	7.5	https://www.siringayrimenkul.com/mahalleler/tunahan-mahallesi/canberk-sitesi
277	6	9.3	https://www.siringayrimenkul.com/mahalleler/tunahan-mahallesi/gokdemir-premium
138	6	7.3	https://www.siringayrimenkul.com/mahalleler/yavuz-selim/elit-nar-cicegi
680	6	8.9	https://www.siringayrimenkul.com/mahalleler/yesilova-mahallesi/meva-sehir
437	5	8.2	https://www.siringayrimenkul.com/blog/hisseli-ipotekli-ev-satisi
239	5	7.7	https://www.siringayrimenkul.com/iletisim
46	5	7.6	https://www.siringayrimenkul.com/mahalleler/altay-mahallesi/motto-butik
208	5	8.1	https://www.siringayrimenkul.com/mahalleler/ata-mahallesi/akonur-sitesi
164	5	7.1	https://www.siringayrimenkul.com/mahalleler/ata-mahallesi/caglayan-sitesi
117	5	6.9	https://www.siringayrimenkul.com/mahalleler/ata-mahallesi/sari-gulluk-konutlari
123	5	7.6	https://www.siringayrimenkul.com/mahalleler/ata/alkon-sitesi
69	5	6.2	https://www.siringayrimenkul.com/mahalleler/ata/cigdem-sitesi
119	5	6.3	https://www.siringayrimenkul.com/mahalleler/ata/gozde-evler-sitesi
250	5	7.3	https://www.siringayrimenkul.com/mahalleler/ata/panorama-plus
81	5	8.1	https://www.siringayrimenkul.com/mahalleler/ata/yaylakent-sitesi
185	5	8.4	https://www.siringayrimenkul.com/mahalleler/cumhuriyet-mahallesi/bulvar-yasam-konutlari
141	5	8.5	https://www.siringayrimenkul.com/mahalleler/cumhuriyet-mahallesi/diamond-goksu
84	5	6.8	https://www.siringayrimenkul.com/mahalleler/cumhuriyet-mahallesi/gulbaran-residence
126	5	6.7	https://www.siringayrimenkul.com/mahalleler/cumhuriyet-mahallesi/utopya-konutlari
149	5	7.7	https://www.siringayrimenkul.com/mahalleler/cumhuriyet/basaksehir-ankara-konutlari
39	5	7.8	https://www.siringayrimenkul.com/mahalleler/cumhuriyet/plus-life-ankara
114	5	7.5	https://www.siringayrimenkul.com/mahalleler/devlet-mahallesi/cinar-sitesi
58	5	7.4	https://www.siringayrimenkul.com/mahalleler/eryaman-mahallesi/gencler-sitesi
773	5	8.8	https://www.siringayrimenkul.com/mahalleler/eryaman-mahallesi/oyak-555-konut-sitesi
92	5	6.7	https://www.siringayrimenkul.com/mahalleler/eryaman/adalar/45924-1
232	5	9.8	https://www.siringayrimenkul.com/mahalleler/goksu-mahallesi/arissa-goksu
460	5	8.6	https://www.siringayrimenkul.com/mahalleler/goksu-mahallesi/buse-konutlari
233	5	7.2	https://www.siringayrimenkul.com/mahalleler/goksu-mahallesi/park-mira-evleri
125	5	6.7	https://www.siringayrimenkul.com/mahalleler/goksu-mahallesi/sude-konutlari
73	5	6.0	https://www.siringayrimenkul.com/mahalleler/goksu/utkan-sitesi
103	5	7.8	https://www.siringayrimenkul.com/mahalleler/guzelkent-mahallesi/isi-kent-sitesi
58	5	7.7	https://www.siringayrimenkul.com/mahalleler/guzelkent-mahallesi/yeni-isikent-sitesi
457	5	7.9	https://www.siringayrimenkul.com/mahalleler/sehit-osman-avci-mahallesi/bordo-platinum-residence
64	5	7.9	https://www.siringayrimenkul.com/mahalleler/sehit-osman-avci-mahallesi/elit-yasam-konutlari-1
563	5	6.4	https://www.siringayrimenkul.com/mahalleler/sehit-osman-avci-mahallesi/mia-concept-konutlari
171	5	8.0	https://www.siringayrimenkul.com/mahalleler/sehit-osman-avci-mahallesi/neva-prestij-konutlari
81	5	6.8	https://www.siringayrimenkul.com/mahalleler/sehit-osman-avci/ardic-sitesi
112	5	6.6	https://www.siringayrimenkul.com/mahalleler/seyh-samil/ilona-konutlari
89	5	8.1	https://www.siringayrimenkul.com/mahalleler/tunahan-mahallesi/elit-yasam-evleri
186	5	8.0	https://www.siringayrimenkul.com/mahalleler/tunahan-mahallesi/etaplar/5
227	5	8.2	https://www.siringayrimenkul.com/mahalleler/tunahan-mahallesi/sutek-sitesi
66	5	6.8	https://www.siringayrimenkul.com/mahalleler/tunahan-mahallesi/yardimci-bloklari
81	5	7.1	https://www.siringayrimenkul.com/mahalleler/yavuz-selim/seda-terasevler
69	5	6.6	https://www.siringayrimenkul.com/mahalleler/yesilova/hotki-ritm
173	4	6.9	https://www.siringayrimenkul.com/blog/evinizi-kiraya-verdikten-sonra
254	4	10.3	https://www.siringayrimenkul.com/blog/kiraci-evi-gostermiyor-ne-yapmaliyim
120	4	5.5	https://www.siringayrimenkul.com/etaplar
130	4	6.8	https://www.siringayrimenkul.com/mahalleler/ata-mahallesi/gold-life-konutlari
329	4	7.0	https://www.siringayrimenkul.com/mahalleler/ata-mahallesi/siyah-beyaz-evler
134	4	5.2	https://www.siringayrimenkul.com/mahalleler/ata-mahallesi/umut-yapi-sitesi
218	4	6.8	https://www.siringayrimenkul.com/mahalleler/ata/gold-stone-evleri
224	4	9.1	https://www.siringayrimenkul.com/mahalleler/ata/ruyakent-sitesi
62	4	7.0	https://www.siringayrimenkul.com/mahalleler/ata/sari-gulluk-konutlari
96	4	6.8	https://www.siringayrimenkul.com/mahalleler/ata/umut-yapi-sitesi
72	4	8.2	https://www.siringayrimenkul.com/mahalleler/cumhuriyet-mahallesi/adalar/63268-1
275	4	8.3	https://www.siringayrimenkul.com/mahalleler/cumhuriyet-mahallesi/cimtas-goksu-konutlari
186	4	8.0	https://www.siringayrimenkul.com/mahalleler/cumhuriyet-mahallesi/greenpark-evleri
588	4	8.3	https://www.siringayrimenkul.com/mahalleler/cumhuriyet-mahallesi/hittown
135	4	7.6	https://www.siringayrimenkul.com/mahalleler/cumhuriyet-mahallesi/vera-west
214	4	6.8	https://www.siringayrimenkul.com/mahalleler/cumhuriyet-mahallesi/vizyon-tower
120	4	5.8	https://www.siringayrimenkul.com/mahalleler/cumhuriyet/anadolu-vizyon-konutlari
60	4	5.8	https://www.siringayrimenkul.com/mahalleler/cumhuriyet/hityasam
88	4	7.2	https://www.siringayrimenkul.com/mahalleler/cumhuriyet/vera-vista
64	4	7.6	https://www.siringayrimenkul.com/mahalleler/cumhuriyet/zen-park-plus
72	4	7.2	https://www.siringayrimenkul.com/mahalleler/devlet/bayrak-sitesi
152	4	9.2	https://www.siringayrimenkul.com/mahalleler/devlet/eryaman-royal-city
351	4	10.3	https://www.siringayrimenkul.com/mahalleler/eryaman-mahallesi
39	4	6.2	https://www.siringayrimenkul.com/mahalleler/eryaman-mahallesi/elif-ozgen-sitesi
62	4	6.2	https://www.siringayrimenkul.com/mahalleler/eryaman-mahallesi/lapis-garden
82	4	7.2	https://www.siringayrimenkul.com/mahalleler/goksu-mahallesi/adalar/63406-1
151	4	6.5	https://www.siringayrimenkul.com/mahalleler/goksu-mahallesi/finest-bloklari
103	4	8.9	https://www.siringayrimenkul.com/mahalleler/goksu-mahallesi/golkent-1-sitesi
226	4	8.4	https://www.siringayrimenkul.com/mahalleler/goksu-mahallesi/havuzlu-evler-sitesi
180	4	6.5	https://www.siringayrimenkul.com/mahalleler/goksu-mahallesi/yesil-gol-sitesi
61	4	7.9	https://www.siringayrimenkul.com/mahalleler/guzelkent-mahallesi/boyut-sitesi
142	4	7.4	https://www.siringayrimenkul.com/mahalleler/guzelkent-mahallesi/erkent-sitesi
70	4	7.0	https://www.siringayrimenkul.com/mahalleler/guzelkent-mahallesi/eryapi-sitesi
56	4	7.1	https://www.siringayrimenkul.com/mahalleler/guzelkent-mahallesi/gokkusagi-sitesi
55	4	7.8	https://www.siringayrimenkul.com/mahalleler/guzelkent-mahallesi/karasimsek-sitesi
633	4	8.7	https://www.siringayrimenkul.com/mahalleler/sehit-osman-avci-mahallesi/alpak-neve-armonia-residence
176	4	7.1	https://www.siringayrimenkul.com/mahalleler/sehit-osman-avci-mahallesi/ardic-sitesi
58	4	6.6	https://www.siringayrimenkul.com/mahalleler/sehit-osman-avci-mahallesi/elit-yasam-konutlari-2
61	4	5.4	https://www.siringayrimenkul.com/mahalleler/sehit-osman-avci-mahallesi/garden-zirve
360	4	6.8	https://www.siringayrimenkul.com/mahalleler/sehit-osman-avci-mahallesi/goldekent-sitesi
163	4	5.5	https://www.siringayrimenkul.com/mahalleler/sehit-osman-avci-mahallesi/happy-life-residence
156	4	5.4	https://www.siringayrimenkul.com/mahalleler/seker-mahallesi/volga-residence
316	4	9.0	https://www.siringayrimenkul.com/mahalleler/seker-mahallesi/zirve-loft
88	4	8.5	https://www.siringayrimenkul.com/mahalleler/seyh-samil-mahallesi/caglar-emin-evleri
86	4	7.9	https://www.siringayrimenkul.com/mahalleler/seyh-samil-mahallesi/inci-park-evleri
50	4	3.6	https://www.siringayrimenkul.com/mahalleler/seyh-samil-mahallesi/lider-yasam-evleri
113	4	8.1	https://www.siringayrimenkul.com/mahalleler/seyh-samil/adalar/46215-5
59	4	7.6	https://www.siringayrimenkul.com/mahalleler/seyh-samil/liderkent
260	4	9.1	https://www.siringayrimenkul.com/mahalleler/susuz-mahallesi
58	4	5.5	https://www.siringayrimenkul.com/mahalleler/susuz-mahallesi/green-life-goksu-konutlari
57	4	6.1	https://www.siringayrimenkul.com/mahalleler/susuz/baskent-goksu
72	4	7.0	https://www.siringayrimenkul.com/mahalleler/susuz/dostlar-birikim-sitesi
135	4	6.8	https://www.siringayrimenkul.com/mahalleler/susuz/mira-goksu-konutlari
55	4	9.4	https://www.siringayrimenkul.com/mahalleler/tunahan-mahallesi/adalar/46499-2
230	4	5.9	https://www.siringayrimenkul.com/mahalleler/tunahan-mahallesi/dema-park
103	4	7.6	https://www.siringayrimenkul.com/mahalleler/tunahan-mahallesi/etaplar/4
196	4	9.1	https://www.siringayrimenkul.com/mahalleler/yavuz-selim-mahallesi/endora-eryaman
116	4	6.7	https://www.siringayrimenkul.com/mahalleler/yavuz-selim-mahallesi/havayollari-sitesi
97	4	8.2	https://www.siringayrimenkul.com/mahalleler/yavuz-selim/adalar/19508-3
119	4	8.9	https://www.siringayrimenkul.com/mahalleler/yavuz-selim/atadostlar-sitesi
93	4	7.4	https://www.siringayrimenkul.com/mahalleler/yesilova-mahallesi/green-place-residence
35	4	6.2	https://www.siringayrimenkul.com/mahalleler/yesilova-mahallesi/rema-delux
24	4	7.1	https://www.siringayrimenkul.com/mahalleler/yesilova/adalar/47549-1
57	3	6.5	https://www.siringayrimenkul.com/blog/eryaman-disinda-yasayanlar-icin-ev-satisi-kiralama
2559	3	9.1	https://www.siringayrimenkul.com/mahalleler
173	3	7.4	https://www.siringayrimenkul.com/mahalleler/altay-mahallesi/oasis-tower
173	3	7.3	https://www.siringayrimenkul.com/mahalleler/altay-mahallesi/vizyon-prestige
45	3	9.4	https://www.siringayrimenkul.com/mahalleler/ata-mahallesi/adalar/46417-3
309	3	9.9	https://www.siringayrimenkul.com/mahalleler/ata-mahallesi/atasehir-eryaman-konutlari
78	3	6.0	https://www.siringayrimenkul.com/mahalleler/ata-mahallesi/hansa-sitesi
226	3	7.5	https://www.siringayrimenkul.com/mahalleler/ata-mahallesi/panorama-life
141	3	6.9	https://www.siringayrimenkul.com/mahalleler/ata-mahallesi/taflan-sitesi
104	3	8.5	https://www.siringayrimenkul.com/mahalleler/ata-mahallesi/yaylakent-sitesi
76	3	7.5	https://www.siringayrimenkul.com/mahalleler/ata/anemon-sitesi
50	3	6.1	https://www.siringayrimenkul.com/mahalleler/ata/baskent-sitesi
117	3	8.4	https://www.siringayrimenkul.com/mahalleler/ata/kainat-evleri
124	3	6.6	https://www.siringayrimenkul.com/mahalleler/ata/liva-life-yasam-konutlari
55	3	8.5	https://www.siringayrimenkul.com/mahalleler/ata/panorama-life
142	3	8.7	https://www.siringayrimenkul.com/mahalleler/ata/panorama-prestij
45	3	5.4	https://www.siringayrimenkul.com/mahalleler/ata/senser-sitesi
196	3	8.2	https://www.siringayrimenkul.com/mahalleler/ata/vizyon-baspinar-sitesi
166	3	8.1	https://www.siringayrimenkul.com/mahalleler/cumhuriyet-mahallesi/guzel-belde-sitesi
93	3	8.2	https://www.siringayrimenkul.com/mahalleler/cumhuriyet-mahallesi/natural-konutlari
76	3	5.3	https://www.siringayrimenkul.com/mahalleler/cumhuriyet/akin-garden-sitesi
125	3	7.6	https://www.siringayrimenkul.com/mahalleler/cumhuriyet/ap-green-tower
42	3	7.3	https://www.siringayrimenkul.com/mahalleler/cumhuriyet/ender-dogus-konut-yapi
222	3	8.0	https://www.siringayrimenkul.com/mahalleler/cumhuriyet/vera-point
143	3	7.0	https://www.siringayrimenkul.com/mahalleler/cumhuriyet/vizyon-tower
187	3	8.2	https://www.siringayrimenkul.com/mahalleler/devlet-mahallesi
79	3	8.3	https://www.siringayrimenkul.com/mahalleler/devlet-mahallesi/4-devlet-mahallesi-sitesi
48	3	5.7	https://www.siringayrimenkul.com/mahalleler/devlet-mahallesi/camdali-sitesi
46	3	8.4	https://www.siringayrimenkul.com/mahalleler/devlet-mahallesi/turkkonut-istas-sitesi
23	3	6.7	https://www.siringayrimenkul.com/mahalleler/devlet-mahallesi/yuceyurt-sitesi
64	3	6.7	https://www.siringayrimenkul.com/mahalleler/devlet/asiyan-sitesi
97	3	6.2	https://www.siringayrimenkul.com/mahalleler/devlet/mavikent-sitesi
111	3	5.7	https://www.siringayrimenkul.com/mahalleler/eryaman-mahallesi/asm-golt-sitesi
74	3	8.0	https://www.siringayrimenkul.com/mahalleler/eryaman-mahallesi/asm-prestij-konutlari
60	3	7.1	https://www.siringayrimenkul.com/mahalleler/eryaman-mahallesi/beyaz-residence
73	3	7.1	https://www.siringayrimenkul.com/mahalleler/eryaman-mahallesi/kayaevleri-sitesi
43	3	8.6	https://www.siringayrimenkul.com/mahalleler/eryaman-mahallesi/ozgun-ipek-sitesi
89	3	7.7	https://www.siringayrimenkul.com/mahalleler/goksu-mahallesi/adalar/63404-2
155	3	8.9	https://www.siringayrimenkul.com/mahalleler/goksu-mahallesi/bordo-loca
87	3	6.6	https://www.siringayrimenkul.com/mahalleler/goksu-mahallesi/evinora-sitesi
184	3	8.1	https://www.siringayrimenkul.com/mahalleler/goksu/gsv-spor-sitesi
224	3	8.5	https://www.siringayrimenkul.com/mahalleler/goksu/yeniceri-kule
79	3	6.6	https://www.siringayrimenkul.com/mahalleler/guzelkent-mahallesi/metro-yasam-sitesi
70	3	5.4	https://www.siringayrimenkul.com/mahalleler/guzelkent-mahallesi/nazlideniz-sitesi
82	3	5.7	https://www.siringayrimenkul.com/mahalleler/guzelkent-mahallesi/ozuguzelkent-sitesi
75	3	6.9	https://www.siringayrimenkul.com/mahalleler/guzelkent-mahallesi/safi-apak-sitesi
67	3	6.6	https://www.siringayrimenkul.com/mahalleler/guzelkent-mahallesi/tez-konak-sitesi
41	3	7.0	https://www.siringayrimenkul.com/mahalleler/guzelkent-mahallesi/ulas-sitesi
37	3	8.2	https://www.siringayrimenkul.com/mahalleler/guzelkent/adalar/18468-1
128	3	7.3	https://www.siringayrimenkul.com/mahalleler/guzelkent/eryapi-sitesi
401	3	9.0	https://www.siringayrimenkul.com/mahalleler/sehit-osman-avci-mahallesi
302	3	8.5	https://www.siringayrimenkul.com/mahalleler/sehit-osman-avci-mahallesi/demirer-sitesi
170	3	7.1	https://www.siringayrimenkul.com/mahalleler/sehit-osman-avci-mahallesi/kc-lale-evleri
236	3	6.2	https://www.siringayrimenkul.com/mahalleler/sehit-osman-avci-mahallesi/vera-city
108	3	5.6	https://www.siringayrimenkul.com/mahalleler/sehit-osman-avci-mahallesi/yazici-modern
111	3	8.2	https://www.siringayrimenkul.com/mahalleler/sehit-osman-avci/adalar/46656-5
375	3	8.1	https://www.siringayrimenkul.com/mahalleler/sehit-osman-avci/bordo-platinum-residence
123	3	7.6	https://www.siringayrimenkul.com/mahalleler/sehit-osman-avci/cizgi-otesi-residence
62	3	8.8	https://www.siringayrimenkul.com/mahalleler/sehit-osman-avci/relax-eryaman-konutlari
75	3	8.3	https://www.siringayrimenkul.com/mahalleler/seker/address-enda
131	3	7.0	https://www.siringayrimenkul.com/mahalleler/seyh-samil-mahallesi/ilona-konutlari
110	3	8.7	https://www.siringayrimenkul.com/mahalleler/seyh-samil-mahallesi/melis-sitesi
226	3	9.2	https://www.siringayrimenkul.com/mahalleler/seyh-samil/alarko-bloklari
145	3	8.6	https://www.siringayrimenkul.com/mahalleler/susuz-mahallesi/ende-yasam
142	3	7.8	https://www.siringayrimenkul.com/mahalleler/susuz-mahallesi/liva-goksu
192	3	8.0	https://www.siringayrimenkul.com/mahalleler/susuz-mahallesi/mabeyn-baspinar
251	3	9.2	https://www.siringayrimenkul.com/mahalleler/susuz-mahallesi/park-goksu-konutlari
115	3	6.5	https://www.siringayrimenkul.com/mahalleler/susuz-mahallesi/perla-life
192	3	5.6	https://www.siringayrimenkul.com/mahalleler/susuz-mahallesi/saritas-seyir-evleri
26	3	4.2	https://www.siringayrimenkul.com/mahalleler/susuz-mahallesi/sirin-ana-villalari
19	3	10.7	https://www.siringayrimenkul.com/mahalleler/susuz/adalar/63377-3
46	3	7.3	https://www.siringayrimenkul.com/mahalleler/susuz/mabeyn-baspinar
120	3	7.0	https://www.siringayrimenkul.com/mahalleler/susuz/mahal-cag-sitesi
93	3	8.1	https://www.siringayrimenkul.com/mahalleler/susuz/mood-altinok
21	3	6.4	https://www.siringayrimenkul.com/mahalleler/susuz/neva-palas
110	3	9.2	https://www.siringayrimenkul.com/mahalleler/susuz/paradise-goksu
213	3	9.7	https://www.siringayrimenkul.com/mahalleler/tunahan
106	3	8.7	https://www.siringayrimenkul.com/mahalleler/tunahan-mahallesi/adalar/17673-1
159	3	7.8	https://www.siringayrimenkul.com/mahalleler/tunahan-mahallesi/adalar/46498-7
94	3	9.4	https://www.siringayrimenkul.com/mahalleler/tunahan-mahallesi/haznedaroglu-bloklari
147	3	9.3	https://www.siringayrimenkul.com/mahalleler/tunahan/neopolitan-eryaman
83	3	9.0	https://www.siringayrimenkul.com/mahalleler/tunahan/sutek-sitesi
141	3	8.0	https://www.siringayrimenkul.com/mahalleler/yavuz-selim-mahallesi/eylul-sitesi
78	3	8.6	https://www.siringayrimenkul.com/mahalleler/yavuz-selim-mahallesi/genc-avrasya-sitesi
74	3	5.5	https://www.siringayrimenkul.com/mahalleler/yavuz-selim-mahallesi/ilkiz-2-sitesi
119	3	8.4	https://www.siringayrimenkul.com/mahalleler/yavuz-selim-mahallesi/kardeskent-sitesi
106	3	8.5	https://www.siringayrimenkul.com/mahalleler/yavuz-selim-mahallesi/safir-sitesi
94	3	7.5	https://www.siringayrimenkul.com/mahalleler/yavuz-selim-mahallesi/seda-terasevler
59	3	6.3	https://www.siringayrimenkul.com/mahalleler/yavuz-selim-mahallesi/serenkoy-sitesi
142	3	6.9	https://www.siringayrimenkul.com/mahalleler/yavuz-selim-mahallesi/yeni-kaynak-sitesi
152	3	5.4	https://www.siringayrimenkul.com/mahalleler/yavuz-selim-mahallesi/yurt-prestij-konutlari
61	3	6.5	https://www.siringayrimenkul.com/mahalleler/yavuz-selim/bizim-sirinkoy-sitesi
59	3	22.4	https://www.siringayrimenkul.com/mahalleler/yavuz-selim/guz-gol-sitesi
91	3	9.4	https://www.siringayrimenkul.com/mahalleler/yavuz-selim/serhatkent-sitesi
93	3	7.1	https://www.siringayrimenkul.com/mahalleler/yesilova-mahallesi/anka-vega
98	3	6.4	https://www.siringayrimenkul.com/mahalleler/yesilova-mahallesi/kayra-loft
194	3	9.0	https://www.siringayrimenkul.com/mahalleler/yesilova-mahallesi/pozitif-life
241	3	8.4	https://www.siringayrimenkul.com/mahalleler/yesilova-mahallesi/sakalar-tower
57	3	4.7	https://www.siringayrimenkul.com/mahalleler/yesilova/barla-konutlari
237	3	9.1	https://www.siringayrimenkul.com/siteler
88	2	7.5	https://www.siringayrimenkul.com/blog/eryamanda-konut-turleri
215	2	8.6	https://www.siringayrimenkul.com/blog/kiraci-tahliye-taahhutnamesi-rehberi
264	2	11.7	https://www.siringayrimenkul.com/ev-degerleme
90	2	10.0	https://www.siringayrimenkul.com/hakkimizda
30	2	8.9	https://www.siringayrimenkul.com/mahalleler/altay-mahallesi/adalar/45899-7
43	2	7.1	https://www.siringayrimenkul.com/mahalleler/altay-mahallesi/doktorlar-sitesi
97	2	9.7	https://www.siringayrimenkul.com/mahalleler/altay-mahallesi/frekans-eryaman
261	2	8.2	https://www.siringayrimenkul.com/mahalleler/altay-mahallesi/kutlutas-sitesi
37	2	6.9	https://www.siringayrimenkul.com/mahalleler/altay/doktorlar-sitesi
46	2	7.4	https://www.siringayrimenkul.com/mahalleler/altay/firat-life-style-botanik
30	2	6.5	https://www.siringayrimenkul.com/mahalleler/ata-mahallesi/atasayanlar-sitesi
60	2	6.8	https://www.siringayrimenkul.com/mahalleler/ata-mahallesi/baskent-sitesi
49	2	8.0	https://www.siringayrimenkul.com/mahalleler/ata-mahallesi/belmi-kent
85	2	6.4	https://www.siringayrimenkul.com/mahalleler/ata-mahallesi/beloren-manzara-evleri
127	2	6.9	https://www.siringayrimenkul.com/mahalleler/ata-mahallesi/billur-sitesi
102	2	9.4	https://www.siringayrimenkul.com/mahalleler/ata-mahallesi/dogasu-elmaslar-evleri
38	2	8.2	https://www.siringayrimenkul.com/mahalleler/ata-mahallesi/emin-guven-sitesi
178	2	7.3	https://www.siringayrimenkul.com/mahalleler/ata-mahallesi/kozlar-towers
89	2	8.3	https://www.siringayrimenkul.com/mahalleler/ata-mahallesi/mavi-bayrak-sitesi
61	2	8.5	https://www.siringayrimenkul.com/mahalleler/ata-mahallesi/mavi-ladin-konut
67	2	5.5	https://www.siringayrimenkul.com/mahalleler/ata-mahallesi/ozkardesler-sitesi
93	2	8.0	https://www.siringayrimenkul.com/mahalleler/ata-mahallesi/palmiye-evleri
112	2	8.3	https://www.siringayrimenkul.com/mahalleler/ata-mahallesi/parkyaman-evleri
189	2	9.0	https://www.siringayrimenkul.com/mahalleler/ata-mahallesi/sogut-bahce-konutlari
62	2	5.1	https://www.siringayrimenkul.com/mahalleler/ata-mahallesi/turuncu-site
53	2	8.1	https://www.siringayrimenkul.com/mahalleler/ata/adalar/44783-1
26	2	7.5	https://www.siringayrimenkul.com/mahalleler/ata/akdam-sitesi
148	2	7.5	https://www.siringayrimenkul.com/mahalleler/ata/aker-mucevher-evleri
134	2	5.4	https://www.siringayrimenkul.com/mahalleler/ata/caglayan-sitesi
145	2	7.6	https://www.siringayrimenkul.com/mahalleler/ata/dilara-sitesi
174	2	8.0	https://www.siringayrimenkul.com/mahalleler/ata/efsane-evleri
90	2	6.7	https://www.siringayrimenkul.com/mahalleler/ata/sirin-guneskent-sitesi
209	2	8.8	https://www.siringayrimenkul.com/mahalleler/ata/sogut-bahce-sitesi
202	2	6.3	https://www.siringayrimenkul.com/mahalleler/ata/trend-life-sitesi
55	2	9.4	https://www.siringayrimenkul.com/mahalleler/cumhuriyet-mahallesi/adalar/62669-3
56	2	8.8	https://www.siringayrimenkul.com/mahalleler/cumhuriyet-mahallesi/angora-goksu-evleri
96	2	8.9	https://www.siringayrimenkul.com/mahalleler/cumhuriyet-mahallesi/ap-ist-port
67	2	7.1	https://www.siringayrimenkul.com/mahalleler/cumhuriyet-mahallesi/city-life
77	2	6.2	https://www.siringayrimenkul.com/mahalleler/cumhuriyet-mahallesi/hityasam
106	2	8.4	https://www.siringayrimenkul.com/mahalleler/cumhuriyet-mahallesi/hityenibati-haktanir-konutlari
60	2	9.3	https://www.siringayrimenkul.com/mahalleler/cumhuriyet-mahallesi/kasmir-yonca
74	2	8.6	https://www.siringayrimenkul.com/mahalleler/cumhuriyet-mahallesi/nisanur-sitesi
42	2	7.9	https://www.siringayrimenkul.com/mahalleler/cumhuriyet/adalar/62672-1
29	2	9.2	https://www.siringayrimenkul.com/mahalleler/cumhuriyet/adalar/62673-1
78	2	9.0	https://www.siringayrimenkul.com/mahalleler/cumhuriyet/adalar/62680-1
41	2	6.8	https://www.siringayrimenkul.com/mahalleler/cumhuriyet/adalar/62683-2
74	2	8.7	https://www.siringayrimenkul.com/mahalleler/cumhuriyet/arissa-botanik
89	2	7.5	https://www.siringayrimenkul.com/mahalleler/cumhuriyet/endora-bati
87	2	7.5	https://www.siringayrimenkul.com/mahalleler/cumhuriyet/green-tower
91	2	7.3	https://www.siringayrimenkul.com/mahalleler/cumhuriyet/guzel-belde-sitesi
63	2	7.0	https://www.siringayrimenkul.com/mahalleler/cumhuriyet/motto-goksu
58	2	8.3	https://www.siringayrimenkul.com/mahalleler/cumhuriyet/oasis-korupark
127	2	6.6	https://www.siringayrimenkul.com/mahalleler/cumhuriyet/utopya-konutlari
103	2	7.7	https://www.siringayrimenkul.com/mahalleler/cumhuriyet/zen-park-goksu
92	2	7.5	https://www.siringayrimenkul.com/mahalleler/devlet-mahallesi/adalar/18676-1
151	2	8.8	https://www.siringayrimenkul.com/mahalleler/devlet-mahallesi/adalar/18708-1
72	2	7.8	https://www.siringayrimenkul.com/mahalleler/devlet-mahallesi/demirkent-sitesi
34	2	4.4	https://www.siringayrimenkul.com/mahalleler/devlet-mahallesi/sozova-sitesi
190	2	8.3	https://www.siringayrimenkul.com/mahalleler/devlet/adalar/18693-1
12	2	6.0	https://www.siringayrimenkul.com/mahalleler/devlet/turkkonut-sinem-sitesi
59	2	6.0	https://www.siringayrimenkul.com/mahalleler/devlet/yesiloz-sitesi
56	2	5.4	https://www.siringayrimenkul.com/mahalleler/devlet/yildiz-tatil-sitesi
107	2	8.7	https://www.siringayrimenkul.com/mahalleler/eryaman-mahallesi/akasya-evleri
52	2	10.4	https://www.siringayrimenkul.com/mahalleler/eryaman-mahallesi/arya-evleri
190	2	8.7	https://www.siringayrimenkul.com/mahalleler/eryaman-mahallesi/atakent-sitesi
114	2	8.5	https://www.siringayrimenkul.com/mahalleler/eryaman-mahallesi/cigdem-sitesi
54	2	7.2	https://www.siringayrimenkul.com/mahalleler/eryaman-mahallesi/kent-konaklari-sitesi
60	2	6.8	https://www.siringayrimenkul.com/mahalleler/eryaman-mahallesi/pasa-konaklari
155	2	9.4	https://www.siringayrimenkul.com/mahalleler/eryaman-mahallesi/yeni-portakal-cicegi-sitesi
58	2	7.2	https://www.siringayrimenkul.com/mahalleler/eryaman-mahallesi/yesil-manolya-sitesi
76	2	7.7	https://www.siringayrimenkul.com/mahalleler/eryaman/adalar/45926-4
38	2	9.0	https://www.siringayrimenkul.com/mahalleler/eryaman/adalar/46540-1
65	2	6.8	https://www.siringayrimenkul.com/mahalleler/eryaman/asm-prestij-konutlari
65	2	8.3	https://www.siringayrimenkul.com/mahalleler/goksu-mahallesi/bahar-sitesi
111	2	7.8	https://www.siringayrimenkul.com/mahalleler/goksu-mahallesi/goksu-metrokent-sitesi
160	2	9.1	https://www.siringayrimenkul.com/mahalleler/goksu-mahallesi/goksupark-konutlari
87	2	10.3	https://www.siringayrimenkul.com/mahalleler/goksu-mahallesi/kasmir-gol-evleri
248	2	9.0	https://www.siringayrimenkul.com/mahalleler/goksu-mahallesi/kasmir-mavi-orkide-sitesi
121	2	9.6	https://www.siringayrimenkul.com/mahalleler/goksu-mahallesi/maybak-konutlari
147	2	8.1	https://www.siringayrimenkul.com/mahalleler/goksu-mahallesi/selale-evleri-sitesi
192	2	7.8	https://www.siringayrimenkul.com/mahalleler/goksu-mahallesi/yeniceri-kule
84	2	7.1	https://www.siringayrimenkul.com/mahalleler/goksu-mahallesi/yeniguc-sitesi-eryaman
129	2	13.4	https://www.siringayrimenkul.com/mahalleler/goksu/adalar/46463-1
37	2	9.2	https://www.siringayrimenkul.com/mahalleler/goksu/adalar/63396-4
21	2	6.5	https://www.siringayrimenkul.com/mahalleler/goksu/goksu-aura-sitesi
33	2	5.5	https://www.siringayrimenkul.com/mahalleler/guzelkent-mahallesi/cagdas-sistem-sitesi
70	2	7.5	https://www.siringayrimenkul.com/mahalleler/guzelkent-mahallesi/cozum-kent-sitesi
37	2	9.9	https://www.siringayrimenkul.com/mahalleler/guzelkent-mahallesi/eczacilar-sitesi
42	2	6.8	https://www.siringayrimenkul.com/mahalleler/guzelkent-mahallesi/er-ay-3-sitesi
81	2	8.0	https://www.siringayrimenkul.com/mahalleler/guzelkent-mahallesi/gozde-91-sitesi
9	2	5.6	https://www.siringayrimenkul.com/mahalleler/guzelkent-mahallesi/kardelen-sitesi
55	2	6.3	https://www.siringayrimenkul.com/mahalleler/guzelkent-mahallesi/kosk-sitesi
15	2	5.5	https://www.siringayrimenkul.com/mahalleler/guzelkent/1-portakal-cicegi-sitesi
80	2	8.8	https://www.siringayrimenkul.com/mahalleler/guzelkent/adalar/18469-1
46	2	6.5	https://www.siringayrimenkul.com/mahalleler/guzelkent/adalar/18652-1
55	2	6.7	https://www.siringayrimenkul.com/mahalleler/guzelkent/durtas-91-sitesi
58	2	7.1	https://www.siringayrimenkul.com/mahalleler/guzelkent/ulas-sitesi
127	2	7.4	https://www.siringayrimenkul.com/mahalleler/sehit-osman-avci-mahallesi/adalar/46631-1
58	2	8.4	https://www.siringayrimenkul.com/mahalleler/sehit-osman-avci-mahallesi/adalar/46645-1
63	2	9.4	https://www.siringayrimenkul.com/mahalleler/sehit-osman-avci-mahallesi/adalar/46657-5
93	2	7.5	https://www.siringayrimenkul.com/mahalleler/sehit-osman-avci-mahallesi/gokdemirler-suit
230	2	7.5	https://www.siringayrimenkul.com/mahalleler/sehit-osman-avci-mahallesi/goksukent-sitesi
203	2	7.5	https://www.siringayrimenkul.com/mahalleler/sehit-osman-avci-mahallesi/kiratli-residence
153	2	7.7	https://www.siringayrimenkul.com/mahalleler/sehit-osman-avci-mahallesi/maybak-sitesi
260	2	7.2	https://www.siringayrimenkul.com/mahalleler/sehit-osman-avci-mahallesi/safir-rezidans
107	2	5.8	https://www.siringayrimenkul.com/mahalleler/sehit-osman-avci-mahallesi/tureli-residence
22	2	9.1	https://www.siringayrimenkul.com/mahalleler/sehit-osman-avci/adalar/17460-1
146	2	6.5	https://www.siringayrimenkul.com/mahalleler/sehit-osman-avci/dalgic-residence
102	2	5.4	https://www.siringayrimenkul.com/mahalleler/sehit-osman-avci/happy-life-residence
208	2	7.3	https://www.siringayrimenkul.com/mahalleler/sehit-osman-avci/kiratli-residence
41	2	6.8	https://www.siringayrimenkul.com/mahalleler/sehit-osman-avci/metropark-plus
374	2	8.0	https://www.siringayrimenkul.com/mahalleler/seker-mahallesi/bahcen-eryaman-konutlari
5	2	5.0	https://www.siringayrimenkul.com/mahalleler/seyh-samil-mahallesi/adalar/17337-1
9	2	6.4	https://www.siringayrimenkul.com/mahalleler/seyh-samil-mahallesi/adalar/17358-1
37	2	7.4	https://www.siringayrimenkul.com/mahalleler/seyh-samil-mahallesi/adalar/46264-1
59	2	7.7	https://www.siringayrimenkul.com/mahalleler/seyh-samil-mahallesi/adalar/46266-1
184	2	9.0	https://www.siringayrimenkul.com/mahalleler/seyh-samil-mahallesi/atayildiz-yasam-konutlari
114	2	7.9	https://www.siringayrimenkul.com/mahalleler/seyh-samil-mahallesi/bizim-alperenler-sitesi
27	2	4.4	https://www.siringayrimenkul.com/mahalleler/seyh-samil-mahallesi/mavera-sitesi
24	2	6.6	https://www.siringayrimenkul.com/mahalleler/seyh-samil-mahallesi/oz-tamer-sitesi
40	2	7.8	https://www.siringayrimenkul.com/mahalleler/seyh-samil-mahallesi/taniskent-sitesi
25	2	7.8	https://www.siringayrimenkul.com/mahalleler/seyh-samil-mahallesi/tepe-bloklari
59	2	5.8	https://www.siringayrimenkul.com/mahalleler/seyh-samil-mahallesi/yesil-vadim-sitesi
65	2	7.5	https://www.siringayrimenkul.com/mahalleler/seyh-samil/gul-sitesi
54	2	6.5	https://www.siringayrimenkul.com/mahalleler/susuz-mahallesi/adalar/63368-6
88	2	9.7	https://www.siringayrimenkul.com/mahalleler/susuz-mahallesi/adalar/64515-3
53	2	7.6	https://www.siringayrimenkul.com/mahalleler/susuz-mahallesi/alya-park
66	2	6.2	https://www.siringayrimenkul.com/mahalleler/susuz-mahallesi/basak-life
72	2	8.0	https://www.siringayrimenkul.com/mahalleler/susuz-mahallesi/cag-life-sitesi
75	2	6.5	https://www.siringayrimenkul.com/mahalleler/susuz-mahallesi/dostlar-birikim-sitesi
305	2	7.7	https://www.siringayrimenkul.com/mahalleler/susuz-mahallesi/goksu-hisar-evleri
102	2	8.7	https://www.siringayrimenkul.com/mahalleler/susuz-mahallesi/lilyum-sitesi
171	2	7.7	https://www.siringayrimenkul.com/mahalleler/susuz-mahallesi/mahal-cag-sitesi
124	2	7.0	https://www.siringayrimenkul.com/mahalleler/susuz-mahallesi/palas-eryaman
173	2	8.0	https://www.siringayrimenkul.com/mahalleler/susuz-mahallesi/paradise-goksu
48	2	7.0	https://www.siringayrimenkul.com/mahalleler/susuz/adalar/63368-6
100	2	7.8	https://www.siringayrimenkul.com/mahalleler/susuz/cag-life-sitesi
45	2	7.4	https://www.siringayrimenkul.com/mahalleler/susuz/lilyum-sitesi
82	2	4.9	https://www.siringayrimenkul.com/mahalleler/susuz/saritas-seyir-evleri
17	2	9.9	https://www.siringayrimenkul.com/mahalleler/susuz/sky-goksu
65	2	8.4	https://www.siringayrimenkul.com/mahalleler/tunahan-mahallesi/kur-sitesi-46496-ada
56	2	7.2	https://www.siringayrimenkul.com/mahalleler/tunahan-mahallesi/stfa-bloklari
269	2	9.6	https://www.siringayrimenkul.com/mahalleler/yavuz-selim
183	2	8.7	https://www.siringayrimenkul.com/mahalleler/yavuz-selim-mahallesi
129	2	9.2	https://www.siringayrimenkul.com/mahalleler/yavuz-selim-mahallesi/adalar/46433-1
20	2	6.2	https://www.siringayrimenkul.com/mahalleler/yavuz-selim-mahallesi/baskent-sular-sitesi
51	2	8.4	https://www.siringayrimenkul.com/mahalleler/yavuz-selim-mahallesi/bizim-sirinkoy-sitesi
39	2	6.9	https://www.siringayrimenkul.com/mahalleler/yavuz-selim-mahallesi/doktorlar-sitesi
80	2	7.1	https://www.siringayrimenkul.com/mahalleler/yavuz-selim-mahallesi/kirkayak-sitesi
47	2	7.8	https://www.siringayrimenkul.com/mahalleler/yavuz-selim-mahallesi/metrokent-villalari
69	2	7.8	https://www.siringayrimenkul.com/mahalleler/yavuz-selim-mahallesi/taskent-sitesi
66	2	9.3	https://www.siringayrimenkul.com/mahalleler/yavuz-selim/adalar/46232-1
113	2	7.8	https://www.siringayrimenkul.com/mahalleler/yavuz-selim/adalar/46433-1
158	1	35.9	https://www.siringayrimenkul.com/araclar/emlak-komisyonu-hesaplama
151	1	37.0	https://www.siringayrimenkul.com/araclar/kira-artisi-hesaplama
31	1	8.4	https://www.siringayrimenkul.com/blog
156	1	33.9	https://www.siringayrimenkul.com/blog/emlakci-komisyonu-nasil-isler
32	1	7.0	https://www.siringayrimenkul.com/blog/eryamanda-ev-alirken-dikkat-edilmesi-gerekenler
4	1	4.3	https://www.siringayrimenkul.com/blog/eryamanda-ev-satis-sureci
96	1	15.8	https://www.siringayrimenkul.com/blog/ev-satarken-odenecek-vergiler
28	1	8.9	https://www.siringayrimenkul.com/blog/evinizi-satisa-hazirlamak
32	1	5.6	https://www.siringayrimenkul.com/blog/goksu-mahallesinde-yasam
23	1	8.6	https://www.siringayrimenkul.com/blog/sehit-osman-avci-mahallesinde-yasam
35	1	12.4	https://www.siringayrimenkul.com/blog/tapu-ada-parsel-nasil-okunur
79	1	7.6	https://www.siringayrimenkul.com/blog/tunahan-mahallesinde-yasam
28	1	7.3	https://www.siringayrimenkul.com/blog/yavuz-selim-mahallesinde-yasam
35	1	7.3	https://www.siringayrimenkul.com/blog/yesilova-mahallesinde-yasam
2	1	6.5	https://www.siringayrimenkul.com/mahalleler/altay-mahallesi/adalar/17502-1
14	1	8.6	https://www.siringayrimenkul.com/mahalleler/altay-mahallesi/adalar/17536-1
33	1	9.1	https://www.siringayrimenkul.com/mahalleler/altay-mahallesi/adalar/45898-2
70	1	9.1	https://www.siringayrimenkul.com/mahalleler/altay-mahallesi/adalar/46403-5
145	1	7.8	https://www.siringayrimenkul.com/mahalleler/altay-mahallesi/age-bloklari
111	1	8.0	https://www.siringayrimenkul.com/mahalleler/altay-mahallesi/arya-nuans-residence
28	1	7.0	https://www.siringayrimenkul.com/mahalleler/altay-mahallesi/palmiye-evleri
43	1	6.1	https://www.siringayrimenkul.com/mahalleler/altay-mahallesi/pembe-ruya-evleri
5	1	10.4	https://www.siringayrimenkul.com/mahalleler/altay/akturk-bloklari
136	1	8.6	https://www.siringayrimenkul.com/mahalleler/ata
97	1	9.8	https://www.siringayrimenkul.com/mahalleler/ata-mahallesi/adalar/44753-2
15	1	12.9	https://www.siringayrimenkul.com/mahalleler/ata-mahallesi/adalar/44765-1
62	1	9.0	https://www.siringayrimenkul.com/mahalleler/ata-mahallesi/adalar/45836-1
7	1	9.9	https://www.siringayrimenkul.com/mahalleler/ata-mahallesi/adalar/46195-1
110	1	8.5	https://www.siringayrimenkul.com/mahalleler/ata-mahallesi/adalar/46213-1
150	1	7.8	https://www.siringayrimenkul.com/mahalleler/ata-mahallesi/adalar/46409-1
50	1	9.2	https://www.siringayrimenkul.com/mahalleler/ata-mahallesi/adalar/46413-1
6	1	9.7	https://www.siringayrimenkul.com/mahalleler/ata-mahallesi/adalar/46425-1
40	1	6.4	https://www.siringayrimenkul.com/mahalleler/ata-mahallesi/ata-life-sitesi
24	1	8.0	https://www.siringayrimenkul.com/mahalleler/ata-mahallesi/demirkent-on-sitesi
104	1	7.0	https://www.siringayrimenkul.com/mahalleler/ata-mahallesi/gozde-evler-sitesi
67	1	9.3	https://www.siringayrimenkul.com/mahalleler/ata-mahallesi/kainat-evler-2
178	1	6.5	https://www.siringayrimenkul.com/mahalleler/ata-mahallesi/prestij-park-konutlari
193	1	8.0	https://www.siringayrimenkul.com/mahalleler/ata-mahallesi/ruyakent-sitesi
79	1	5.2	https://www.siringayrimenkul.com/mahalleler/ata-mahallesi/senser-sitesi
137	1	9.6	https://www.siringayrimenkul.com/mahalleler/ata-mahallesi/tuana-evleri
12	1	10.3	https://www.siringayrimenkul.com/mahalleler/ata/adalar/44776-2
24	1	10.3	https://www.siringayrimenkul.com/mahalleler/ata/adalar/46212-2
47	1	9.5	https://www.siringayrimenkul.com/mahalleler/ata/adalar/46259-1
154	1	10.1	https://www.siringayrimenkul.com/mahalleler/ata/adalar/46412-1
24	1	10.2	https://www.siringayrimenkul.com/mahalleler/ata/adalar/46418-1
74	1	8.8	https://www.siringayrimenkul.com/mahalleler/ata/akonur-sitesi
149	1	6.5	https://www.siringayrimenkul.com/mahalleler/ata/ata-life-sitesi
77	1	9.3	https://www.siringayrimenkul.com/mahalleler/ata/atasehir-eryaman-konutlari
100	1	7.0	https://www.siringayrimenkul.com/mahalleler/ata/aydinkent-sitesi
60	1	5.6	https://www.siringayrimenkul.com/mahalleler/ata/ayyildiz-sitesi
129	1	8.0	https://www.siringayrimenkul.com/mahalleler/ata/billur-sitesi
31	1	7.5	https://www.siringayrimenkul.com/mahalleler/ata/cagdas-onur-sitesi
41	1	6.1	https://www.siringayrimenkul.com/mahalleler/ata/demirkent-on-sitesi
112	1	8.8	https://www.siringayrimenkul.com/mahalleler/ata/dogasu-evleri
48	1	6.1	https://www.siringayrimenkul.com/mahalleler/ata/emin-guven-sitesi
59	1	7.6	https://www.siringayrimenkul.com/mahalleler/ata/erkent-umut-sitesi
13	1	8.9	https://www.siringayrimenkul.com/mahalleler/ata/gulkent-konutlari
56	1	8.4	https://www.siringayrimenkul.com/mahalleler/ata/mavi-ladin-konut
14	1	4.9	https://www.siringayrimenkul.com/mahalleler/ata/mercankent-manzara-evleri
14	1	6.1	https://www.siringayrimenkul.com/mahalleler/ata/mizan-sitesi
144	1	9.0	https://www.siringayrimenkul.com/mahalleler/ata/mutlu-sitesi
73	1	8.3	https://www.siringayrimenkul.com/mahalleler/ata/parkyaman-evleri
141	1	6.2	https://www.siringayrimenkul.com/mahalleler/ata/sumeyra-2-sitesi
68	1	9.7	https://www.siringayrimenkul.com/mahalleler/ata/tuana-evleri
75	1	8.1	https://www.siringayrimenkul.com/mahalleler/ata/twin-towers-eryaman
85	1	9.3	https://www.siringayrimenkul.com/mahalleler/cumhuriyet
31	1	9.1	https://www.siringayrimenkul.com/mahalleler/cumhuriyet-mahallesi/adalar/62661-2
132	1	8.3	https://www.siringayrimenkul.com/mahalleler/cumhuriyet-mahallesi/adalar/62662-2
17	1	8.0	https://www.siringayrimenkul.com/mahalleler/cumhuriyet-mahallesi/adalar/62669-1
67	1	9.1	https://www.siringayrimenkul.com/mahalleler/cumhuriyet-mahallesi/adalar/62673-1
40	1	7.6	https://www.siringayrimenkul.com/mahalleler/cumhuriyet-mahallesi/adalar/62684-2
70	1	9.2	https://www.siringayrimenkul.com/mahalleler/cumhuriyet-mahallesi/adalar/62690-2
46	1	9.2	https://www.siringayrimenkul.com/mahalleler/cumhuriyet-mahallesi/adalar/63261-1
67	1	7.2	https://www.siringayrimenkul.com/mahalleler/cumhuriyet-mahallesi/adalar/63261-7
36	1	10.3	https://www.siringayrimenkul.com/mahalleler/cumhuriyet-mahallesi/adalar/63262-3
141	1	8.7	https://www.siringayrimenkul.com/mahalleler/cumhuriyet-mahallesi/astim-skypark
35	1	8.8	https://www.siringayrimenkul.com/mahalleler/cumhuriyet-mahallesi/bati-life-evleri
51	1	8.1	https://www.siringayrimenkul.com/mahalleler/cumhuriyet-mahallesi/botanik-sitesi
17	1	6.5	https://www.siringayrimenkul.com/mahalleler/cumhuriyet-mahallesi/cakirpark
41	1	11.4	https://www.siringayrimenkul.com/mahalleler/cumhuriyet-mahallesi/mood-goksu
68	1	4.7	https://www.siringayrimenkul.com/mahalleler/cumhuriyet-mahallesi/nar-gulu-1-sitesi
18	1	6.6	https://www.siringayrimenkul.com/mahalleler/cumhuriyet-mahallesi/oz-ugur-sitesi
30	1	5.4	https://www.siringayrimenkul.com/mahalleler/cumhuriyet-mahallesi/paryap-west-life
31	1	9.3	https://www.siringayrimenkul.com/mahalleler/cumhuriyet/adalar/43252-2
10	1	8.0	https://www.siringayrimenkul.com/mahalleler/cumhuriyet/adalar/43264-8
20	1	8.9	https://www.siringayrimenkul.com/mahalleler/cumhuriyet/adalar/62659-2
15	1	10.0	https://www.siringayrimenkul.com/mahalleler/cumhuriyet/adalar/62669-1
108	1	9.5	https://www.siringayrimenkul.com/mahalleler/cumhuriyet/adalar/62681-1
19	1	9.4	https://www.siringayrimenkul.com/mahalleler/cumhuriyet/adalar/63261-7
27	1	8.3	https://www.siringayrimenkul.com/mahalleler/cumhuriyet/adalar/63262-3
102	1	7.0	https://www.siringayrimenkul.com/mahalleler/cumhuriyet/adalar/63262-5
71	1	9.5	https://www.siringayrimenkul.com/mahalleler/cumhuriyet/adalar/63268-1
112	1	7.5	https://www.siringayrimenkul.com/mahalleler/cumhuriyet/ankalux-residence
57	1	6.8	https://www.siringayrimenkul.com/mahalleler/cumhuriyet/ap-istway
63	1	8.0	https://www.siringayrimenkul.com/mahalleler/cumhuriyet/astim-skypark
57	1	8.0	https://www.siringayrimenkul.com/mahalleler/cumhuriyet/ata-yildiz-bati-konutlari
29	1	9.2	https://www.siringayrimenkul.com/mahalleler/cumhuriyet/bati-life-evleri
106	1	9.5	https://www.siringayrimenkul.com/mahalleler/cumhuriyet/botanik-park-evleri
24	1	7.7	https://www.siringayrimenkul.com/mahalleler/cumhuriyet/botanik-sitesi
44	1	7.3	https://www.siringayrimenkul.com/mahalleler/cumhuriyet/bulvar-yasam-konutlari
140	1	6.9	https://www.siringayrimenkul.com/mahalleler/cumhuriyet/cimtas-goksu-konutlari
39	1	8.3	https://www.siringayrimenkul.com/mahalleler/cumhuriyet/kasmir-yonca
69	1	8.0	https://www.siringayrimenkul.com/mahalleler/cumhuriyet/natural-konutlari
72	1	9.1	https://www.siringayrimenkul.com/mahalleler/cumhuriyet/nover-westlife
38	1	8.0	https://www.siringayrimenkul.com/mahalleler/cumhuriyet/park-sera-evleri
105	1	8.6	https://www.siringayrimenkul.com/mahalleler/cumhuriyet/zirveden-bati
20	1	8.5	https://www.siringayrimenkul.com/mahalleler/devlet-mahallesi/adalar/18684-1
43	1	9.9	https://www.siringayrimenkul.com/mahalleler/devlet-mahallesi/adalar/18695-1
17	1	11.5	https://www.siringayrimenkul.com/mahalleler/devlet-mahallesi/adalar/18701-1
62	1	8.7	https://www.siringayrimenkul.com/mahalleler/devlet-mahallesi/adalar/18706-1
74	1	9.8	https://www.siringayrimenkul.com/mahalleler/devlet-mahallesi/adalar/18707-1
65	1	7.4	https://www.siringayrimenkul.com/mahalleler/devlet-mahallesi/betim-sitesi
93	1	8.0	https://www.siringayrimenkul.com/mahalleler/devlet-mahallesi/cagkent-sitesi
13	1	4.2	https://www.siringayrimenkul.com/mahalleler/devlet-mahallesi/cayilkay-sitesi
63	1	7.7	https://www.siringayrimenkul.com/mahalleler/devlet-mahallesi/cevizlidere-sitesi
25	1	4.5	https://www.siringayrimenkul.com/mahalleler/devlet-mahallesi/hotki-meydan
26	1	6.2	https://www.siringayrimenkul.com/mahalleler/devlet-mahallesi/ozarda-gokturk-sitesi
25	1	7.4	https://www.siringayrimenkul.com/mahalleler/devlet-mahallesi/referans-ankara
16	1	6.6	https://www.siringayrimenkul.com/mahalleler/devlet-mahallesi/selcuklu-sitesi
88	1	5.3	https://www.siringayrimenkul.com/mahalleler/devlet-mahallesi/turgut-aslan-sitesi
26	1	10.4	https://www.siringayrimenkul.com/mahalleler/devlet/adalar/18676-1
37	1	7.1	https://www.siringayrimenkul.com/mahalleler/devlet/oray-sitesi
44	1	8.6	https://www.siringayrimenkul.com/mahalleler/devlet/turkkonut-istas-sitesi
191	1	12.7	https://www.siringayrimenkul.com/mahalleler/eryaman
34	1	5.5	https://www.siringayrimenkul.com/mahalleler/eryaman-mahallesi/adalar/45924-1
46	1	7.2	https://www.siringayrimenkul.com/mahalleler/eryaman-mahallesi/ayka-park-sitesi
88	1	8.6	https://www.siringayrimenkul.com/mahalleler/eryaman-mahallesi/bahar-sitesi
54	1	7.2	https://www.siringayrimenkul.com/mahalleler/eryaman-mahallesi/dogankaya-sitesi
47	1	7.3	https://www.siringayrimenkul.com/mahalleler/eryaman-mahallesi/elif-elvan-sitesi
22	1	8.7	https://www.siringayrimenkul.com/mahalleler/eryaman-mahallesi/eryaman-evleri
30	1	8.3	https://www.siringayrimenkul.com/mahalleler/eryaman-mahallesi/gunotesi-sitesi
56	1	5.7	https://www.siringayrimenkul.com/mahalleler/eryaman-mahallesi/hassas-cizgi-sitesi
114	1	6.7	https://www.siringayrimenkul.com/mahalleler/eryaman-mahallesi/ilke-sitesi
113	1	7.3	https://www.siringayrimenkul.com/mahalleler/eryaman-mahallesi/intes-dogakent-konutlari
25	1	10.3	https://www.siringayrimenkul.com/mahalleler/eryaman-mahallesi/maximum-konutlari
92	1	7.7	https://www.siringayrimenkul.com/mahalleler/eryaman-mahallesi/platin-konutlari
23	1	7.8	https://www.siringayrimenkul.com/mahalleler/eryaman-mahallesi/turk-konut-calisanlar-sitesi
46	1	7.0	https://www.siringayrimenkul.com/mahalleler/eryaman-mahallesi/yeni-yayikli-sitesi
29	1	11.9	https://www.siringayrimenkul.com/mahalleler/eryaman/adalar/45918-2
60	1	9.3	https://www.siringayrimenkul.com/mahalleler/eryaman/adalar/45919-4
14	1	9.4	https://www.siringayrimenkul.com/mahalleler/eryaman/adalar/45923-1
28	1	8.3	https://www.siringayrimenkul.com/mahalleler/eryaman/adalar/46385-7
28	1	8.6	https://www.siringayrimenkul.com/mahalleler/eryaman/adalar/46528-1
280	1	10.2	https://www.siringayrimenkul.com/mahalleler/eryaman/adalar/46535-2
22	1	8.1	https://www.siringayrimenkul.com/mahalleler/eryaman/adalar/46544-1
65	1	8.9	https://www.siringayrimenkul.com/mahalleler/eryaman/adalar/48297-1
73	1	7.5	https://www.siringayrimenkul.com/mahalleler/eryaman/armina-park-evleri
9	1	7.9	https://www.siringayrimenkul.com/mahalleler/eryaman/eryaman-evleri
45	1	7.2	https://www.siringayrimenkul.com/mahalleler/eryaman/pasa-konaklari
50	1	8.2	https://www.siringayrimenkul.com/mahalleler/goksu-mahallesi/adalar/46457-1
41	1	10.2	https://www.siringayrimenkul.com/mahalleler/goksu-mahallesi/adalar/46480-1
46	1	8.7	https://www.siringayrimenkul.com/mahalleler/goksu-mahallesi/adalar/48056-1
36	1	10.9	https://www.siringayrimenkul.com/mahalleler/goksu-mahallesi/adalar/63933-2
93	1	7.4	https://www.siringayrimenkul.com/mahalleler/goksu-mahallesi/admira-goksu-konutlari
66	1	7.2	https://www.siringayrimenkul.com/mahalleler/goksu-mahallesi/doga-konutlari
37	1	7.5	https://www.siringayrimenkul.com/mahalleler/goksu-mahallesi/goksu-aura-sitesi
21	1	7.0	https://www.siringayrimenkul.com/mahalleler/goksu-mahallesi/goksu-evleri-sitesi
55	1	9.2	https://www.siringayrimenkul.com/mahalleler/goksu-mahallesi/goksu-manzara-evleri
61	1	10.1	https://www.siringayrimenkul.com/mahalleler/goksu-mahallesi/goksu-vadi-konutlari
33	1	9.1	https://www.siringayrimenkul.com/mahalleler/goksu-mahallesi/golkent-sitesi
10	1	6.6	https://www.siringayrimenkul.com/mahalleler/goksu-mahallesi/ma1-tower
245	1	10.8	https://www.siringayrimenkul.com/mahalleler/goksu-mahallesi/oyak-goksupark
43	1	8.7	https://www.siringayrimenkul.com/mahalleler/goksu-mahallesi/uzunali-goksu-konutlari
103	1	9.7	https://www.siringayrimenkul.com/mahalleler/goksu-mahallesi/zirveden-goksu
1	1	4.0	https://www.siringayrimenkul.com/mahalleler/goksu/adalar/48147-1
55	1	7.6	https://www.siringayrimenkul.com/mahalleler/goksu/adalar/63380-2
7	1	5.4	https://www.siringayrimenkul.com/mahalleler/goksu/adalar/63391-5
76	1	8.2	https://www.siringayrimenkul.com/mahalleler/goksu/adalar/63406-1
46	1	7.0	https://www.siringayrimenkul.com/mahalleler/goksu/ilgaz-life
335	1	10.4	https://www.siringayrimenkul.com/mahalleler/goksu/kasmir-gol-evleri
223	1	7.6	https://www.siringayrimenkul.com/mahalleler/goksu/polsan1-ayisigi-sitesi
14	1	7.6	https://www.siringayrimenkul.com/mahalleler/goksu/tulip-life
12	1	5.0	https://www.siringayrimenkul.com/mahalleler/goksu/uzuner-sitesi
127	1	8.7	https://www.siringayrimenkul.com/mahalleler/guzelkent-mahallesi
31	1	6.5	https://www.siringayrimenkul.com/mahalleler/guzelkent-mahallesi/adalar/18468-1
7	1	9.6	https://www.siringayrimenkul.com/mahalleler/guzelkent-mahallesi/adalar/18487-1
26	1	9.2	https://www.siringayrimenkul.com/mahalleler/guzelkent-mahallesi/adalar/18516-1
51	1	8.2	https://www.siringayrimenkul.com/mahalleler/guzelkent-mahallesi/adalar/18650-1
12	1	9.7	https://www.siringayrimenkul.com/mahalleler/guzelkent-mahallesi/adalar/18653-1
16	1	8.5	https://www.siringayrimenkul.com/mahalleler/guzelkent-mahallesi/adalar/18668-1
42	1	6.8	https://www.siringayrimenkul.com/mahalleler/guzelkent-mahallesi/anadolu-sitesi
62	1	7.3	https://www.siringayrimenkul.com/mahalleler/guzelkent-mahallesi/asilkent-sitesi
77	1	7.9	https://www.siringayrimenkul.com/mahalleler/guzelkent-mahallesi/cankaya-vefa-sitesi
31	1	6.4	https://www.siringayrimenkul.com/mahalleler/guzelkent-mahallesi/durtas-91-sitesi
30	1	5.2	https://www.siringayrimenkul.com/mahalleler/guzelkent-mahallesi/kucuk-ankara-villalari
18	1	6.7	https://www.siringayrimenkul.com/mahalleler/guzelkent-mahallesi/pinarkent-91-sitesi
33	1	6.5	https://www.siringayrimenkul.com/mahalleler/guzelkent-mahallesi/ritim-eryaman
27	1	7.0	https://www.siringayrimenkul.com/mahalleler/guzelkent-mahallesi/yayikli-2-sitesi
31	1	7.4	https://www.siringayrimenkul.com/mahalleler/guzelkent-mahallesi/yesimkent
4	1	10.8	https://www.siringayrimenkul.com/mahalleler/guzelkent/adalar/18462-1
16	1	7.9	https://www.siringayrimenkul.com/mahalleler/guzelkent/adalar/18477-1
17	1	9.3	https://www.siringayrimenkul.com/mahalleler/guzelkent/adalar/18480-1
11	1	10.1	https://www.siringayrimenkul.com/mahalleler/guzelkent/adalar/18507-1
58	1	8.5	https://www.siringayrimenkul.com/mahalleler/guzelkent/adalar/18653-1
16	1	8.6	https://www.siringayrimenkul.com/mahalleler/guzelkent/adalar/18668-1
61	1	7.6	https://www.siringayrimenkul.com/mahalleler/guzelkent/er-ay-3-sitesi
48	1	6.7	https://www.siringayrimenkul.com/mahalleler/guzelkent/gercek-92-sitesi
9	1	6.2	https://www.siringayrimenkul.com/mahalleler/guzelkent/konuta-ozlem-sitesi
21	1	5.7	https://www.siringayrimenkul.com/mahalleler/guzelkent/oz-muhtar-sitesi
50	1	7.7	https://www.siringayrimenkul.com/mahalleler/guzelkent/ozle-iletisim-sitesi
33	1	7.2	https://www.siringayrimenkul.com/mahalleler/guzelkent/postakent-sitesi
33	1	4.5	https://www.siringayrimenkul.com/mahalleler/guzelkent/sehit-ferhat-koc-sitesi
15	1	9.3	https://www.siringayrimenkul.com/mahalleler/guzelkent/yeni-isikent-sitesi
60	1	9.0	https://www.siringayrimenkul.com/mahalleler/sehit-osman-avci-mahallesi/adalar/46620-5
44	1	7.9	https://www.siringayrimenkul.com/mahalleler/sehit-osman-avci-mahallesi/adalar/46646-1
56	1	7.9	https://www.siringayrimenkul.com/mahalleler/sehit-osman-avci-mahallesi/adalar/46653-1
104	1	7.7	https://www.siringayrimenkul.com/mahalleler/sehit-osman-avci-mahallesi/adalar/46654-8
53	1	7.6	https://www.siringayrimenkul.com/mahalleler/sehit-osman-avci-mahallesi/ahikent-sitesi
42	1	6.6	https://www.siringayrimenkul.com/mahalleler/sehit-osman-avci-mahallesi/atalay-sitesi
302	1	8.3	https://www.siringayrimenkul.com/mahalleler/sehit-osman-avci-mahallesi/bordo-life-residence
65	1	6.5	https://www.siringayrimenkul.com/mahalleler/sehit-osman-avci-mahallesi/bp-residence-eryaman
18	1	5.3	https://www.siringayrimenkul.com/mahalleler/sehit-osman-avci-mahallesi/ela-concept-evleri
35	1	5.2	https://www.siringayrimenkul.com/mahalleler/sehit-osman-avci-mahallesi/gungorler-tower
96	1	6.6	https://www.siringayrimenkul.com/mahalleler/sehit-osman-avci-mahallesi/neva-butik-home
31	1	5.6	https://www.siringayrimenkul.com/mahalleler/sehit-osman-avci-mahallesi/odevci-sitesi
96	1	7.2	https://www.siringayrimenkul.com/mahalleler/sehit-osman-avci-mahallesi/zekioglu-rezidans
3	1	7.3	https://www.siringayrimenkul.com/mahalleler/sehit-osman-avci/adalar/17461-1
18	1	7.8	https://www.siringayrimenkul.com/mahalleler/sehit-osman-avci/adalar/17462-1
6	1	9.0	https://www.siringayrimenkul.com/mahalleler/sehit-osman-avci/adalar/17469-1
10	1	13.8	https://www.siringayrimenkul.com/mahalleler/sehit-osman-avci/adalar/46620-3
29	1	13.4	https://www.siringayrimenkul.com/mahalleler/sehit-osman-avci/adalar/46622-1
27	1	8.3	https://www.siringayrimenkul.com/mahalleler/sehit-osman-avci/adalar/46628-7
18	1	8.3	https://www.siringayrimenkul.com/mahalleler/sehit-osman-avci/adalar/46643-4
68	1	8.4	https://www.siringayrimenkul.com/mahalleler/sehit-osman-avci/adalar/46643-7
152	1	9.6	https://www.siringayrimenkul.com/mahalleler/sehit-osman-avci/adalar/46658-3
46	1	9.2	https://www.siringayrimenkul.com/mahalleler/sehit-osman-avci/adalar/46660-1
25	1	7.3	https://www.siringayrimenkul.com/mahalleler/sehit-osman-avci/adalar/46664-1
27	1	8.3	https://www.siringayrimenkul.com/mahalleler/sehit-osman-avci/akin-689-konutlari
79	1	8.5	https://www.siringayrimenkul.com/mahalleler/sehit-osman-avci/bordo-life-residence
3	1	5.0	https://www.siringayrimenkul.com/mahalleler/sehit-osman-avci/bossphorus-konutlari
93	1	7.7	https://www.siringayrimenkul.com/mahalleler/sehit-osman-avci/bulvar-1071-sitesi
47	1	7.2	https://www.siringayrimenkul.com/mahalleler/sehit-osman-avci/kazim-sari-sitesi
217	1	10.7	https://www.siringayrimenkul.com/mahalleler/sehit-osman-avci/relax-goksu-konutlari
62	1	7.7	https://www.siringayrimenkul.com/mahalleler/seker-mahallesi
46	1	10.3	https://www.siringayrimenkul.com/mahalleler/seker-mahallesi/adalar/46360-3
126	1	7.2	https://www.siringayrimenkul.com/mahalleler/seker-mahallesi/adalar/46361-7
16	1	8.9	https://www.siringayrimenkul.com/mahalleler/seker-mahallesi/adalar/46362-2
288	1	7.9	https://www.siringayrimenkul.com/mahalleler/seker-mahallesi/dort-mevsim-eryaman-konutlari
71	1	7.0	https://www.siringayrimenkul.com/mahalleler/seker-mahallesi/meydan-cadde
224	1	7.8	https://www.siringayrimenkul.com/mahalleler/seker-mahallesi/oasis-rezidans
21	1	9.7	https://www.siringayrimenkul.com/mahalleler/seker/adalar/46368-9
61	1	6.2	https://www.siringayrimenkul.com/mahalleler/seker/rainbow-sitesi
12	1	5.2	https://www.siringayrimenkul.com/mahalleler/seker/relax-line
9	1	6.0	https://www.siringayrimenkul.com/mahalleler/seyh-samil-mahallesi/adalar/17334-1
13	1	8.7	https://www.siringayrimenkul.com/mahalleler/seyh-samil-mahallesi/adalar/17347-1
18	1	15.8	https://www.siringayrimenkul.com/mahalleler/seyh-samil-mahallesi/adalar/17365-1
16	1	9.3	https://www.siringayrimenkul.com/mahalleler/seyh-samil-mahallesi/adalar/46489-1
8	1	5.9	https://www.siringayrimenkul.com/mahalleler/seyh-samil-mahallesi/ak-kent-sitesi
24	1	4.9	https://www.siringayrimenkul.com/mahalleler/seyh-samil-mahallesi/baris-sitesi
43	1	6.2	https://www.siringayrimenkul.com/mahalleler/seyh-samil-mahallesi/etaplar/3
48	1	6.6	https://www.siringayrimenkul.com/mahalleler/seyh-samil-mahallesi/genc-efes-sitesi
27	1	8.7	https://www.siringayrimenkul.com/mahalleler/seyh-samil-mahallesi/ilk-umut-sitesi
6	1	3.5	https://www.siringayrimenkul.com/mahalleler/seyh-samil-mahallesi/ilksebat-sitesi
53	1	5.0	https://www.siringayrimenkul.com/mahalleler/seyh-samil-mahallesi/nisan-sitesi
23	1	7.9	https://www.siringayrimenkul.com/mahalleler/seyh-samil-mahallesi/ovgu-iletisim-sitesi
22	1	8.0	https://www.siringayrimenkul.com/mahalleler/seyh-samil-mahallesi/ozahikent-sitesi
10	1	6.6	https://www.siringayrimenkul.com/mahalleler/seyh-samil-mahallesi/serender-sitesi
141	1	8.1	https://www.siringayrimenkul.com/mahalleler/seyh-samil-mahallesi/tekser-bloklari
216	1	7.4	https://www.siringayrimenkul.com/mahalleler/seyh-samil-mahallesi/umar-sitesi
14	1	10.3	https://www.siringayrimenkul.com/mahalleler/seyh-samil-mahallesi/umut-sitesi
49	1	7.6	https://www.siringayrimenkul.com/mahalleler/seyh-samil-mahallesi/yeni-burak-sitesi
9	1	7.7	https://www.siringayrimenkul.com/mahalleler/seyh-samil-mahallesi/yunus-emre-cagdas-sitesi
36	1	7.0	https://www.siringayrimenkul.com/mahalleler/seyh-samil/adalar/17322-1
7	1	7.4	https://www.siringayrimenkul.com/mahalleler/seyh-samil/adalar/17337-1
28	1	7.5	https://www.siringayrimenkul.com/mahalleler/seyh-samil/adalar/17346-1
40	1	9.6	https://www.siringayrimenkul.com/mahalleler/seyh-samil/adalar/46222-1
13	1	8.2	https://www.siringayrimenkul.com/mahalleler/seyh-samil/adalar/46223-3
57	1	8.9	https://www.siringayrimenkul.com/mahalleler/seyh-samil/adalar/46261-1
39	1	9.8	https://www.siringayrimenkul.com/mahalleler/seyh-samil/adalar/46263-3
24	1	9.0	https://www.siringayrimenkul.com/mahalleler/seyh-samil/adalar/46264-1
7	1	6.0	https://www.siringayrimenkul.com/mahalleler/seyh-samil/adalar/46268-4
26	1	6.9	https://www.siringayrimenkul.com/mahalleler/seyh-samil/adalar/46269-4
111	1	8.7	https://www.siringayrimenkul.com/mahalleler/seyh-samil/eston-2-sitesi
187	1	8.8	https://www.siringayrimenkul.com/mahalleler/seyh-samil/ozahikent-sitesi
99	1	21.5	https://www.siringayrimenkul.com/mahalleler/seyh-samil/umar-sitesi
29	1	7.2	https://www.siringayrimenkul.com/mahalleler/susuz-mahallesi/adalar/44784-1
1	1	1.0	https://www.siringayrimenkul.com/mahalleler/susuz-mahallesi/adalar/46188-1
41	1	8.2	https://www.siringayrimenkul.com/mahalleler/susuz-mahallesi/adalar/63275-1
66	1	9.7	https://www.siringayrimenkul.com/mahalleler/susuz-mahallesi/adalar/63343-2
38	1	8.1	https://www.siringayrimenkul.com/mahalleler/susuz-mahallesi/adalar/63360-1
28	1	6.1	https://www.siringayrimenkul.com/mahalleler/susuz-mahallesi/adalar/63360-4
27	1	5.3	https://www.siringayrimenkul.com/mahalleler/susuz-mahallesi/adalar/63379-1
34	1	7.4	https://www.siringayrimenkul.com/mahalleler/susuz-mahallesi/adalar/63380-3
10	1	7.2	https://www.siringayrimenkul.com/mahalleler/susuz-mahallesi/adalar/64515-1
37	1	8.5	https://www.siringayrimenkul.com/mahalleler/susuz-mahallesi/adalar/64526-3
31	1	9.2	https://www.siringayrimenkul.com/mahalleler/susuz-mahallesi/ap-forest-gate
161	1	7.3	https://www.siringayrimenkul.com/mahalleler/susuz-mahallesi/bordo-gol-evleri
16	1	6.3	https://www.siringayrimenkul.com/mahalleler/susuz-mahallesi/bulut-kule
61	1	6.7	https://www.siringayrimenkul.com/mahalleler/susuz-mahallesi/neovadi-konutlari
67	1	7.7	https://www.siringayrimenkul.com/mahalleler/susuz-mahallesi/sky-goksu
2	1	23.0	https://www.siringayrimenkul.com/mahalleler/susuz/adalar/46185-1
1	1	57.0	https://www.siringayrimenkul.com/mahalleler/susuz/adalar/46186-1
62	1	8.0	https://www.siringayrimenkul.com/mahalleler/susuz/adalar/63331-4
8	1	3.9	https://www.siringayrimenkul.com/mahalleler/susuz/adalar/63360-4
5	1	8.8	https://www.siringayrimenkul.com/mahalleler/susuz/adalar/63368-3
52	1	9.2	https://www.siringayrimenkul.com/mahalleler/susuz/adalar/63376-6
16	1	10.5	https://www.siringayrimenkul.com/mahalleler/susuz/adalar/63384-1
7	1	7.9	https://www.siringayrimenkul.com/mahalleler/susuz/adalar/63387-2
10	1	8.7	https://www.siringayrimenkul.com/mahalleler/susuz/alya-park
12	1	7.8	https://www.siringayrimenkul.com/mahalleler/susuz/bella-garden
61	1	7.9	https://www.siringayrimenkul.com/mahalleler/susuz/duru-life-konutlari
42	1	8.9	https://www.siringayrimenkul.com/mahalleler/susuz/ende-yasam
166	1	6.7	https://www.siringayrimenkul.com/mahalleler/susuz/goksu-hisar-evleri
28	1	8.6	https://www.siringayrimenkul.com/mahalleler/susuz/goksu-marina
12	1	8.2	https://www.siringayrimenkul.com/mahalleler/susuz/major-goksu
38	1	8.2	https://www.siringayrimenkul.com/mahalleler/susuz/maviler-ipek
83	1	8.1	https://www.siringayrimenkul.com/mahalleler/susuz/palas-eryaman
80	1	7.6	https://www.siringayrimenkul.com/mahalleler/susuz/perla-life
54	1	6.9	https://www.siringayrimenkul.com/mahalleler/susuz/serline-konutlari
17	1	8.2	https://www.siringayrimenkul.com/mahalleler/susuz/tatli-yamac-palmiye-evleri
72	1	8.3	https://www.siringayrimenkul.com/mahalleler/susuz/vera-life-goksu
32	1	8.6	https://www.siringayrimenkul.com/mahalleler/tunahan-mahallesi/adalar/17632-1
20	1	7.2	https://www.siringayrimenkul.com/mahalleler/tunahan-mahallesi/adalar/17644-1
36	1	7.8	https://www.siringayrimenkul.com/mahalleler/tunahan-mahallesi/adalar/17660-1
16	1	5.9	https://www.siringayrimenkul.com/mahalleler/tunahan-mahallesi/adalar/17711-1
92	1	7.7	https://www.siringayrimenkul.com/mahalleler/tunahan-mahallesi/adalar/46492-1
41	1	8.2	https://www.siringayrimenkul.com/mahalleler/tunahan-mahallesi/adalar/46494-2
115	1	6.3	https://www.siringayrimenkul.com/mahalleler/tunahan-mahallesi/kur-sitesi-46495-ada
66	1	7.9	https://www.siringayrimenkul.com/mahalleler/tunahan-mahallesi/neopolitan-eryaman
62	1	7.3	https://www.siringayrimenkul.com/mahalleler/tunahan-mahallesi/oztas-sitesi
122	1	9.5	https://www.siringayrimenkul.com/mahalleler/tunahan-mahallesi/su-damlasi-sitesi
28	1	9.2	https://www.siringayrimenkul.com/mahalleler/tunahan/adalar/17629-1
11	1	6.3	https://www.siringayrimenkul.com/mahalleler/tunahan/adalar/17631
29	1	10.0	https://www.siringayrimenkul.com/mahalleler/tunahan/adalar/17638-1
5	1	6.8	https://www.siringayrimenkul.com/mahalleler/tunahan/adalar/17647-1
15	1	8.1	https://www.siringayrimenkul.com/mahalleler/tunahan/adalar/17665-1
7	1	6.6	https://www.siringayrimenkul.com/mahalleler/tunahan/adalar/17669-1
5	1	7.0	https://www.siringayrimenkul.com/mahalleler/tunahan/adalar/17672-1
29	1	7.2	https://www.siringayrimenkul.com/mahalleler/tunahan/adalar/17689-1
48	1	8.8	https://www.siringayrimenkul.com/mahalleler/tunahan/adalar/46493-2
6	1	7.5	https://www.siringayrimenkul.com/mahalleler/tunahan/adalar/46499-2
18	1	7.5	https://www.siringayrimenkul.com/mahalleler/tunahan/adalar/46506
3	1	2.7	https://www.siringayrimenkul.com/mahalleler/tunahan/adalar/46512-9
32	1	8.6	https://www.siringayrimenkul.com/mahalleler/tunahan/elit-yasam-evleri
77	1	8.0	https://www.siringayrimenkul.com/mahalleler/tunahan/etaplar/4
97	1	8.3	https://www.siringayrimenkul.com/mahalleler/tunahan/klima-bloklari
193	1	7.4	https://www.siringayrimenkul.com/mahalleler/tunahan/kur-sitesi-46495-ada
70	1	8.5	https://www.siringayrimenkul.com/mahalleler/tunahan/kur-sitesi-46496-ada
35	1	7.5	https://www.siringayrimenkul.com/mahalleler/tunahan/metromall-sitesi
27	1	8.4	https://www.siringayrimenkul.com/mahalleler/tunahan/okyanus-plaza
44	1	8.6	https://www.siringayrimenkul.com/mahalleler/yavuz-selim-mahallesi/adalar/46233-1
14	1	9.5	https://www.siringayrimenkul.com/mahalleler/yavuz-selim-mahallesi/adalar/46445-1
103	1	8.0	https://www.siringayrimenkul.com/mahalleler/yavuz-selim-mahallesi/ayata-kent-sitesi
44	1	4.7	https://www.siringayrimenkul.com/mahalleler/yavuz-selim-mahallesi/gulvatan-sitesi
42	1	7.4	https://www.siringayrimenkul.com/mahalleler/yavuz-selim-mahallesi/kardelen-sitesi
60	1	12.9	https://www.siringayrimenkul.com/mahalleler/yavuz-selim-mahallesi/keyfim-sitesi
12	1	16.0	https://www.siringayrimenkul.com/mahalleler/yavuz-selim-mahallesi/konut-sitesi
87	1	4.7	https://www.siringayrimenkul.com/mahalleler/yavuz-selim-mahallesi/sacak-91-sitesi
82	1	8.1	https://www.siringayrimenkul.com/mahalleler/yavuz-selim-mahallesi/utku-sitesi
194	1	8.2	https://www.siringayrimenkul.com/mahalleler/yavuz-selim-mahallesi/yavuz-selim-sitesi
89	1	8.2	https://www.siringayrimenkul.com/mahalleler/yavuz-selim-mahallesi/yeni-ilkay-sitesi
50	1	8.1	https://www.siringayrimenkul.com/mahalleler/yavuz-selim-mahallesi/yukselen-sitesi
48	1	7.3	https://www.siringayrimenkul.com/mahalleler/yavuz-selim/adalar/19506-1
23	1	6.7	https://www.siringayrimenkul.com/mahalleler/yavuz-selim/adalar/19508-2
66	1	6.5	https://www.siringayrimenkul.com/mahalleler/yavuz-selim/adalar/19523-1
35	1	8.7	https://www.siringayrimenkul.com/mahalleler/yavuz-selim/adalar/19525-3
13	1	8.1	https://www.siringayrimenkul.com/mahalleler/yavuz-selim/adalar/19526-2
39	1	11.1	https://www.siringayrimenkul.com/mahalleler/yavuz-selim/adalar/45820-1
42	1	7.0	https://www.siringayrimenkul.com/mahalleler/yavuz-selim/adalar/45831-1
53	1	9.6	https://www.siringayrimenkul.com/mahalleler/yavuz-selim/adalar/46237-1
8	1	8.1	https://www.siringayrimenkul.com/mahalleler/yavuz-selim/adalar/46431-1
61	1	5.8	https://www.siringayrimenkul.com/mahalleler/yavuz-selim/altintepe-sitesi
8	1	7.9	https://www.siringayrimenkul.com/mahalleler/yavuz-selim/elitnar-cicegi-sitesi
62	1	9.2	https://www.siringayrimenkul.com/mahalleler/yavuz-selim/esenkent-sitesi
84	1	8.4	https://www.siringayrimenkul.com/mahalleler/yavuz-selim/genc-avrasya-sitesi
35	1	5.6	https://www.siringayrimenkul.com/mahalleler/yavuz-selim/ilkiz-2-sitesi
27	1	6.6	https://www.siringayrimenkul.com/mahalleler/yavuz-selim/metrokent-villalari
146	1	8.8	https://www.siringayrimenkul.com/mahalleler/yavuz-selim/utku-sitesi
113	1	11.3	https://www.siringayrimenkul.com/mahalleler/yesilova-mahallesi
50	1	9.3	https://www.siringayrimenkul.com/mahalleler/yesilova-mahallesi/adalar/46395-6
68	1	9.4	https://www.siringayrimenkul.com/mahalleler/yesilova-mahallesi/address-yesilova
17	1	6.2	https://www.siringayrimenkul.com/mahalleler/yesilova-mahallesi/alpar-sitesi
11	1	4.5	https://www.siringayrimenkul.com/mahalleler/yesilova-mahallesi/barla-konutlari
59	1	6.0	https://www.siringayrimenkul.com/mahalleler/yesilova-mahallesi/hotki-ritm
23	1	7.3	https://www.siringayrimenkul.com/mahalleler/yesilova-mahallesi/kardelen-sitesi
30	1	7.8	https://www.siringayrimenkul.com/mahalleler/yesilova-mahallesi/may-tower
138	1	7.5	https://www.siringayrimenkul.com/mahalleler/yesilova-mahallesi/penta-5
43	1	9.5	https://www.siringayrimenkul.com/mahalleler/yesilova/adalar/47529-1
20	1	10.8	https://www.siringayrimenkul.com/mahalleler/yesilova/adalar/47538-1
37	1	7.4	https://www.siringayrimenkul.com/mahalleler/yesilova/adalar/47540-2
13	1	9.8	https://www.siringayrimenkul.com/mahalleler/yesilova/adalar/47546-3
23	1	6.4	https://www.siringayrimenkul.com/mahalleler/yesilova/adalar/47563-2
59	1	9.1	https://www.siringayrimenkul.com/mahalleler/yesilova/eryaman-port
12	1	7.4	https://www.siringayrimenkul.com/mahalleler/yesilova/kocaklar-tower
61	1	7.6	https://www.siringayrimenkul.com/mahalleler/yesilova/may-tower
46	1	9.2	https://www.siringayrimenkul.com/mahalleler/yesilova/penta-5
20	0	6.5	https://www.siringayrimenkul.com/araclar
228	0	55.2	https://www.siringayrimenkul.com/araclar/tapu-harci-hesaplama
18	0	6.5	https://www.siringayrimenkul.com/blog/altay-mahallesinde-yasam
5	0	9.0	https://www.siringayrimenkul.com/blog/dairenizi-kiraya-verirken-dikkat-edilmesi-gerekenler
13	0	5.5	https://www.siringayrimenkul.com/blog/devlet-mahallesinde-yasam
31	0	8.9	https://www.siringayrimenkul.com/blog/eryaman-mahallesinde-yasam
6	0	4.7	https://www.siringayrimenkul.com/blog/eryamanda-etap-sistemi-nedir
18	0	6.2	https://www.siringayrimenkul.com/blog/eryamanda-ev-fiyatlarini-ne-belirler
6	0	5.0	https://www.siringayrimenkul.com/blog/eryamanda-kira-tespiti-dogru-kira-belirleme
75	0	37.1	https://www.siringayrimenkul.com/blog/ev-satarken-gerekli-evraklar
7	0	7.9	https://www.siringayrimenkul.com/blog/evinizi-satarken-dogru-emlakci-secimi
10	0	42.5	https://www.siringayrimenkul.com/blog/evinizin-degerini-nasil-ogrenebilirsiniz
9	0	8.2	https://www.siringayrimenkul.com/blog/guzelkent-mahallesinde-yasam
93	0	48.2	https://www.siringayrimenkul.com/blog/kira-artisi-nasil-hesaplanir
2	0	23.0	https://www.siringayrimenkul.com/blog/kira-sozlesmesinde-dikkat-edilmesi-gerekenler
10	0	14.1	https://www.siringayrimenkul.com/blog/kira-tespit-davasi-rehberi
5	0	8.0	https://www.siringayrimenkul.com/blog/kiraci-tahliye-sureci
27	0	17.7	https://www.siringayrimenkul.com/blog/kiracili-ev-satilir-mi
54	0	13.9	https://www.siringayrimenkul.com/blog/miras-kalan-ev-nasil-satilir
54	0	5.7	https://www.siringayrimenkul.com/blog/seker-mahallesinde-yasam
34	0	4.6	https://www.siringayrimenkul.com/blog/seyh-samil-mahallesinde-yasam
3	0	2.7	https://www.siringayrimenkul.com/eryaman-site-dokusu
4	0	8.0	https://www.siringayrimenkul.com/eryamanda-ev-kiraya-vermek
1	0	7.0	https://www.siringayrimenkul.com/eryamanda-ev-satmak
12	0	8.3	https://www.siringayrimenkul.com/gizlilik
194	0	9.8	https://www.siringayrimenkul.com/mahalleler/altay
145	0	10.2	https://www.siringayrimenkul.com/mahalleler/altay-mahallesi
9	0	7.0	https://www.siringayrimenkul.com/mahalleler/altay-mahallesi/adalar/17313-1
7	0	7.3	https://www.siringayrimenkul.com/mahalleler/altay-mahallesi/adalar/17314-1
2	0	3.5	https://www.siringayrimenkul.com/mahalleler/altay-mahallesi/adalar/17315-1
5	0	8.8	https://www.siringayrimenkul.com/mahalleler/altay-mahallesi/adalar/17499-1
7	0	14.0	https://www.siringayrimenkul.com/mahalleler/altay-mahallesi/adalar/17506-1
4	0	8.5	https://www.siringayrimenkul.com/mahalleler/altay-mahallesi/adalar/17507-1
5	0	9.6	https://www.siringayrimenkul.com/mahalleler/altay-mahallesi/adalar/17508-1
3	0	7.3	https://www.siringayrimenkul.com/mahalleler/altay-mahallesi/adalar/17510-1
9	0	6.0	https://www.siringayrimenkul.com/mahalleler/altay-mahallesi/adalar/17516-1
1	0	11.0	https://www.siringayrimenkul.com/mahalleler/altay-mahallesi/adalar/17518-1
5	0	10.4	https://www.siringayrimenkul.com/mahalleler/altay-mahallesi/adalar/17519-1
2	0	9.0	https://www.siringayrimenkul.com/mahalleler/altay-mahallesi/adalar/17521-1
1	0	9.0	https://www.siringayrimenkul.com/mahalleler/altay-mahallesi/adalar/17535-1
15	0	12.1	https://www.siringayrimenkul.com/mahalleler/altay-mahallesi/adalar/17541-1
3	0	9.3	https://www.siringayrimenkul.com/mahalleler/altay-mahallesi/adalar/17542
3	0	9.7	https://www.siringayrimenkul.com/mahalleler/altay-mahallesi/adalar/17545
5	0	9.6	https://www.siringayrimenkul.com/mahalleler/altay-mahallesi/adalar/17546-1
24	0	9.1	https://www.siringayrimenkul.com/mahalleler/altay-mahallesi/adalar/45889-3
1	0	7.0	https://www.siringayrimenkul.com/mahalleler/altay-mahallesi/adalar/45889-4
11	0	5.9	https://www.siringayrimenkul.com/mahalleler/altay-mahallesi/adalar/45890-2
28	0	6.4	https://www.siringayrimenkul.com/mahalleler/altay-mahallesi/adalar/45891-6
27	0	8.4	https://www.siringayrimenkul.com/mahalleler/altay-mahallesi/adalar/45892-1
39	0	6.8	https://www.siringayrimenkul.com/mahalleler/altay-mahallesi/adalar/45897-4
25	0	7.3	https://www.siringayrimenkul.com/mahalleler/altay-mahallesi/adalar/45898-3
24	0	5.5	https://www.siringayrimenkul.com/mahalleler/altay-mahallesi/ataturk-sitesi
44	0	6.9	https://www.siringayrimenkul.com/mahalleler/altay-mahallesi/cabadag-bloklari
320	0	6.3	https://www.siringayrimenkul.com/mahalleler/altay-mahallesi/erland-residence
49	0	9.0	https://www.siringayrimenkul.com/mahalleler/altay-mahallesi/etaplar/1
28	0	5.7	https://www.siringayrimenkul.com/mahalleler/altay-mahallesi/izgi-park-evleri
11	0	4.4	https://www.siringayrimenkul.com/mahalleler/altay-mahallesi/lila-park
24	0	5.8	https://www.siringayrimenkul.com/mahalleler/altay-mahallesi/uzuner-konutlari
3	0	7.3	https://www.siringayrimenkul.com/mahalleler/altay/adalar/17313-1
2	0	7.5	https://www.siringayrimenkul.com/mahalleler/altay/adalar/17516-1
4	0	4.8	https://www.siringayrimenkul.com/mahalleler/altay/adalar/17517-1
3	0	8.3	https://www.siringayrimenkul.com/mahalleler/altay/adalar/17518-1
8	0	5.4	https://www.siringayrimenkul.com/mahalleler/altay/adalar/17519-1
5	0	6.2	https://www.siringayrimenkul.com/mahalleler/altay/adalar/17520-2
3	0	12.7	https://www.siringayrimenkul.com/mahalleler/altay/adalar/17522-1
4	0	5.0	https://www.siringayrimenkul.com/mahalleler/altay/adalar/17523-1
30	0	7.6	https://www.siringayrimenkul.com/mahalleler/altay/adalar/45889-2
34	0	7.7	https://www.siringayrimenkul.com/mahalleler/altay/adalar/46404-1
5	0	10.8	https://www.siringayrimenkul.com/mahalleler/altay/age-bloklari
7	0	5.9	https://www.siringayrimenkul.com/mahalleler/altay/arya-nuans-residence
9	0	9.2	https://www.siringayrimenkul.com/mahalleler/altay/firat-life-style
2	0	12.5	https://www.siringayrimenkul.com/mahalleler/altay/kutlutas-sitesi
14	0	5.6	https://www.siringayrimenkul.com/mahalleler/altay/motto-butik
13	0	8.2	https://www.siringayrimenkul.com/mahalleler/altay/palmiye-evleri
11	0	8.0	https://www.siringayrimenkul.com/mahalleler/altay/vatan-sitesi
51	0	7.4	https://www.siringayrimenkul.com/mahalleler/ata-mahallesi/ada-loft-eryaman
19	0	12.7	https://www.siringayrimenkul.com/mahalleler/ata-mahallesi/adalar/44752-1
46	0	11.1	https://www.siringayrimenkul.com/mahalleler/ata-mahallesi/adalar/44752-2
7	0	19.4	https://www.siringayrimenkul.com/mahalleler/ata-mahallesi/adalar/44753-1
98	0	8.9	https://www.siringayrimenkul.com/mahalleler/ata-mahallesi/adalar/44754-3
28	0	13.3	https://www.siringayrimenkul.com/mahalleler/ata-mahallesi/adalar/44763-3
15	0	15.2	https://www.siringayrimenkul.com/mahalleler/ata-mahallesi/adalar/44764-2
1	0	10.0	https://www.siringayrimenkul.com/mahalleler/ata-mahallesi/adalar/44764-3
16	0	8.7	https://www.siringayrimenkul.com/mahalleler/ata-mahallesi/adalar/44769-1
4	0	9.3	https://www.siringayrimenkul.com/mahalleler/ata-mahallesi/adalar/44770-1
47	0	6.4	https://www.siringayrimenkul.com/mahalleler/ata-mahallesi/adalar/44772-1
7	0	8.4	https://www.siringayrimenkul.com/mahalleler/ata-mahallesi/adalar/44773-3
3	0	8.3	https://www.siringayrimenkul.com/mahalleler/ata-mahallesi/adalar/44774-2
3	0	9.3	https://www.siringayrimenkul.com/mahalleler/ata-mahallesi/adalar/44776-3
2	0	15.5	https://www.siringayrimenkul.com/mahalleler/ata-mahallesi/adalar/44777-1
12	0	8.9	https://www.siringayrimenkul.com/mahalleler/ata-mahallesi/adalar/44778-1
9	0	9.9	https://www.siringayrimenkul.com/mahalleler/ata-mahallesi/adalar/44782-1
13	0	7.8	https://www.siringayrimenkul.com/mahalleler/ata-mahallesi/adalar/44783-1
8	0	9.5	https://www.siringayrimenkul.com/mahalleler/ata-mahallesi/adalar/44785-2
6	0	10.2	https://www.siringayrimenkul.com/mahalleler/ata-mahallesi/adalar/45832-1
5	0	8.2	https://www.siringayrimenkul.com/mahalleler/ata-mahallesi/adalar/45834-2
13	0	7.8	https://www.siringayrimenkul.com/mahalleler/ata-mahallesi/adalar/46194-1
6	0	7.2	https://www.siringayrimenkul.com/mahalleler/ata-mahallesi/adalar/46196-4
3	0	7.0	https://www.siringayrimenkul.com/mahalleler/ata-mahallesi/adalar/46200-1
1	0	5.0	https://www.siringayrimenkul.com/mahalleler/ata-mahallesi/adalar/46201-1
4	0	7.3	https://www.siringayrimenkul.com/mahalleler/ata-mahallesi/adalar/46203-1
1	0	10.0	https://www.siringayrimenkul.com/mahalleler/ata-mahallesi/adalar/46204-1
23	0	10.6	https://www.siringayrimenkul.com/mahalleler/ata-mahallesi/adalar/46259-1
118	0	8.1	https://www.siringayrimenkul.com/mahalleler/ata-mahallesi/adalar/46407-1
130	0	6.9	https://www.siringayrimenkul.com/mahalleler/ata-mahallesi/adalar/46411-1
66	0	8.7	https://www.siringayrimenkul.com/mahalleler/ata-mahallesi/adalar/46418-1
5	0	10.4	https://www.siringayrimenkul.com/mahalleler/ata-mahallesi/adalar/46419-1
4	0	6.3	https://www.siringayrimenkul.com/mahalleler/ata-mahallesi/adalar/46423-1
12	0	8.8	https://www.siringayrimenkul.com/mahalleler/ata-mahallesi/adalar/46424-1
21	0	9.3	https://www.siringayrimenkul.com/mahalleler/ata-mahallesi/adalar/46426-1
53	0	7.5	https://www.siringayrimenkul.com/mahalleler/ata-mahallesi/adalar/46430-1
31	0	9.5	https://www.siringayrimenkul.com/mahalleler/ata-mahallesi/adalar/46432-1
18	0	3.9	https://www.siringayrimenkul.com/mahalleler/ata-mahallesi/akdam-sitesi
35	0	7.6	https://www.siringayrimenkul.com/mahalleler/ata-mahallesi/arikovani-sitesi
96	0	8.8	https://www.siringayrimenkul.com/mahalleler/ata-mahallesi/aydinkent-sitesi
2	0	1.5	https://www.siringayrimenkul.com/mahalleler/ata-mahallesi/bati-sistemciler-sitesi
1	0	1.0	https://www.siringayrimenkul.com/mahalleler/ata-mahallesi/bayer-sitesi
27	0	6.6	https://www.siringayrimenkul.com/mahalleler/ata-mahallesi/cigdem-sitesi
93	0	7.5	https://www.siringayrimenkul.com/mahalleler/ata-mahallesi/eser-yapi-evleri
20	0	13.1	https://www.siringayrimenkul.com/mahalleler/ata-mahallesi/etikent-sitesi
6	0	5.5	https://www.siringayrimenkul.com/mahalleler/ata-mahallesi/genova
22	0	7.6	https://www.siringayrimenkul.com/mahalleler/ata-mahallesi/gulkent-konutlari
72	0	7.8	https://www.siringayrimenkul.com/mahalleler/ata-mahallesi/guzel-akyuzum-sitesi
11	0	6.1	https://www.siringayrimenkul.com/mahalleler/ata-mahallesi/hurev-yapi-kooperatifi
8	0	8.8	https://www.siringayrimenkul.com/mahalleler/ata-mahallesi/kainat-evleri
2	0	9.5	https://www.siringayrimenkul.com/mahalleler/ata-mahallesi/kanat-yapi-evleri
11	0	6.7	https://www.siringayrimenkul.com/mahalleler/ata-mahallesi/mercankent-manzara-evleri
199	0	8.8	https://www.siringayrimenkul.com/mahalleler/ata-mahallesi/mutlu-sitesi
2	0	12.0	https://www.siringayrimenkul.com/mahalleler/ata-mahallesi/ortak-grup-yapi
18	0	6.6	https://www.siringayrimenkul.com/mahalleler/ata-mahallesi/sarmasiklikosk-sitesi
10	0	6.1	https://www.siringayrimenkul.com/mahalleler/ata-mahallesi/selale-sitesi
28	0	6.2	https://www.siringayrimenkul.com/mahalleler/ata-mahallesi/tekirdag-park-evleri
14	0	11.0	https://www.siringayrimenkul.com/mahalleler/ata/ada-loft-eryaman
6	0	20.7	https://www.siringayrimenkul.com/mahalleler/ata/adalar/44750-2
8	0	9.6	https://www.siringayrimenkul.com/mahalleler/ata/adalar/44752-1
36	0	9.2	https://www.siringayrimenkul.com/mahalleler/ata/adalar/44752-2
12	0	10.3	https://www.siringayrimenkul.com/mahalleler/ata/adalar/44753-2
34	0	10.1	https://www.siringayrimenkul.com/mahalleler/ata/adalar/44754-3
15	0	10.1	https://www.siringayrimenkul.com/mahalleler/ata/adalar/44756-2
5	0	15.8	https://www.siringayrimenkul.com/mahalleler/ata/adalar/44758-1
19	0	9.1	https://www.siringayrimenkul.com/mahalleler/ata/adalar/44759-1
10	0	6.5	https://www.siringayrimenkul.com/mahalleler/ata/adalar/44763-3
34	0	7.8	https://www.siringayrimenkul.com/mahalleler/ata/adalar/44763-4
55	0	11.2	https://www.siringayrimenkul.com/mahalleler/ata/adalar/44764-3
4	0	15.3	https://www.siringayrimenkul.com/mahalleler/ata/adalar/44768-3
12	0	10.4	https://www.siringayrimenkul.com/mahalleler/ata/adalar/44770-1
49	0	10.2	https://www.siringayrimenkul.com/mahalleler/ata/adalar/44772-1
3	0	8.3	https://www.siringayrimenkul.com/mahalleler/ata/adalar/44774-2
2	0	10.5	https://www.siringayrimenkul.com/mahalleler/ata/adalar/44777-1
6	0	9.0	https://www.siringayrimenkul.com/mahalleler/ata/adalar/44781-1
10	0	7.8	https://www.siringayrimenkul.com/mahalleler/ata/adalar/44782-1
6	0	11.2	https://www.siringayrimenkul.com/mahalleler/ata/adalar/44783-2
7	0	11.0	https://www.siringayrimenkul.com/mahalleler/ata/adalar/45832-1
2	0	11.5	https://www.siringayrimenkul.com/mahalleler/ata/adalar/45834-2
7	0	10.0	https://www.siringayrimenkul.com/mahalleler/ata/adalar/45835-1
18	0	9.8	https://www.siringayrimenkul.com/mahalleler/ata/adalar/45836-1
3	0	11.7	https://www.siringayrimenkul.com/mahalleler/ata/adalar/45839-1
5	0	9.4	https://www.siringayrimenkul.com/mahalleler/ata/adalar/45840-1
10	0	7.5	https://www.siringayrimenkul.com/mahalleler/ata/adalar/46191-1
8	0	8.8	https://www.siringayrimenkul.com/mahalleler/ata/adalar/46195-1
12	0	10.5	https://www.siringayrimenkul.com/mahalleler/ata/adalar/46197-3
2	0	12.5	https://www.siringayrimenkul.com/mahalleler/ata/adalar/46201-1
51	0	9.1	https://www.siringayrimenkul.com/mahalleler/ata/adalar/46214-1
17	0	8.6	https://www.siringayrimenkul.com/mahalleler/ata/adalar/46407-1
25	0	10.0	https://www.siringayrimenkul.com/mahalleler/ata/adalar/46408-1
19	0	9.4	https://www.siringayrimenkul.com/mahalleler/ata/adalar/46409-1
24	0	9.6	https://www.siringayrimenkul.com/mahalleler/ata/adalar/46413-1
33	0	12.0	https://www.siringayrimenkul.com/mahalleler/ata/adalar/46417-3
5	0	7.8	https://www.siringayrimenkul.com/mahalleler/ata/adalar/46419-1
3	0	7.3	https://www.siringayrimenkul.com/mahalleler/ata/adalar/46423-1
22	0	8.3	https://www.siringayrimenkul.com/mahalleler/ata/adalar/46424-1
11	0	9.5	https://www.siringayrimenkul.com/mahalleler/ata/adalar/46425-1
30	0	10.2	https://www.siringayrimenkul.com/mahalleler/ata/adalar/46426-1
76	0	7.0	https://www.siringayrimenkul.com/mahalleler/ata/adalar/46430-1
40	0	8.0	https://www.siringayrimenkul.com/mahalleler/ata/arikovani-sitesi
17	0	7.6	https://www.siringayrimenkul.com/mahalleler/ata/atasayanlar-sitesi
2	0	20.5	https://www.siringayrimenkul.com/mahalleler/ata/bati-sistemciler-sitesi
9	0	6.8	https://www.siringayrimenkul.com/mahalleler/ata/bayer-sitesi
7	0	8.1	https://www.siringayrimenkul.com/mahalleler/ata/belmi-kent
224	0	8.2	https://www.siringayrimenkul.com/mahalleler/ata/beloren-manzara-evleri
79	0	5.9	https://www.siringayrimenkul.com/mahalleler/ata/caglar-belde-sitesi
140	0	7.1	https://www.siringayrimenkul.com/mahalleler/ata/eser-yapi-evleri
6	0	4.7	https://www.siringayrimenkul.com/mahalleler/ata/etikent-sitesi
24	0	7.4	https://www.siringayrimenkul.com/mahalleler/ata/genova
52	0	6.7	https://www.siringayrimenkul.com/mahalleler/ata/guldede-sitesi
51	0	6.1	https://www.siringayrimenkul.com/mahalleler/ata/hansa-sitesi
87	0	8.8	https://www.siringayrimenkul.com/mahalleler/ata/havuz-kent
5	0	7.6	https://www.siringayrimenkul.com/mahalleler/ata/hurev-yapi-kooperatifi
4	0	6.5	https://www.siringayrimenkul.com/mahalleler/ata/kanat-yapi-evleri
4	0	8.3	https://www.siringayrimenkul.com/mahalleler/ata/karkonut
27	0	7.8	https://www.siringayrimenkul.com/mahalleler/ata/kozlar-towers
3	0	9.7	https://www.siringayrimenkul.com/mahalleler/ata/manzara-evleri
1	0	12.0	https://www.siringayrimenkul.com/mahalleler/ata/ortak-grup-yapi
61	0	9.7	https://www.siringayrimenkul.com/mahalleler/ata/panorama-gold
4	0	7.3	https://www.siringayrimenkul.com/mahalleler/ata/rayli-sistemciler-sitesi
3	0	8.0	https://www.siringayrimenkul.com/mahalleler/ata/sarmasiklikosk-sitesi
10	0	9.1	https://www.siringayrimenkul.com/mahalleler/ata/seckin-atasaylar-sitesi
18	0	10.3	https://www.siringayrimenkul.com/mahalleler/ata/selale-sitesi
51	0	10.7	https://www.siringayrimenkul.com/mahalleler/ata/sogut-bahce-konutlari
30	0	7.4	https://www.siringayrimenkul.com/mahalleler/ata/turuncu-site
154	0	8.5	https://www.siringayrimenkul.com/mahalleler/ata/zirve-park-konutlari
47	0	6.8	https://www.siringayrimenkul.com/mahalleler/cumhuriyet-mahallesi
25	0	8.3	https://www.siringayrimenkul.com/mahalleler/cumhuriyet-mahallesi/adalar/43252-2
6	0	7.3	https://www.siringayrimenkul.com/mahalleler/cumhuriyet-mahallesi/adalar/43252-4
47	0	10.4	https://www.siringayrimenkul.com/mahalleler/cumhuriyet-mahallesi/adalar/43252-5
3	0	11.0	https://www.siringayrimenkul.com/mahalleler/cumhuriyet-mahallesi/adalar/43255-1
14	0	8.6	https://www.siringayrimenkul.com/mahalleler/cumhuriyet-mahallesi/adalar/43255-2
95	0	8.4	https://www.siringayrimenkul.com/mahalleler/cumhuriyet-mahallesi/adalar/43259-7
15	0	7.9	https://www.siringayrimenkul.com/mahalleler/cumhuriyet-mahallesi/adalar/43264-7
40	0	9.8	https://www.siringayrimenkul.com/mahalleler/cumhuriyet-mahallesi/adalar/43267-1
7	0	9.7	https://www.siringayrimenkul.com/mahalleler/cumhuriyet-mahallesi/adalar/62655-1
16	0	8.4	https://www.siringayrimenkul.com/mahalleler/cumhuriyet-mahallesi/adalar/62660-1
13	0	9.0	https://www.siringayrimenkul.com/mahalleler/cumhuriyet-mahallesi/adalar/62660-2
11	0	8.1	https://www.siringayrimenkul.com/mahalleler/cumhuriyet-mahallesi/adalar/62661-1
27	0	8.4	https://www.siringayrimenkul.com/mahalleler/cumhuriyet-mahallesi/adalar/62669-2
8	0	11.0	https://www.siringayrimenkul.com/mahalleler/cumhuriyet-mahallesi/adalar/62677-1
22	0	7.4	https://www.siringayrimenkul.com/mahalleler/cumhuriyet-mahallesi/adalar/62680-1
3	0	6.3	https://www.siringayrimenkul.com/mahalleler/cumhuriyet-mahallesi/adalar/62682-1
22	0	8.3	https://www.siringayrimenkul.com/mahalleler/cumhuriyet-mahallesi/adalar/62683-2
77	0	9.1	https://www.siringayrimenkul.com/mahalleler/cumhuriyet-mahallesi/adalar/62689-2
45	0	6.7	https://www.siringayrimenkul.com/mahalleler/cumhuriyet-mahallesi/adalar/62690-3
14	0	11.0	https://www.siringayrimenkul.com/mahalleler/cumhuriyet-mahallesi/adalar/62692-1
8	0	4.5	https://www.siringayrimenkul.com/mahalleler/cumhuriyet-mahallesi/adalar/63265-4
5	0	5.4	https://www.siringayrimenkul.com/mahalleler/cumhuriyet-mahallesi/adalar/63271-2
4	0	5.3	https://www.siringayrimenkul.com/mahalleler/cumhuriyet-mahallesi/adalar/63271-4
71	0	8.3	https://www.siringayrimenkul.com/mahalleler/cumhuriyet-mahallesi/ahsen-sitesi
53	0	8.7	https://www.siringayrimenkul.com/mahalleler/cumhuriyet-mahallesi/akasya-sitesi
34	0	9.5	https://www.siringayrimenkul.com/mahalleler/cumhuriyet-mahallesi/altin-basak-konutlari
9	0	7.1	https://www.siringayrimenkul.com/mahalleler/cumhuriyet-mahallesi/astim-platinium
20	0	9.0	https://www.siringayrimenkul.com/mahalleler/cumhuriyet-mahallesi/ender-dogus-konut-yapi
31	0	11.5	https://www.siringayrimenkul.com/mahalleler/cumhuriyet-mahallesi/golde-luxe-konutlari
37	0	9.2	https://www.siringayrimenkul.com/mahalleler/cumhuriyet-mahallesi/gunebakan-sitesi
23	0	11.1	https://www.siringayrimenkul.com/mahalleler/cumhuriyet-mahallesi/guney-park-evleri
65	0	8.5	https://www.siringayrimenkul.com/mahalleler/cumhuriyet-mahallesi/hotki-bulvar
18	0	7.7	https://www.siringayrimenkul.com/mahalleler/cumhuriyet-mahallesi/huzur-park-sitesi
32	0	7.4	https://www.siringayrimenkul.com/mahalleler/cumhuriyet-mahallesi/mes-polaris-evleri
21	0	8.9	https://www.siringayrimenkul.com/mahalleler/cumhuriyet-mahallesi/oasis-korupark
8	0	5.9	https://www.siringayrimenkul.com/mahalleler/cumhuriyet-mahallesi/turku-sitesi
9	0	8.7	https://www.siringayrimenkul.com/mahalleler/cumhuriyet-mahallesi/vera-vista
41	0	6.2	https://www.siringayrimenkul.com/mahalleler/cumhuriyet-mahallesi/yesil-koru-sitesi
12	0	6.1	https://www.siringayrimenkul.com/mahalleler/cumhuriyet/10-botanik-evleri
16	0	9.5	https://www.siringayrimenkul.com/mahalleler/cumhuriyet/adalar/43251-3
29	0	10.5	https://www.siringayrimenkul.com/mahalleler/cumhuriyet/adalar/43252-5
6	0	11.5	https://www.siringayrimenkul.com/mahalleler/cumhuriyet/adalar/43253-3
3	0	7.7	https://www.siringayrimenkul.com/mahalleler/cumhuriyet/adalar/43253-5
6	0	9.7	https://www.siringayrimenkul.com/mahalleler/cumhuriyet/adalar/43254-1
2	0	8.0	https://www.siringayrimenkul.com/mahalleler/cumhuriyet/adalar/43254-4
9	0	10.7	https://www.siringayrimenkul.com/mahalleler/cumhuriyet/adalar/43254-5
11	0	10.4	https://www.siringayrimenkul.com/mahalleler/cumhuriyet/adalar/43254-6
3	0	7.3	https://www.siringayrimenkul.com/mahalleler/cumhuriyet/adalar/43255-1
12	0	5.8	https://www.siringayrimenkul.com/mahalleler/cumhuriyet/adalar/43255-2
33	0	8.8	https://www.siringayrimenkul.com/mahalleler/cumhuriyet/adalar/43259-7
12	0	7.6	https://www.siringayrimenkul.com/mahalleler/cumhuriyet/adalar/43263-1
2	0	8.0	https://www.siringayrimenkul.com/mahalleler/cumhuriyet/adalar/43264-5
10	0	7.8	https://www.siringayrimenkul.com/mahalleler/cumhuriyet/adalar/43264-6
1	0	6.0	https://www.siringayrimenkul.com/mahalleler/cumhuriyet/adalar/43267-1
21	0	9.1	https://www.siringayrimenkul.com/mahalleler/cumhuriyet/adalar/43267-2
3	0	10.3	https://www.siringayrimenkul.com/mahalleler/cumhuriyet/adalar/43272-1
2	0	8.0	https://www.siringayrimenkul.com/mahalleler/cumhuriyet/adalar/62655-1
1	0	9.0	https://www.siringayrimenkul.com/mahalleler/cumhuriyet/adalar/62655-2
88	0	10.0	https://www.siringayrimenkul.com/mahalleler/cumhuriyet/adalar/62656-1
1	0	10.0	https://www.siringayrimenkul.com/mahalleler/cumhuriyet/adalar/62658-2
42	0	9.1	https://www.siringayrimenkul.com/mahalleler/cumhuriyet/adalar/62659-1
32	0	8.8	https://www.siringayrimenkul.com/mahalleler/cumhuriyet/adalar/62660-1
3	0	3.3	https://www.siringayrimenkul.com/mahalleler/cumhuriyet/adalar/62660-2
15	0	9.9	https://www.siringayrimenkul.com/mahalleler/cumhuriyet/adalar/62661-2
8	0	7.5	https://www.siringayrimenkul.com/mahalleler/cumhuriyet/adalar/62661-4
61	0	9.4	https://www.siringayrimenkul.com/mahalleler/cumhuriyet/adalar/62662-2
6	0	8.5	https://www.siringayrimenkul.com/mahalleler/cumhuriyet/adalar/62669-2
2	0	7.0	https://www.siringayrimenkul.com/mahalleler/cumhuriyet/adalar/62669-3
14	0	11.1	https://www.siringayrimenkul.com/mahalleler/cumhuriyet/adalar/62676-1
40	0	8.2	https://www.siringayrimenkul.com/mahalleler/cumhuriyet/adalar/62677-1
9	0	10.9	https://www.siringayrimenkul.com/mahalleler/cumhuriyet/adalar/62677-4
22	0	9.4	https://www.siringayrimenkul.com/mahalleler/cumhuriyet/adalar/62684-1
21	0	9.2	https://www.siringayrimenkul.com/mahalleler/cumhuriyet/adalar/62684-2
3	0	9.3	https://www.siringayrimenkul.com/mahalleler/cumhuriyet/adalar/62684-3
3	0	6.0	https://www.siringayrimenkul.com/mahalleler/cumhuriyet/adalar/62685-1
11	0	8.1	https://www.siringayrimenkul.com/mahalleler/cumhuriyet/adalar/62689-1
11	0	8.0	https://www.siringayrimenkul.com/mahalleler/cumhuriyet/adalar/62690-2
1	0	1.0	https://www.siringayrimenkul.com/mahalleler/cumhuriyet/adalar/62690-3
27	0	10.5	https://www.siringayrimenkul.com/mahalleler/cumhuriyet/adalar/62692-1
3	0	12.0	https://www.siringayrimenkul.com/mahalleler/cumhuriyet/adalar/63261-1
153	0	8.3	https://www.siringayrimenkul.com/mahalleler/cumhuriyet/adalar/63265-4
12	0	8.9	https://www.siringayrimenkul.com/mahalleler/cumhuriyet/adalar/63271-2
91	0	9.3	https://www.siringayrimenkul.com/mahalleler/cumhuriyet/ahsen-sitesi
67	0	8.1	https://www.siringayrimenkul.com/mahalleler/cumhuriyet/akasya-sitesi
12	0	9.9	https://www.siringayrimenkul.com/mahalleler/cumhuriyet/altin-basak-konutlari
57	0	8.0	https://www.siringayrimenkul.com/mahalleler/cumhuriyet/ap-ist-port
165	0	8.0	https://www.siringayrimenkul.com/mahalleler/cumhuriyet/ap-istgate
48	0	9.6	https://www.siringayrimenkul.com/mahalleler/cumhuriyet/astim-flora-evleri
93	0	8.6	https://www.siringayrimenkul.com/mahalleler/cumhuriyet/astim-metrolife
4	0	8.0	https://www.siringayrimenkul.com/mahalleler/cumhuriyet/astim-platinium
3	0	10.3	https://www.siringayrimenkul.com/mahalleler/cumhuriyet/batihan-konutlari
11	0	5.7	https://www.siringayrimenkul.com/mahalleler/cumhuriyet/cakirpark
51	0	6.0	https://www.siringayrimenkul.com/mahalleler/cumhuriyet/ciglik-sitesi
19	0	7.9	https://www.siringayrimenkul.com/mahalleler/cumhuriyet/city-life
17	0	8.8	https://www.siringayrimenkul.com/mahalleler/cumhuriyet/diamond-goksu
68	0	8.1	https://www.siringayrimenkul.com/mahalleler/cumhuriyet/golde-luxe-konutlari
18	0	8.6	https://www.siringayrimenkul.com/mahalleler/cumhuriyet/gunebakan-sitesi
8	0	8.6	https://www.siringayrimenkul.com/mahalleler/cumhuriyet/guney-park-evleri
195	0	8.9	https://www.siringayrimenkul.com/mahalleler/cumhuriyet/hittown
90	0	6.3	https://www.siringayrimenkul.com/mahalleler/cumhuriyet/hityenibati-haktanir-konutlari
24	0	6.1	https://www.siringayrimenkul.com/mahalleler/cumhuriyet/huzur-park-sitesi
19	0	8.3	https://www.siringayrimenkul.com/mahalleler/cumhuriyet/kiratli-akropolis
11	0	8.5	https://www.siringayrimenkul.com/mahalleler/cumhuriyet/mood-goksu
19	0	9.3	https://www.siringayrimenkul.com/mahalleler/cumhuriyet/nisanur-sitesi
17	0	7.5	https://www.siringayrimenkul.com/mahalleler/cumhuriyet/oz-ugur-sitesi
13	0	6.0	https://www.siringayrimenkul.com/mahalleler/cumhuriyet/paryap-west-life
14	0	9.4	https://www.siringayrimenkul.com/mahalleler/cumhuriyet/tuna-park-evleri
2	0	3.0	https://www.siringayrimenkul.com/mahalleler/cumhuriyet/turku-sitesi
34	0	8.1	https://www.siringayrimenkul.com/mahalleler/cumhuriyet/wind-goksu
14	0	9.6	https://www.siringayrimenkul.com/mahalleler/cumhuriyet/yeni-botanik-parki
24	0	7.8	https://www.siringayrimenkul.com/mahalleler/cumhuriyet/yeni-botanik-sitesi
31	0	8.5	https://www.siringayrimenkul.com/mahalleler/cumhuriyet/yesil-koru-sitesi
17	0	9.8	https://www.siringayrimenkul.com/mahalleler/devlet-mahallesi/adalar/18673-1
32	0	8.7	https://www.siringayrimenkul.com/mahalleler/devlet-mahallesi/adalar/18675-1
48	0	7.8	https://www.siringayrimenkul.com/mahalleler/devlet-mahallesi/adalar/18678-1
15	0	9.0	https://www.siringayrimenkul.com/mahalleler/devlet-mahallesi/adalar/18679-1
40	0	7.7	https://www.siringayrimenkul.com/mahalleler/devlet-mahallesi/adalar/18689-1
18	0	8.6	https://www.siringayrimenkul.com/mahalleler/devlet-mahallesi/adalar/18690-1
26	0	10.3	https://www.siringayrimenkul.com/mahalleler/devlet-mahallesi/adalar/18691-1
30	0	9.4	https://www.siringayrimenkul.com/mahalleler/devlet-mahallesi/adalar/18694-1
26	0	10.8	https://www.siringayrimenkul.com/mahalleler/devlet-mahallesi/adalar/46517-1
21	0	8.1	https://www.siringayrimenkul.com/mahalleler/devlet-mahallesi/adalar/46519-1
5	0	7.0	https://www.siringayrimenkul.com/mahalleler/devlet-mahallesi/alis-sitesi
84	0	8.0	https://www.siringayrimenkul.com/mahalleler/devlet-mahallesi/bayrak-sitesi
30	0	7.4	https://www.siringayrimenkul.com/mahalleler/devlet-mahallesi/guneyce-sitesi
20	0	6.3	https://www.siringayrimenkul.com/mahalleler/devlet-mahallesi/ilk-bahar-sitesi
46	0	8.3	https://www.siringayrimenkul.com/mahalleler/devlet-mahallesi/mavikent-sitesi
30	0	8.2	https://www.siringayrimenkul.com/mahalleler/devlet-mahallesi/oray-sitesi
33	0	7.1	https://www.siringayrimenkul.com/mahalleler/devlet-mahallesi/oz-gimat-sitesi
17	0	5.3	https://www.siringayrimenkul.com/mahalleler/devlet-mahallesi/sahil-sitesi
24	0	4.4	https://www.siringayrimenkul.com/mahalleler/devlet-mahallesi/yeni-huzur-bahcesi-sitesi
32	0	4.6	https://www.siringayrimenkul.com/mahalleler/devlet-mahallesi/yildiz-tatil-sitesi
5	0	8.6	https://www.siringayrimenkul.com/mahalleler/devlet/adalar/18673-1
4	0	5.8	https://www.siringayrimenkul.com/mahalleler/devlet/adalar/18678-1
14	0	9.0	https://www.siringayrimenkul.com/mahalleler/devlet/adalar/18684-1
2	0	8.5	https://www.siringayrimenkul.com/mahalleler/devlet/adalar/18686-1
3	0	4.0	https://www.siringayrimenkul.com/mahalleler/devlet/adalar/18687-1
1	0	10.0	https://www.siringayrimenkul.com/mahalleler/devlet/adalar/18688-1
4	0	7.5	https://www.siringayrimenkul.com/mahalleler/devlet/adalar/18691-1
8	0	8.1	https://www.siringayrimenkul.com/mahalleler/devlet/adalar/18692-1
3	0	12.0	https://www.siringayrimenkul.com/mahalleler/devlet/adalar/18695-1
6	0	8.2	https://www.siringayrimenkul.com/mahalleler/devlet/adalar/18698-1
18	0	9.3	https://www.siringayrimenkul.com/mahalleler/devlet/adalar/18701-1
2	0	9.5	https://www.siringayrimenkul.com/mahalleler/devlet/adalar/18705-1
9	0	8.6	https://www.siringayrimenkul.com/mahalleler/devlet/adalar/18706-1
5	0	10.0	https://www.siringayrimenkul.com/mahalleler/devlet/adalar/18707-1
13	0	10.2	https://www.siringayrimenkul.com/mahalleler/devlet/adalar/18708-1
46	0	10.5	https://www.siringayrimenkul.com/mahalleler/devlet/adalar/18709-1
4	0	11.3	https://www.siringayrimenkul.com/mahalleler/devlet/adalar/46517-1
17	0	10.9	https://www.siringayrimenkul.com/mahalleler/devlet/adalar/46518-1
20	0	9.7	https://www.siringayrimenkul.com/mahalleler/devlet/adalar/46520-1
5	0	5.0	https://www.siringayrimenkul.com/mahalleler/devlet/adalar/46521-1
28	0	7.7	https://www.siringayrimenkul.com/mahalleler/devlet/alis-sitesi
44	0	7.2	https://www.siringayrimenkul.com/mahalleler/devlet/arslanlar-sitesi
9	0	8.9	https://www.siringayrimenkul.com/mahalleler/devlet/bilgi-sevgi-hosgoru-sitesi
78	0	7.6	https://www.siringayrimenkul.com/mahalleler/devlet/camdali-sitesi
2	0	9.0	https://www.siringayrimenkul.com/mahalleler/devlet/ilk-bahar-sitesi
3	0	5.7	https://www.siringayrimenkul.com/mahalleler/devlet/mil-kooperatifi-sitesi
170	0	6.7	https://www.siringayrimenkul.com/mahalleler/devlet/ornek-ari-sitesi
3	0	6.7	https://www.siringayrimenkul.com/mahalleler/devlet/ornek-tes-is-sitesi
12	0	5.9	https://www.siringayrimenkul.com/mahalleler/devlet/ozarda-gokturk-sitesi
11	0	7.5	https://www.siringayrimenkul.com/mahalleler/devlet/tes-is-bloklari
4	0	7.0	https://www.siringayrimenkul.com/mahalleler/devlet/turgut-aslan-sitesi
7	0	6.0	https://www.siringayrimenkul.com/mahalleler/devlet/yeni-huzur-bahcesi-sitesi
6	0	7.8	https://www.siringayrimenkul.com/mahalleler/eryaman-mahallesi/adalar/16415-1
5	0	5.6	https://www.siringayrimenkul.com/mahalleler/eryaman-mahallesi/adalar/16418-1
8	0	7.3	https://www.siringayrimenkul.com/mahalleler/eryaman-mahallesi/adalar/45793-15
19	0	8.2	https://www.siringayrimenkul.com/mahalleler/eryaman-mahallesi/adalar/45923-1
9	0	7.1	https://www.siringayrimenkul.com/mahalleler/eryaman-mahallesi/adalar/45923-2
70	0	8.6	https://www.siringayrimenkul.com/mahalleler/eryaman-mahallesi/adalar/45926-3
12	0	9.4	https://www.siringayrimenkul.com/mahalleler/eryaman-mahallesi/adalar/45926-4
1	0	10.0	https://www.siringayrimenkul.com/mahalleler/eryaman-mahallesi/adalar/46382-1
16	0	9.7	https://www.siringayrimenkul.com/mahalleler/eryaman-mahallesi/adalar/46383-1
17	0	11.0	https://www.siringayrimenkul.com/mahalleler/eryaman-mahallesi/adalar/46385-5
1	0	9.0	https://www.siringayrimenkul.com/mahalleler/eryaman-mahallesi/adalar/46385-9
7	0	16.9	https://www.siringayrimenkul.com/mahalleler/eryaman-mahallesi/adalar/46391-1
1	0	10.0	https://www.siringayrimenkul.com/mahalleler/eryaman-mahallesi/adalar/46515-1
20	0	10.1	https://www.siringayrimenkul.com/mahalleler/eryaman-mahallesi/adalar/46524-1
3	0	5.7	https://www.siringayrimenkul.com/mahalleler/eryaman-mahallesi/adalar/46528-1
5	0	7.0	https://www.siringayrimenkul.com/mahalleler/eryaman-mahallesi/adalar/46530-1
9	0	7.8	https://www.siringayrimenkul.com/mahalleler/eryaman-mahallesi/adalar/46531-1
70	0	8.5	https://www.siringayrimenkul.com/mahalleler/eryaman-mahallesi/adalar/46535-2
6	0	7.8	https://www.siringayrimenkul.com/mahalleler/eryaman-mahallesi/adalar/46539-1
57	0	9.6	https://www.siringayrimenkul.com/mahalleler/eryaman-mahallesi/adalar/46540-1
4	0	8.0	https://www.siringayrimenkul.com/mahalleler/eryaman-mahallesi/adalar/46541-1
8	0	9.0	https://www.siringayrimenkul.com/mahalleler/eryaman-mahallesi/adalar/46542-1
49	0	7.3	https://www.siringayrimenkul.com/mahalleler/eryaman-mahallesi/adalar/48297-1
9	0	9.7	https://www.siringayrimenkul.com/mahalleler/eryaman-mahallesi/adalar/48298-1
13	0	8.0	https://www.siringayrimenkul.com/mahalleler/eryaman-mahallesi/adalar/48964-2
28	0	8.1	https://www.siringayrimenkul.com/mahalleler/eryaman-mahallesi/akkonaklar-sitesi
114	0	9.8	https://www.siringayrimenkul.com/mahalleler/eryaman-mahallesi/ankapark-konutlari
19	0	13.2	https://www.siringayrimenkul.com/mahalleler/eryaman-mahallesi/armina-park-evleri
20	0	6.5	https://www.siringayrimenkul.com/mahalleler/eryaman-mahallesi/atakent-metro-sitesi
31	0	7.2	https://www.siringayrimenkul.com/mahalleler/eryaman-mahallesi/caglar-sitesi
46	0	6.7	https://www.siringayrimenkul.com/mahalleler/eryaman-mahallesi/cumhuriyet-sitesi
29	0	8.7	https://www.siringayrimenkul.com/mahalleler/eryaman-mahallesi/dogakent-konutlari
23	0	4.8	https://www.siringayrimenkul.com/mahalleler/eryaman-mahallesi/isikkent-sitesi
5	0	8.6	https://www.siringayrimenkul.com/mahalleler/eryaman-mahallesi/pinar-sitesi
49	0	10.1	https://www.siringayrimenkul.com/mahalleler/eryaman-mahallesi/ra-da-life
6	0	9.7	https://www.siringayrimenkul.com/mahalleler/eryaman-mahallesi/toki-konutlari
120	0	7.4	https://www.siringayrimenkul.com/mahalleler/eryaman/adalar/45793-15
5	0	8.4	https://www.siringayrimenkul.com/mahalleler/eryaman/adalar/45794-15
15	0	10.1	https://www.siringayrimenkul.com/mahalleler/eryaman/adalar/45919-1
7	0	7.1	https://www.siringayrimenkul.com/mahalleler/eryaman/adalar/45923-2
8	0	6.8	https://www.siringayrimenkul.com/mahalleler/eryaman/adalar/45926-2
4	0	6.0	https://www.siringayrimenkul.com/mahalleler/eryaman/adalar/45926-3
13	0	9.6	https://www.siringayrimenkul.com/mahalleler/eryaman/adalar/45928-1
7	0	9.6	https://www.siringayrimenkul.com/mahalleler/eryaman/adalar/46382-1
13	0	6.9	https://www.siringayrimenkul.com/mahalleler/eryaman/adalar/46383-1
39	0	9.3	https://www.siringayrimenkul.com/mahalleler/eryaman/adalar/46385-5
32	0	6.8	https://www.siringayrimenkul.com/mahalleler/eryaman/adalar/46385-9
7	0	6.7	https://www.siringayrimenkul.com/mahalleler/eryaman/adalar/46390-1
62	0	9.7	https://www.siringayrimenkul.com/mahalleler/eryaman/adalar/46391-1
1	0	19.0	https://www.siringayrimenkul.com/mahalleler/eryaman/adalar/46515-1
4	0	12.3	https://www.siringayrimenkul.com/mahalleler/eryaman/adalar/46523-8
8	0	8.3	https://www.siringayrimenkul.com/mahalleler/eryaman/adalar/46526-2
7	0	7.6	https://www.siringayrimenkul.com/mahalleler/eryaman/adalar/46527-1
7	0	11.9	https://www.siringayrimenkul.com/mahalleler/eryaman/adalar/46532-1
33	0	8.9	https://www.siringayrimenkul.com/mahalleler/eryaman/adalar/46533-1
58	0	9.1	https://www.siringayrimenkul.com/mahalleler/eryaman/adalar/46534-2
15	0	8.2	https://www.siringayrimenkul.com/mahalleler/eryaman/adalar/46539-1
44	0	7.7	https://www.siringayrimenkul.com/mahalleler/eryaman/adalar/46541-1
6	0	9.0	https://www.siringayrimenkul.com/mahalleler/eryaman/adalar/46546-1
4	0	6.0	https://www.siringayrimenkul.com/mahalleler/eryaman/adalar/48298-1
20	0	9.6	https://www.siringayrimenkul.com/mahalleler/eryaman/adalar/48964-2
40	0	8.6	https://www.siringayrimenkul.com/mahalleler/eryaman/akasya-evleri
27	0	7.8	https://www.siringayrimenkul.com/mahalleler/eryaman/ay-sitesi
28	0	8.6	https://www.siringayrimenkul.com/mahalleler/eryaman/beyaz-residence
25	0	9.6	https://www.siringayrimenkul.com/mahalleler/eryaman/dogakent-konutlari
5	0	8.0	https://www.siringayrimenkul.com/mahalleler/eryaman/gestas-toki
161	0	8.6	https://www.siringayrimenkul.com/mahalleler/eryaman/ilke-sitesi
9	0	9.9	https://www.siringayrimenkul.com/mahalleler/eryaman/maximum-konutlari
7	0	9.9	https://www.siringayrimenkul.com/mahalleler/eryaman/ra-da-life
10	0	7.1	https://www.siringayrimenkul.com/mahalleler/eryaman/sehr-i-huzur-gold-konutlari
18	0	8.9	https://www.siringayrimenkul.com/mahalleler/eryaman/sehr-i-huzur-prestij-konutlari
100	0	9.8	https://www.siringayrimenkul.com/mahalleler/eryaman/yeni-portakal-cicegi-sitesi
30	0	7.7	https://www.siringayrimenkul.com/mahalleler/goksu
173	0	8.4	https://www.siringayrimenkul.com/mahalleler/goksu-mahallesi
23	0	7.8	https://www.siringayrimenkul.com/mahalleler/goksu-mahallesi/adalar/46453-1
30	0	10.2	https://www.siringayrimenkul.com/mahalleler/goksu-mahallesi/adalar/46456-1
12	0	11.7	https://www.siringayrimenkul.com/mahalleler/goksu-mahallesi/adalar/46466-1
29	0	15.1	https://www.siringayrimenkul.com/mahalleler/goksu-mahallesi/adalar/46469-5
17	0	15.0	https://www.siringayrimenkul.com/mahalleler/goksu-mahallesi/adalar/46477-1
45	0	17.0	https://www.siringayrimenkul.com/mahalleler/goksu-mahallesi/adalar/46478-1
23	0	8.8	https://www.siringayrimenkul.com/mahalleler/goksu-mahallesi/adalar/48145-1
3	0	7.7	https://www.siringayrimenkul.com/mahalleler/goksu-mahallesi/adalar/48146-1
2	0	16.0	https://www.siringayrimenkul.com/mahalleler/goksu-mahallesi/adalar/48147-1
1	0	8.0	https://www.siringayrimenkul.com/mahalleler/goksu-mahallesi/adalar/63357-2
12	0	11.2	https://www.siringayrimenkul.com/mahalleler/goksu-mahallesi/adalar/63379-5
5	0	11.8	https://www.siringayrimenkul.com/mahalleler/goksu-mahallesi/adalar/63379-6
1	0	4.0	https://www.siringayrimenkul.com/mahalleler/goksu-mahallesi/adalar/63379-7
1	0	6.0	https://www.siringayrimenkul.com/mahalleler/goksu-mahallesi/adalar/63380-1
18	0	10.2	https://www.siringayrimenkul.com/mahalleler/goksu-mahallesi/adalar/63380-2
7	0	10.9	https://www.siringayrimenkul.com/mahalleler/goksu-mahallesi/adalar/63381-1
20	0	10.6	https://www.siringayrimenkul.com/mahalleler/goksu-mahallesi/adalar/63388-2
33	0	8.9	https://www.siringayrimenkul.com/mahalleler/goksu-mahallesi/adalar/63388-3
13	0	9.4	https://www.siringayrimenkul.com/mahalleler/goksu-mahallesi/adalar/63396-4
4	0	8.8	https://www.siringayrimenkul.com/mahalleler/goksu-mahallesi/adalar/63407-2
3	0	9.7	https://www.siringayrimenkul.com/mahalleler/goksu-mahallesi/adalar/63932-2
9	0	7.6	https://www.siringayrimenkul.com/mahalleler/goksu-mahallesi/adalar/64517-1
4	0	23.0	https://www.siringayrimenkul.com/mahalleler/goksu-mahallesi/agacli-gol-sitesi
160	0	8.0	https://www.siringayrimenkul.com/mahalleler/goksu-mahallesi/aksafak-sitesi
41	0	8.5	https://www.siringayrimenkul.com/mahalleler/goksu-mahallesi/angora-sitesi
1	0	9.0	https://www.siringayrimenkul.com/mahalleler/goksu-mahallesi/eceser-sitesi
43	0	10.5	https://www.siringayrimenkul.com/mahalleler/goksu-mahallesi/enday-sitesi
25	0	9.4	https://www.siringayrimenkul.com/mahalleler/goksu-mahallesi/hava-destek-sitesi
9	0	5.7	https://www.siringayrimenkul.com/mahalleler/goksu-mahallesi/havacilar-sitesi
14	0	7.4	https://www.siringayrimenkul.com/mahalleler/goksu-mahallesi/hekimler-ve-saglikcilar-sitesi
63	0	8.3	https://www.siringayrimenkul.com/mahalleler/goksu-mahallesi/koru-eryaman
30	0	8.9	https://www.siringayrimenkul.com/mahalleler/goksu-mahallesi/merkez-sitesi
4	0	5.0	https://www.siringayrimenkul.com/mahalleler/goksu-mahallesi/meydan-eryaman
4	0	8.0	https://www.siringayrimenkul.com/mahalleler/goksu-mahallesi/mutlu-sitesi
114	0	8.8	https://www.siringayrimenkul.com/mahalleler/goksu-mahallesi/park-inci-konutlari
48	0	7.6	https://www.siringayrimenkul.com/mahalleler/goksu-mahallesi/sergoksu-konutlari
176	0	9.4	https://www.siringayrimenkul.com/mahalleler/goksu-mahallesi/vaditepe-baspinar
1	0	2.0	https://www.siringayrimenkul.com/mahalleler/goksu-maharmesi/admira-goksu-konutlari
11	0	8.7	https://www.siringayrimenkul.com/mahalleler/goksu/adalar/16828-4
34	0	8.7	https://www.siringayrimenkul.com/mahalleler/goksu/adalar/46453-1
11	0	6.9	https://www.siringayrimenkul.com/mahalleler/goksu/adalar/46454-1
22	0	24.3	https://www.siringayrimenkul.com/mahalleler/goksu/adalar/46456-1
53	0	8.7	https://www.siringayrimenkul.com/mahalleler/goksu/adalar/46457-1
24	0	9.6	https://www.siringayrimenkul.com/mahalleler/goksu/adalar/46458-11
8	0	8.5	https://www.siringayrimenkul.com/mahalleler/goksu/adalar/46460-1
66	0	8.8	https://www.siringayrimenkul.com/mahalleler/goksu/adalar/46465-1
25	0	10.2	https://www.siringayrimenkul.com/mahalleler/goksu/adalar/46467-1
3	0	7.0	https://www.siringayrimenkul.com/mahalleler/goksu/adalar/46470-1
1	0	11.0	https://www.siringayrimenkul.com/mahalleler/goksu/adalar/46474-1
14	0	39.3	https://www.siringayrimenkul.com/mahalleler/goksu/adalar/46477-1
12	0	12.6	https://www.siringayrimenkul.com/mahalleler/goksu/adalar/46478-1
11	0	8.1	https://www.siringayrimenkul.com/mahalleler/goksu/adalar/46479-2
5	0	27.4	https://www.siringayrimenkul.com/mahalleler/goksu/adalar/46480-1
92	0	9.4	https://www.siringayrimenkul.com/mahalleler/goksu/adalar/46481-1
38	0	9.2	https://www.siringayrimenkul.com/mahalleler/goksu/adalar/46482-1
1	0	10.0	https://www.siringayrimenkul.com/mahalleler/goksu/adalar/46483-1
18	0	6.7	https://www.siringayrimenkul.com/mahalleler/goksu/adalar/48056-1
2	0	8.0	https://www.siringayrimenkul.com/mahalleler/goksu/adalar/48145-1
39	0	9.4	https://www.siringayrimenkul.com/mahalleler/goksu/adalar/48146-1
24	0	8.9	https://www.siringayrimenkul.com/mahalleler/goksu/adalar/63379-5
92	0	8.9	https://www.siringayrimenkul.com/mahalleler/goksu/adalar/63379-7
5	0	6.8	https://www.siringayrimenkul.com/mahalleler/goksu/adalar/63380-1
10	0	8.5	https://www.siringayrimenkul.com/mahalleler/goksu/adalar/63381-1
9	0	10.8	https://www.siringayrimenkul.com/mahalleler/goksu/adalar/63388-2
70	0	7.6	https://www.siringayrimenkul.com/mahalleler/goksu/adalar/63388-3
2	0	11.5	https://www.siringayrimenkul.com/mahalleler/goksu/adalar/63391-1
25	0	6.4	https://www.siringayrimenkul.com/mahalleler/goksu/adalar/63391-4
154	0	7.4	https://www.siringayrimenkul.com/mahalleler/goksu/adalar/63396-1
14	0	8.6	https://www.siringayrimenkul.com/mahalleler/goksu/adalar/63396-2
19	0	6.2	https://www.siringayrimenkul.com/mahalleler/goksu/adalar/63396-3
1	0	9.0	https://www.siringayrimenkul.com/mahalleler/goksu/adalar/63400-1
11	0	7.8	https://www.siringayrimenkul.com/mahalleler/goksu/adalar/63400-2
15	0	10.1	https://www.siringayrimenkul.com/mahalleler/goksu/adalar/63404-3
1	0	6.0	https://www.siringayrimenkul.com/mahalleler/goksu/adalar/63407-2
2	0	7.5	https://www.siringayrimenkul.com/mahalleler/goksu/adalar/63932-1
4	0	6.8	https://www.siringayrimenkul.com/mahalleler/goksu/adalar/63932-2
60	0	9.4	https://www.siringayrimenkul.com/mahalleler/goksu/adalar/63933-2
3	0	3.7	https://www.siringayrimenkul.com/mahalleler/goksu/akduzen-sitesi
27	0	7.8	https://www.siringayrimenkul.com/mahalleler/goksu/alina-konutlari
4	0	19.5	https://www.siringayrimenkul.com/mahalleler/goksu/arissa-goksu
1	0	1.0	https://www.siringayrimenkul.com/mahalleler/goksu/eceser-sitesi
6	0	5.2	https://www.siringayrimenkul.com/mahalleler/goksu/goksu-arma
24	0	9.1	https://www.siringayrimenkul.com/mahalleler/goksu/green-life-goksu
5	0	8.0	https://www.siringayrimenkul.com/mahalleler/goksu/green-life-goksu-konutlari
6	0	8.3	https://www.siringayrimenkul.com/mahalleler/goksu/hava-destek-sitesi
7	0	5.4	https://www.siringayrimenkul.com/mahalleler/goksu/havuzlu-evler-sitesi
18	0	5.1	https://www.siringayrimenkul.com/mahalleler/goksu/kafdagi-sitesi
14	0	4.4	https://www.siringayrimenkul.com/mahalleler/goksu/lake-life
1	0	8.0	https://www.siringayrimenkul.com/mahalleler/goksu/ma1-tower
56	0	10.4	https://www.siringayrimenkul.com/mahalleler/goksu/maybak-konutlari
17	0	6.4	https://www.siringayrimenkul.com/mahalleler/goksu/neovadi-konutlari
6	0	6.8	https://www.siringayrimenkul.com/mahalleler/goksu/polsan-1-bahar-sitesi
47	0	7.6	https://www.siringayrimenkul.com/mahalleler/goksu/sergoksu-konutlari
41	0	9.1	https://www.siringayrimenkul.com/mahalleler/goksu/sude-konutlari
6	0	5.5	https://www.siringayrimenkul.com/mahalleler/goksu/uzunali-goksu-konutlari
3	0	7.3	https://www.siringayrimenkul.com/mahalleler/guzelkent-mahallesi/adalar/18451-1
2	0	11.0	https://www.siringayrimenkul.com/mahalleler/guzelkent-mahallesi/adalar/18452-1
16	0	8.9	https://www.siringayrimenkul.com/mahalleler/guzelkent-mahallesi/adalar/18454-1
14	0	9.1	https://www.siringayrimenkul.com/mahalleler/guzelkent-mahallesi/adalar/18462-1
5	0	9.2	https://www.siringayrimenkul.com/mahalleler/guzelkent-mahallesi/adalar/18469-1
29	0	6.1	https://www.siringayrimenkul.com/mahalleler/guzelkent-mahallesi/adalar/18476-1
5	0	7.4	https://www.siringayrimenkul.com/mahalleler/guzelkent-mahallesi/adalar/18477-1
22	0	8.7	https://www.siringayrimenkul.com/mahalleler/guzelkent-mahallesi/adalar/18490-1
13	0	10.5	https://www.siringayrimenkul.com/mahalleler/guzelkent-mahallesi/adalar/18503-1
11	0	8.5	https://www.siringayrimenkul.com/mahalleler/guzelkent-mahallesi/adalar/18506-1
29	0	7.7	https://www.siringayrimenkul.com/mahalleler/guzelkent-mahallesi/adalar/18511-1
26	0	8.2	https://www.siringayrimenkul.com/mahalleler/guzelkent-mahallesi/adalar/18512-1
6	0	8.8	https://www.siringayrimenkul.com/mahalleler/guzelkent-mahallesi/adalar/18519-1
5	0	9.6	https://www.siringayrimenkul.com/mahalleler/guzelkent-mahallesi/adalar/18520-1
10	0	9.4	https://www.siringayrimenkul.com/mahalleler/guzelkent-mahallesi/adalar/18521-1
13	0	10.0	https://www.siringayrimenkul.com/mahalleler/guzelkent-mahallesi/adalar/18638-1
1	0	7.0	https://www.siringayrimenkul.com/mahalleler/guzelkent-mahallesi/adalar/18641-1
19	0	9.3	https://www.siringayrimenkul.com/mahalleler/guzelkent-mahallesi/adalar/18642-1
7	0	7.9	https://www.siringayrimenkul.com/mahalleler/guzelkent-mahallesi/adalar/18651-1
62	0	8.2	https://www.siringayrimenkul.com/mahalleler/guzelkent-mahallesi/adalar/18652-1
19	0	10.1	https://www.siringayrimenkul.com/mahalleler/guzelkent-mahallesi/adalar/18655-1
6	0	9.5	https://www.siringayrimenkul.com/mahalleler/guzelkent-mahallesi/adalar/18662-1
4	0	9.8	https://www.siringayrimenkul.com/mahalleler/guzelkent-mahallesi/adalar/18663-1
2	0	6.5	https://www.siringayrimenkul.com/mahalleler/guzelkent-mahallesi/adalar/18664-1
1	0	4.0	https://www.siringayrimenkul.com/mahalleler/guzelkent-mahallesi/adalar/18665-1
34	0	8.8	https://www.siringayrimenkul.com/mahalleler/guzelkent-mahallesi/adalar/18666-1
16	0	7.8	https://www.siringayrimenkul.com/mahalleler/guzelkent-mahallesi/adalar/18669-1
6	0	7.5	https://www.siringayrimenkul.com/mahalleler/guzelkent-mahallesi/adalar/18671-1
9	0	10.3	https://www.siringayrimenkul.com/mahalleler/guzelkent-mahallesi/adalar/18672-1
11	0	8.0	https://www.siringayrimenkul.com/mahalleler/guzelkent-mahallesi/adalar/19504-1
8	0	10.0	https://www.siringayrimenkul.com/mahalleler/guzelkent-mahallesi/adalar/19516-4
7	0	6.9	https://www.siringayrimenkul.com/mahalleler/guzelkent-mahallesi/adalar/19517-4
78	0	8.1	https://www.siringayrimenkul.com/mahalleler/guzelkent-mahallesi/akkonak-sitesi
10	0	8.2	https://www.siringayrimenkul.com/mahalleler/guzelkent-mahallesi/aknergiz-sitesi
7	0	6.7	https://www.siringayrimenkul.com/mahalleler/guzelkent-mahallesi/aksu-sitesi
19	0	7.3	https://www.siringayrimenkul.com/mahalleler/guzelkent-mahallesi/angora-sitesi
2	0	5.0	https://www.siringayrimenkul.com/mahalleler/guzelkent-mahallesi/ankolular-sitesi
13	0	6.4	https://www.siringayrimenkul.com/mahalleler/guzelkent-mahallesi/buyuk-ankara-sitesi
22	0	8.7	https://www.siringayrimenkul.com/mahalleler/guzelkent-mahallesi/cagdas-95-sitesi
14	0	6.4	https://www.siringayrimenkul.com/mahalleler/guzelkent-mahallesi/didem-sitesi
16	0	6.9	https://www.siringayrimenkul.com/mahalleler/guzelkent-mahallesi/erenkoy-sitesi
18	0	7.9	https://www.siringayrimenkul.com/mahalleler/guzelkent-mahallesi/gulenkent-sitesi
95	0	9.0	https://www.siringayrimenkul.com/mahalleler/guzelkent-mahallesi/guzel-ankara-sitesi
29	0	8.4	https://www.siringayrimenkul.com/mahalleler/guzelkent-mahallesi/korukent-sitesi
7	0	9.1	https://www.siringayrimenkul.com/mahalleler/guzelkent-mahallesi/mesa-sitesi
46	0	10.2	https://www.siringayrimenkul.com/mahalleler/guzelkent-mahallesi/ozle-iletisim-sitesi
28	0	11.8	https://www.siringayrimenkul.com/mahalleler/guzelkent-mahallesi/portakal-cicegi
20	0	8.0	https://www.siringayrimenkul.com/mahalleler/guzelkent-mahallesi/portakal-cicegi-2-sitesi
24	0	6.1	https://www.siringayrimenkul.com/mahalleler/guzelkent-mahallesi/postakent-sitesi
20	0	6.0	https://www.siringayrimenkul.com/mahalleler/guzelkent-mahallesi/sahinbey-sitesi
28	0	8.6	https://www.siringayrimenkul.com/mahalleler/guzelkent-mahallesi/sirin-91-sitesi
14	0	7.1	https://www.siringayrimenkul.com/mahalleler/guzelkent-mahallesi/yayikli-4-sitesi
64	0	6.6	https://www.siringayrimenkul.com/mahalleler/guzelkent-mahallesi/yenigun-isigi-sitesi
27	0	9.4	https://www.siringayrimenkul.com/mahalleler/guzelkent/adalar/18450-1
11	0	9.7	https://www.siringayrimenkul.com/mahalleler/guzelkent/adalar/18451-1
6	0	10.8	https://www.siringayrimenkul.com/mahalleler/guzelkent/adalar/18452-1
18	0	8.9	https://www.siringayrimenkul.com/mahalleler/guzelkent/adalar/18454-1
9	0	9.8	https://www.siringayrimenkul.com/mahalleler/guzelkent/adalar/18455-1
16	0	11.3	https://www.siringayrimenkul.com/mahalleler/guzelkent/adalar/18460-1
3	0	7.7	https://www.siringayrimenkul.com/mahalleler/guzelkent/adalar/18461-1
16	0	10.9	https://www.siringayrimenkul.com/mahalleler/guzelkent/adalar/18463-1
39	0	7.4	https://www.siringayrimenkul.com/mahalleler/guzelkent/adalar/18465-1
5	0	12.4	https://www.siringayrimenkul.com/mahalleler/guzelkent/adalar/18466-1
8	0	10.5	https://www.siringayrimenkul.com/mahalleler/guzelkent/adalar/18472-1
5	0	10.8	https://www.siringayrimenkul.com/mahalleler/guzelkent/adalar/18474-1
11	0	10.2	https://www.siringayrimenkul.com/mahalleler/guzelkent/adalar/18475-1
5	0	7.6	https://www.siringayrimenkul.com/mahalleler/guzelkent/adalar/18476-1
8	0	9.9	https://www.siringayrimenkul.com/mahalleler/guzelkent/adalar/18479-1
10	0	9.6	https://www.siringayrimenkul.com/mahalleler/guzelkent/adalar/18481-1
20	0	9.6	https://www.siringayrimenkul.com/mahalleler/guzelkent/adalar/18482-1
8	0	6.8	https://www.siringayrimenkul.com/mahalleler/guzelkent/adalar/18483-1
42	0	8.3	https://www.siringayrimenkul.com/mahalleler/guzelkent/adalar/18484-1
48	0	9.9	https://www.siringayrimenkul.com/mahalleler/guzelkent/adalar/18485-1
20	0	11.7	https://www.siringayrimenkul.com/mahalleler/guzelkent/adalar/18486-1
11	0	10.9	https://www.siringayrimenkul.com/mahalleler/guzelkent/adalar/18487-1
1	0	7.0	https://www.siringayrimenkul.com/mahalleler/guzelkent/adalar/18488-1
28	0	10.8	https://www.siringayrimenkul.com/mahalleler/guzelkent/adalar/18489-1
20	0	9.8	https://www.siringayrimenkul.com/mahalleler/guzelkent/adalar/18490-1
16	0	8.7	https://www.siringayrimenkul.com/mahalleler/guzelkent/adalar/18491-1
1	0	10.0	https://www.siringayrimenkul.com/mahalleler/guzelkent/adalar/18493-1
8	0	2.9	https://www.siringayrimenkul.com/mahalleler/guzelkent/adalar/18497-1
15	0	9.7	https://www.siringayrimenkul.com/mahalleler/guzelkent/adalar/18500-1
1	0	6.0	https://www.siringayrimenkul.com/mahalleler/guzelkent/adalar/18501-1
2	0	10.5	https://www.siringayrimenkul.com/mahalleler/guzelkent/adalar/18502-1
65	0	8.4	https://www.siringayrimenkul.com/mahalleler/guzelkent/adalar/18504-1
2	0	10.5	https://www.siringayrimenkul.com/mahalleler/guzelkent/adalar/18512-1
2	0	6.5	https://www.siringayrimenkul.com/mahalleler/guzelkent/adalar/18517-1
2	0	12.5	https://www.siringayrimenkul.com/mahalleler/guzelkent/adalar/18520-1
25	0	8.0	https://www.siringayrimenkul.com/mahalleler/guzelkent/adalar/18521-1
18	0	7.4	https://www.siringayrimenkul.com/mahalleler/guzelkent/adalar/18638-1
6	0	10.2	https://www.siringayrimenkul.com/mahalleler/guzelkent/adalar/18639-1
22	0	9.0	https://www.siringayrimenkul.com/mahalleler/guzelkent/adalar/18640-1
9	0	9.7	https://www.siringayrimenkul.com/mahalleler/guzelkent/adalar/18641-1
29	0	8.1	https://www.siringayrimenkul.com/mahalleler/guzelkent/adalar/18642-1
13	0	9.3	https://www.siringayrimenkul.com/mahalleler/guzelkent/adalar/18644-1
1	0	8.0	https://www.siringayrimenkul.com/mahalleler/guzelkent/adalar/18645-1
18	0	8.9	https://www.siringayrimenkul.com/mahalleler/guzelkent/adalar/18650-1
10	0	11.7	https://www.siringayrimenkul.com/mahalleler/guzelkent/adalar/18654-1
3	0	12.7	https://www.siringayrimenkul.com/mahalleler/guzelkent/adalar/18656-1
2	0	14.0	https://www.siringayrimenkul.com/mahalleler/guzelkent/adalar/18660-1
15	0	8.6	https://www.siringayrimenkul.com/mahalleler/guzelkent/adalar/18663-1
6	0	10.2	https://www.siringayrimenkul.com/mahalleler/guzelkent/adalar/18664-1
37	0	7.8	https://www.siringayrimenkul.com/mahalleler/guzelkent/adalar/18666-1
35	0	10.4	https://www.siringayrimenkul.com/mahalleler/guzelkent/adalar/18669-1
19	0	10.5	https://www.siringayrimenkul.com/mahalleler/guzelkent/adalar/18670-1
9	0	9.6	https://www.siringayrimenkul.com/mahalleler/guzelkent/adalar/18671-1
4	0	7.3	https://www.siringayrimenkul.com/mahalleler/guzelkent/adalar/18672-1
13	0	6.8	https://www.siringayrimenkul.com/mahalleler/guzelkent/adalar/19504-1
13	0	8.9	https://www.siringayrimenkul.com/mahalleler/guzelkent/adalar/19516-2
3	0	9.7	https://www.siringayrimenkul.com/mahalleler/guzelkent/adalar/19516-5
2	0	12.5	https://www.siringayrimenkul.com/mahalleler/guzelkent/adalar/19516-6
5	0	11.0	https://www.siringayrimenkul.com/mahalleler/guzelkent/adalar/19517-1
9	0	8.4	https://www.siringayrimenkul.com/mahalleler/guzelkent/ak-91-sitesi
9	0	5.9	https://www.siringayrimenkul.com/mahalleler/guzelkent/akkonak-sitesi
15	0	8.4	https://www.siringayrimenkul.com/mahalleler/guzelkent/anadolu-sitesi
1	0	28.0	https://www.siringayrimenkul.com/mahalleler/guzelkent/angora-sitesi
18	0	6.9	https://www.siringayrimenkul.com/mahalleler/guzelkent/baskent-sular-sitesi
4	0	7.3	https://www.siringayrimenkul.com/mahalleler/guzelkent/boyut-sitesi
70	0	6.8	https://www.siringayrimenkul.com/mahalleler/guzelkent/buyuk-ankara-sitesi
34	0	7.1	https://www.siringayrimenkul.com/mahalleler/guzelkent/cagdas-95-sitesi
4	0	6.0	https://www.siringayrimenkul.com/mahalleler/guzelkent/cagdas-sistem-sitesi
7	0	6.7	https://www.siringayrimenkul.com/mahalleler/guzelkent/cankaya-vefa-sitesi
29	0	9.7	https://www.siringayrimenkul.com/mahalleler/guzelkent/elele-sitesi
6	0	5.5	https://www.siringayrimenkul.com/mahalleler/guzelkent/erenkoy-sitesi
3	0	11.7	https://www.siringayrimenkul.com/mahalleler/guzelkent/erkent-sitesi
62	0	7.4	https://www.siringayrimenkul.com/mahalleler/guzelkent/gokkusagi-sitesi
9	0	5.2	https://www.siringayrimenkul.com/mahalleler/guzelkent/gozde-1-sitesi
29	0	8.0	https://www.siringayrimenkul.com/mahalleler/guzelkent/gozde-91-sitesi
4	0	5.5	https://www.siringayrimenkul.com/mahalleler/guzelkent/guz-gol-sitesi
5	0	8.4	https://www.siringayrimenkul.com/mahalleler/guzelkent/isi-kent-sitesi
10	0	9.0	https://www.siringayrimenkul.com/mahalleler/guzelkent/karasimsek-sitesi
3	0	6.7	https://www.siringayrimenkul.com/mahalleler/guzelkent/kardelen-sitesi
16	0	7.3	https://www.siringayrimenkul.com/mahalleler/guzelkent/kucuk-ankara-villalari
11	0	7.1	https://www.siringayrimenkul.com/mahalleler/guzelkent/metro-yasam-sitesi
6	0	5.3	https://www.siringayrimenkul.com/mahalleler/guzelkent/ozuguzelkent-sitesi
5	0	5.4	https://www.siringayrimenkul.com/mahalleler/guzelkent/renk-villalari
54	0	7.7	https://www.siringayrimenkul.com/mahalleler/guzelkent/sahinbey-sitesi
7	0	6.9	https://www.siringayrimenkul.com/mahalleler/guzelkent/yenigun-isigi-sitesi
7	0	7.9	https://www.siringayrimenkul.com/mahalleler/guzelkent/yesil-guven-kent
29	0	9.3	https://www.siringayrimenkul.com/mahalleler/guzelkent/yesimkent
31	0	6.6	https://www.siringayrimenkul.com/mahalleler/sehit-osman-avci-mahallesi/75-yil-sitesi
10	0	7.8	https://www.siringayrimenkul.com/mahalleler/sehit-osman-avci-mahallesi/adalar/17462-1
11	0	9.8	https://www.siringayrimenkul.com/mahalleler/sehit-osman-avci-mahallesi/adalar/17465-1
2	0	7.5	https://www.siringayrimenkul.com/mahalleler/sehit-osman-avci-mahallesi/adalar/17470-1
5	0	7.4	https://www.siringayrimenkul.com/mahalleler/sehit-osman-avci-mahallesi/adalar/17472-1
10	0	9.2	https://www.siringayrimenkul.com/mahalleler/sehit-osman-avci-mahallesi/adalar/17487-1
10	0	9.9	https://www.siringayrimenkul.com/mahalleler/sehit-osman-avci-mahallesi/adalar/17489-1
11	0	10.4	https://www.siringayrimenkul.com/mahalleler/sehit-osman-avci-mahallesi/adalar/17490-1
2	0	8.5	https://www.siringayrimenkul.com/mahalleler/sehit-osman-avci-mahallesi/adalar/17491-1
6	0	7.3	https://www.siringayrimenkul.com/mahalleler/sehit-osman-avci-mahallesi/adalar/17498-1
2	0	6.0	https://www.siringayrimenkul.com/mahalleler/sehit-osman-avci-mahallesi/adalar/46362-1
13	0	14.6	https://www.siringayrimenkul.com/mahalleler/sehit-osman-avci-mahallesi/adalar/46619-7
30	0	20.9	https://www.siringayrimenkul.com/mahalleler/sehit-osman-avci-mahallesi/adalar/46622-1
4	0	6.0	https://www.siringayrimenkul.com/mahalleler/sehit-osman-avci-mahallesi/adalar/46623-4
24	0	12.3	https://www.siringayrimenkul.com/mahalleler/sehit-osman-avci-mahallesi/adalar/46624-1
22	0	7.7	https://www.siringayrimenkul.com/mahalleler/sehit-osman-avci-mahallesi/adalar/46628-7
10	0	8.1	https://www.siringayrimenkul.com/mahalleler/sehit-osman-avci-mahallesi/adalar/46638-1
15	0	9.1	https://www.siringayrimenkul.com/mahalleler/sehit-osman-avci-mahallesi/adalar/46641-1
47	0	9.6	https://www.siringayrimenkul.com/mahalleler/sehit-osman-avci-mahallesi/adalar/46642-5
83	0	9.3	https://www.siringayrimenkul.com/mahalleler/sehit-osman-avci-mahallesi/adalar/46651-6
79	0	7.9	https://www.siringayrimenkul.com/mahalleler/sehit-osman-avci-mahallesi/adalar/46652-1
2	0	5.0	https://www.siringayrimenkul.com/mahalleler/sehit-osman-avci-mahallesi/adalar/46652-2
30	0	8.2	https://www.siringayrimenkul.com/mahalleler/sehit-osman-avci-mahallesi/adalar/46653-3
135	0	8.0	https://www.siringayrimenkul.com/mahalleler/sehit-osman-avci-mahallesi/adalar/46654-5
141	0	8.1	https://www.siringayrimenkul.com/mahalleler/sehit-osman-avci-mahallesi/adalar/46654-6
9	0	7.7	https://www.siringayrimenkul.com/mahalleler/sehit-osman-avci-mahallesi/adalar/46659-2
38	0	9.4	https://www.siringayrimenkul.com/mahalleler/sehit-osman-avci-mahallesi/adalar/46659-4
51	0	8.3	https://www.siringayrimenkul.com/mahalleler/sehit-osman-avci-mahallesi/adalar/46659-6
25	0	9.4	https://www.siringayrimenkul.com/mahalleler/sehit-osman-avci-mahallesi/adalar/46660-1
13	0	8.6	https://www.siringayrimenkul.com/mahalleler/sehit-osman-avci-mahallesi/adalar/46664-2
15	0	8.8	https://www.siringayrimenkul.com/mahalleler/sehit-osman-avci-mahallesi/adalar/46667-2
25	0	8.0	https://www.siringayrimenkul.com/mahalleler/sehit-osman-avci-mahallesi/adalar/46667-3
7	0	8.1	https://www.siringayrimenkul.com/mahalleler/sehit-osman-avci-mahallesi/adalar/48581-3
4	0	5.3	https://www.siringayrimenkul.com/mahalleler/sehit-osman-avci-mahallesi/bossphorus-konutlari
22	0	8.4	https://www.siringayrimenkul.com/mahalleler/sehit-osman-avci-mahallesi/camlik-sitesi
35	0	6.5	https://www.siringayrimenkul.com/mahalleler/sehit-osman-avci-mahallesi/dalgic-residence
43	0	8.2	https://www.siringayrimenkul.com/mahalleler/sehit-osman-avci-mahallesi/eston-sitesi
36	0	7.3	https://www.siringayrimenkul.com/mahalleler/sehit-osman-avci-mahallesi/etaplar/2
359	0	8.4	https://www.siringayrimenkul.com/mahalleler/sehit-osman-avci-mahallesi/inci-life-residence
82	0	6.8	https://www.siringayrimenkul.com/mahalleler/sehit-osman-avci-mahallesi/intes-sitesi
22	0	6.5	https://www.siringayrimenkul.com/mahalleler/sehit-osman-avci-mahallesi/izo-ser-residence
4	0	7.8	https://www.siringayrimenkul.com/mahalleler/sehit-osman-avci-mahallesi/kardelen-sitesi
51	0	6.4	https://www.siringayrimenkul.com/mahalleler/sehit-osman-avci-mahallesi/kazim-sari-sitesi
21	0	6.9	https://www.siringayrimenkul.com/mahalleler/sehit-osman-avci-mahallesi/lale-kent-sitesi
32	0	6.3	https://www.siringayrimenkul.com/mahalleler/sehit-osman-avci-mahallesi/nefeskent-sitesi
7	0	6.7	https://www.siringayrimenkul.com/mahalleler/sehit-osman-avci-mahallesi/soyak-sitesi
24	0	6.3	https://www.siringayrimenkul.com/mahalleler/sehit-osman-avci-mahallesi/tan-yildizi-sitesi
34	0	6.2	https://www.siringayrimenkul.com/mahalleler/sehit-osman-avci-mahallesi/z-yayla-konutlari
2	0	6.5	https://www.siringayrimenkul.com/mahalleler/sehit-osman-avci/75-yil-sitesi
2	0	9.5	https://www.siringayrimenkul.com/mahalleler/sehit-osman-avci/adalar/17463-1
9	0	9.0	https://www.siringayrimenkul.com/mahalleler/sehit-osman-avci/adalar/17464-1
9	0	8.4	https://www.siringayrimenkul.com/mahalleler/sehit-osman-avci/adalar/17467-1
8	0	9.0	https://www.siringayrimenkul.com/mahalleler/sehit-osman-avci/adalar/17468-1
6	0	8.2	https://www.siringayrimenkul.com/mahalleler/sehit-osman-avci/adalar/17470-1
6	0	4.7	https://www.siringayrimenkul.com/mahalleler/sehit-osman-avci/adalar/17472-1
4	0	11.5	https://www.siringayrimenkul.com/mahalleler/sehit-osman-avci/adalar/17491-1
4	0	8.5	https://www.siringayrimenkul.com/mahalleler/sehit-osman-avci/adalar/17498-1
5	0	9.4	https://www.siringayrimenkul.com/mahalleler/sehit-osman-avci/adalar/46362-3
1	0	5.0	https://www.siringayrimenkul.com/mahalleler/sehit-osman-avci/adalar/46473-1
6	0	9.5	https://www.siringayrimenkul.com/mahalleler/sehit-osman-avci/adalar/46619-4
8	0	9.4	https://www.siringayrimenkul.com/mahalleler/sehit-osman-avci/adalar/46620-2
5	0	9.2	https://www.siringayrimenkul.com/mahalleler/sehit-osman-avci/adalar/46623-4
5	0	8.6	https://www.siringayrimenkul.com/mahalleler/sehit-osman-avci/adalar/46624-1
12	0	10.7	https://www.siringayrimenkul.com/mahalleler/sehit-osman-avci/adalar/46628-1
39	0	9.4	https://www.siringayrimenkul.com/mahalleler/sehit-osman-avci/adalar/46631-1
108	0	8.7	https://www.siringayrimenkul.com/mahalleler/sehit-osman-avci/adalar/46631-3
5	0	7.8	https://www.siringayrimenkul.com/mahalleler/sehit-osman-avci/adalar/46639-1
1	0	11.0	https://www.siringayrimenkul.com/mahalleler/sehit-osman-avci/adalar/46640-5
2	0	10.5	https://www.siringayrimenkul.com/mahalleler/sehit-osman-avci/adalar/46641-1
29	0	7.5	https://www.siringayrimenkul.com/mahalleler/sehit-osman-avci/adalar/46642-5
10	0	10.0	https://www.siringayrimenkul.com/mahalleler/sehit-osman-avci/adalar/46643-5
11	0	9.7	https://www.siringayrimenkul.com/mahalleler/sehit-osman-avci/adalar/46644-1
1	0	5.0	https://www.siringayrimenkul.com/mahalleler/sehit-osman-avci/adalar/46646-1
14	0	7.4	https://www.siringayrimenkul.com/mahalleler/sehit-osman-avci/adalar/46648-4
18	0	7.8	https://www.siringayrimenkul.com/mahalleler/sehit-osman-avci/adalar/46648-5
36	0	7.4	https://www.siringayrimenkul.com/mahalleler/sehit-osman-avci/adalar/46651-5
14	0	11.4	https://www.siringayrimenkul.com/mahalleler/sehit-osman-avci/adalar/46651-6
8	0	8.0	https://www.siringayrimenkul.com/mahalleler/sehit-osman-avci/adalar/46652-1
16	0	7.8	https://www.siringayrimenkul.com/mahalleler/sehit-osman-avci/adalar/46653-3
11	0	9.8	https://www.siringayrimenkul.com/mahalleler/sehit-osman-avci/adalar/46654-5
2	0	6.0	https://www.siringayrimenkul.com/mahalleler/sehit-osman-avci/adalar/46654-8
45	0	8.3	https://www.siringayrimenkul.com/mahalleler/sehit-osman-avci/adalar/46656-3
17	0	7.6	https://www.siringayrimenkul.com/mahalleler/sehit-osman-avci/adalar/46657-1
2	0	5.5	https://www.siringayrimenkul.com/mahalleler/sehit-osman-avci/adalar/46657-5
4	0	6.0	https://www.siringayrimenkul.com/mahalleler/sehit-osman-avci/adalar/46659-4
37	0	10.8	https://www.siringayrimenkul.com/mahalleler/sehit-osman-avci/adalar/46659-6
3	0	8.0	https://www.siringayrimenkul.com/mahalleler/sehit-osman-avci/adalar/46661-1
14	0	8.1	https://www.siringayrimenkul.com/mahalleler/sehit-osman-avci/adalar/46661-3
6	0	8.8	https://www.siringayrimenkul.com/mahalleler/sehit-osman-avci/adalar/46662-6
9	0	7.7	https://www.siringayrimenkul.com/mahalleler/sehit-osman-avci/adalar/46664-2
1	0	7.0	https://www.siringayrimenkul.com/mahalleler/sehit-osman-avci/adalar/46665-3
3	0	6.3	https://www.siringayrimenkul.com/mahalleler/sehit-osman-avci/adalar/46667-2
8	0	9.4	https://www.siringayrimenkul.com/mahalleler/sehit-osman-avci/adalar/46667-4
8	0	11.0	https://www.siringayrimenkul.com/mahalleler/sehit-osman-avci/adalar/48150-1
1	0	10.0	https://www.siringayrimenkul.com/mahalleler/sehit-osman-avci/adalar/48581-3
16	0	8.4	https://www.siringayrimenkul.com/mahalleler/sehit-osman-avci/address-goksu
23	0	9.6	https://www.siringayrimenkul.com/mahalleler/sehit-osman-avci/akin-688-konutlari
1	0	4.0	https://www.siringayrimenkul.com/mahalleler/sehit-osman-avci/arkadya-goksu-evleri
15	0	11.7	https://www.siringayrimenkul.com/mahalleler/sehit-osman-avci/bosphorus-ankara-konutlari
1	0	2.0	https://www.siringayrimenkul.com/mahalleler/sehit-osman-avci/bp-residence-eryaman
44	0	6.8	https://www.siringayrimenkul.com/mahalleler/sehit-osman-avci/camlik-sitesi
2	0	7.5	https://www.siringayrimenkul.com/mahalleler/sehit-osman-avci/daldikenler-yasemin-evleri-sitesi
8	0	4.5	https://www.siringayrimenkul.com/mahalleler/sehit-osman-avci/eston-sitesi
8	0	7.0	https://www.siringayrimenkul.com/mahalleler/sehit-osman-avci/garden-zirve
2	0	11.0	https://www.siringayrimenkul.com/mahalleler/sehit-osman-avci/gokdemirler-suit
50	0	8.0	https://www.siringayrimenkul.com/mahalleler/sehit-osman-avci/goksukent-sitesi
4	0	9.3	https://www.siringayrimenkul.com/mahalleler/sehit-osman-avci/golde-luxe-konutlari
48	0	7.0	https://www.siringayrimenkul.com/mahalleler/sehit-osman-avci/gungorler-tower
7	0	8.9	https://www.siringayrimenkul.com/mahalleler/sehit-osman-avci/hill-tower-cadde
26	0	8.5	https://www.siringayrimenkul.com/mahalleler/sehit-osman-avci/hill-tower-goksu
5	0	6.0	https://www.siringayrimenkul.com/mahalleler/sehit-osman-avci/lale-kent-sitesi
34	0	10.1	https://www.siringayrimenkul.com/mahalleler/sehit-osman-avci/maybak-sitesi
44	0	9.1	https://www.siringayrimenkul.com/mahalleler/sehit-osman-avci/metropark-concept
104	0	8.0	https://www.siringayrimenkul.com/mahalleler/sehit-osman-avci/mia-concept-konutlari
58	0	6.9	https://www.siringayrimenkul.com/mahalleler/sehit-osman-avci/neva-butik-home
4	0	5.8	https://www.siringayrimenkul.com/mahalleler/sehit-osman-avci/odevci-sitesi
7	0	5.7	https://www.siringayrimenkul.com/mahalleler/sehit-osman-avci/soyak-sitesi
2	0	5.0	https://www.siringayrimenkul.com/mahalleler/sehit-osman-avci/tureli-residence
114	0	7.8	https://www.siringayrimenkul.com/mahalleler/sehit-osman-avci/vera-city
2	0	7.5	https://www.siringayrimenkul.com/mahalleler/sehit-osman-avci/zekioglu-rezidans
291	0	9.3	https://www.siringayrimenkul.com/mahalleler/seker
54	0	7.8	https://www.siringayrimenkul.com/mahalleler/seker-mahallesi/adalar/45064-16
11	0	7.9	https://www.siringayrimenkul.com/mahalleler/seker-mahallesi/adalar/46361-5
44	0	8.1	https://www.siringayrimenkul.com/mahalleler/seker-mahallesi/adalar/46363-1
15	0	6.1	https://www.siringayrimenkul.com/mahalleler/seker-mahallesi/adalar/46368-1
57	0	8.7	https://www.siringayrimenkul.com/mahalleler/seker-mahallesi/adalar/46368-10
119	0	8.6	https://www.siringayrimenkul.com/mahalleler/seker-mahallesi/adalar/46368-11
42	0	9.7	https://www.siringayrimenkul.com/mahalleler/seker-mahallesi/adalar/48305-6
10	0	9.0	https://www.siringayrimenkul.com/mahalleler/seker-mahallesi/address-enda
46	0	6.2	https://www.siringayrimenkul.com/mahalleler/seker-mahallesi/altas-rezidans
60	0	6.2	https://www.siringayrimenkul.com/mahalleler/seker-mahallesi/golden-life-residence
10	0	5.8	https://www.siringayrimenkul.com/mahalleler/seker-mahallesi/rainbow-sitesi
7	0	6.1	https://www.siringayrimenkul.com/mahalleler/seker/adalar/46362-3
33	0	9.8	https://www.siringayrimenkul.com/mahalleler/seker/adalar/46362-4
58	0	8.1	https://www.siringayrimenkul.com/mahalleler/seker/altas-relax-line
16	0	5.7	https://www.siringayrimenkul.com/mahalleler/seker/altas-rezidans
12	0	6.8	https://www.siringayrimenkul.com/mahalleler/seker/izoser-residence
35	0	8.7	https://www.siringayrimenkul.com/mahalleler/seker/meydan-cadde
167	0	8.1	https://www.siringayrimenkul.com/mahalleler/seker/zirve-loft
101	0	8.1	https://www.siringayrimenkul.com/mahalleler/seyh-samil-mahallesi
5	0	7.4	https://www.siringayrimenkul.com/mahalleler/seyh-samil-mahallesi/adalar/17321-1
12	0	7.7	https://www.siringayrimenkul.com/mahalleler/seyh-samil-mahallesi/adalar/17322-1
18	0	8.8	https://www.siringayrimenkul.com/mahalleler/seyh-samil-mahallesi/adalar/17323-1
6	0	5.7	https://www.siringayrimenkul.com/mahalleler/seyh-samil-mahallesi/adalar/17325-1
19	0	8.8	https://www.siringayrimenkul.com/mahalleler/seyh-samil-mahallesi/adalar/17327-1
4	0	5.0	https://www.siringayrimenkul.com/mahalleler/seyh-samil-mahallesi/adalar/17328-1
4	0	5.0	https://www.siringayrimenkul.com/mahalleler/seyh-samil-mahallesi/adalar/17329-1
3	0	4.7	https://www.siringayrimenkul.com/mahalleler/seyh-samil-mahallesi/adalar/17330-1
7	0	7.3	https://www.siringayrimenkul.com/mahalleler/seyh-samil-mahallesi/adalar/17331-1
1	0	8.0	https://www.siringayrimenkul.com/mahalleler/seyh-samil-mahallesi/adalar/17332-1
18	0	6.1	https://www.siringayrimenkul.com/mahalleler/seyh-samil-mahallesi/adalar/17333-1
4	0	9.8	https://www.siringayrimenkul.com/mahalleler/seyh-samil-mahallesi/adalar/17335-1
11	0	6.4	https://www.siringayrimenkul.com/mahalleler/seyh-samil-mahallesi/adalar/17341-1
8	0	8.4	https://www.siringayrimenkul.com/mahalleler/seyh-samil-mahallesi/adalar/17342-1
2	0	7.0	https://www.siringayrimenkul.com/mahalleler/seyh-samil-mahallesi/adalar/17343-1
6	0	9.2	https://www.siringayrimenkul.com/mahalleler/seyh-samil-mahallesi/adalar/17345-1
13	0	8.5	https://www.siringayrimenkul.com/mahalleler/seyh-samil-mahallesi/adalar/17346-1
6	0	8.0	https://www.siringayrimenkul.com/mahalleler/seyh-samil-mahallesi/adalar/17349-1
13	0	6.9	https://www.siringayrimenkul.com/mahalleler/seyh-samil-mahallesi/adalar/17350-1
3	0	29.0	https://www.siringayrimenkul.com/mahalleler/seyh-samil-mahallesi/adalar/17352-1
1	0	11.0	https://www.siringayrimenkul.com/mahalleler/seyh-samil-mahallesi/adalar/17353-1
8	0	8.3	https://www.siringayrimenkul.com/mahalleler/seyh-samil-mahallesi/adalar/17354-1
7	0	5.9	https://www.siringayrimenkul.com/mahalleler/seyh-samil-mahallesi/adalar/17361-1
3	0	9.0	https://www.siringayrimenkul.com/mahalleler/seyh-samil-mahallesi/adalar/17362-1
1	0	13.0	https://www.siringayrimenkul.com/mahalleler/seyh-samil-mahallesi/adalar/17363-1
6	0	8.2	https://www.siringayrimenkul.com/mahalleler/seyh-samil-mahallesi/adalar/17364-1
11	0	8.9	https://www.siringayrimenkul.com/mahalleler/seyh-samil-mahallesi/adalar/17366-1
5	0	5.8	https://www.siringayrimenkul.com/mahalleler/seyh-samil-mahallesi/adalar/17367-1
102	0	8.1	https://www.siringayrimenkul.com/mahalleler/seyh-samil-mahallesi/adalar/46216-1
8	0	7.5	https://www.siringayrimenkul.com/mahalleler/seyh-samil-mahallesi/adalar/46221-1
1	0	11.0	https://www.siringayrimenkul.com/mahalleler/seyh-samil-mahallesi/adalar/46222-1
14	0	9.5	https://www.siringayrimenkul.com/mahalleler/seyh-samil-mahallesi/adalar/46224-1
10	0	13.4	https://www.siringayrimenkul.com/mahalleler/seyh-samil-mahallesi/adalar/46241-1
16	0	9.1	https://www.siringayrimenkul.com/mahalleler/seyh-samil-mahallesi/adalar/46261-1
23	0	5.5	https://www.siringayrimenkul.com/mahalleler/seyh-samil-mahallesi/adalar/46263-2
22	0	7.5	https://www.siringayrimenkul.com/mahalleler/seyh-samil-mahallesi/adalar/46263-3
9	0	8.3	https://www.siringayrimenkul.com/mahalleler/seyh-samil-mahallesi/adalar/46265-2
8	0	5.9	https://www.siringayrimenkul.com/mahalleler/seyh-samil-mahallesi/adalar/46269-4
12	0	8.8	https://www.siringayrimenkul.com/mahalleler/seyh-samil-mahallesi/adalar/46272-1
4	0	9.0	https://www.siringayrimenkul.com/mahalleler/seyh-samil-mahallesi/adalar/46277-1
7	0	6.1	https://www.siringayrimenkul.com/mahalleler/seyh-samil-mahallesi/adalar/46486-2
5	0	9.2	https://www.siringayrimenkul.com/mahalleler/seyh-samil-mahallesi/adalar/46487-5
7	0	7.7	https://www.siringayrimenkul.com/mahalleler/seyh-samil-mahallesi/adalar/46491-2
11	0	10.9	https://www.siringayrimenkul.com/mahalleler/seyh-samil-mahallesi/adalar/46569-1
5	0	9.2	https://www.siringayrimenkul.com/mahalleler/seyh-samil-mahallesi/adalar/48062-1
4	0	8.3	https://www.siringayrimenkul.com/mahalleler/seyh-samil-mahallesi/adalar/48063-1
18	0	11.6	https://www.siringayrimenkul.com/mahalleler/seyh-samil-mahallesi/adalar/48064-1
2	0	8.0	https://www.siringayrimenkul.com/mahalleler/seyh-samil-mahallesi/adalar/48065-1
8	0	5.8	https://www.siringayrimenkul.com/mahalleler/seyh-samil-mahallesi/borankent
14	0	5.9	https://www.siringayrimenkul.com/mahalleler/seyh-samil-mahallesi/duskent-sitesi
4	0	13.0	https://www.siringayrimenkul.com/mahalleler/seyh-samil-mahallesi/eston-1-bloklari
114	0	9.5	https://www.siringayrimenkul.com/mahalleler/seyh-samil-mahallesi/eston-bloklari
21	0	6.8	https://www.siringayrimenkul.com/mahalleler/seyh-samil-mahallesi/ictas-bloklari
16	0	6.8	https://www.siringayrimenkul.com/mahalleler/seyh-samil-mahallesi/ilkdogus-sitesi
1	0	3.0	https://www.siringayrimenkul.com/mahalleler/seyh-samil-mahallesi/kackar-sitesi
23	0	7.1	https://www.siringayrimenkul.com/mahalleler/seyh-samil-mahallesi/oz-cozum-kent-sitesi
6	0	6.3	https://www.siringayrimenkul.com/mahalleler/seyh-samil-mahallesi/selinkent-sitesi
4	0	5.0	https://www.siringayrimenkul.com/mahalleler/seyh-samil-mahallesi/sitekonut-sitesi
61	0	7.9	https://www.siringayrimenkul.com/mahalleler/seyh-samil-mahallesi/sutek-bloklari
15	0	9.5	https://www.siringayrimenkul.com/mahalleler/seyh-samil-mahallesi/turk-konut
35	0	10.0	https://www.siringayrimenkul.com/mahalleler/seyh-samil-mahallesi/turkuaz-sitesi
13	0	6.5	https://www.siringayrimenkul.com/mahalleler/seyh-samil-mahallesi/uzunbey-sitesi
26	0	7.0	https://www.siringayrimenkul.com/mahalleler/seyh-samil-mahallesi/yardimci-bloklari
10	0	5.4	https://www.siringayrimenkul.com/mahalleler/seyh-samil-mahallesi/yayginkent-sitesi
14	0	8.6	https://www.siringayrimenkul.com/mahalleler/seyh-samil/adalar/17323-1
5	0	6.6	https://www.siringayrimenkul.com/mahalleler/seyh-samil/adalar/17325-1
7	0	6.9	https://www.siringayrimenkul.com/mahalleler/seyh-samil/adalar/17326-1
37	0	8.5	https://www.siringayrimenkul.com/mahalleler/seyh-samil/adalar/17327-1
13	0	9.8	https://www.siringayrimenkul.com/mahalleler/seyh-samil/adalar/17334-1
6	0	7.0	https://www.siringayrimenkul.com/mahalleler/seyh-samil/adalar/17335-1
9	0	9.6	https://www.siringayrimenkul.com/mahalleler/seyh-samil/adalar/17336-1
9	0	6.1	https://www.siringayrimenkul.com/mahalleler/seyh-samil/adalar/17338-1
14	0	6.9	https://www.siringayrimenkul.com/mahalleler/seyh-samil/adalar/17339-1
9	0	5.8	https://www.siringayrimenkul.com/mahalleler/seyh-samil/adalar/17340-1
18	0	7.2	https://www.siringayrimenkul.com/mahalleler/seyh-samil/adalar/17341-1
16	0	10.2	https://www.siringayrimenkul.com/mahalleler/seyh-samil/adalar/17342-1
8	0	5.0	https://www.siringayrimenkul.com/mahalleler/seyh-samil/adalar/17348-1
9	0	8.0	https://www.siringayrimenkul.com/mahalleler/seyh-samil/adalar/17349-1
17	0	9.6	https://www.siringayrimenkul.com/mahalleler/seyh-samil/adalar/17365-1
31	0	8.4	https://www.siringayrimenkul.com/mahalleler/seyh-samil/adalar/17367-1
44	0	8.1	https://www.siringayrimenkul.com/mahalleler/seyh-samil/adalar/46216-1
3	0	4.7	https://www.siringayrimenkul.com/mahalleler/seyh-samil/adalar/46219-1
9	0	10.1	https://www.siringayrimenkul.com/mahalleler/seyh-samil/adalar/46221-1
15	0	8.4	https://www.siringayrimenkul.com/mahalleler/seyh-samil/adalar/46223-2
77	0	5.6	https://www.siringayrimenkul.com/mahalleler/seyh-samil/adalar/46263-2
17	0	7.0	https://www.siringayrimenkul.com/mahalleler/seyh-samil/adalar/46265-2
3	0	7.0	https://www.siringayrimenkul.com/mahalleler/seyh-samil/adalar/46268-3
12	0	8.2	https://www.siringayrimenkul.com/mahalleler/seyh-samil/adalar/46269-2
19	0	10.5	https://www.siringayrimenkul.com/mahalleler/seyh-samil/adalar/46271-1
68	0	10.5	https://www.siringayrimenkul.com/mahalleler/seyh-samil/adalar/46272-1
35	0	9.3	https://www.siringayrimenkul.com/mahalleler/seyh-samil/adalar/46275-1
33	0	8.9	https://www.siringayrimenkul.com/mahalleler/seyh-samil/adalar/46486-2
34	0	9.4	https://www.siringayrimenkul.com/mahalleler/seyh-samil/adalar/46487-5
11	0	6.9	https://www.siringayrimenkul.com/mahalleler/seyh-samil/adalar/46488-2
40	0	9.4	https://www.siringayrimenkul.com/mahalleler/seyh-samil/adalar/46489-1
12	0	10.2	https://www.siringayrimenkul.com/mahalleler/seyh-samil/adalar/46491-2
7	0	9.9	https://www.siringayrimenkul.com/mahalleler/seyh-samil/adalar/46569-1
11	0	7.5	https://www.siringayrimenkul.com/mahalleler/seyh-samil/adalar/48065-1
9	0	8.6	https://www.siringayrimenkul.com/mahalleler/seyh-samil/concept-eryaman
10	0	6.0	https://www.siringayrimenkul.com/mahalleler/seyh-samil/demirel-park-evleri
5	0	23.0	https://www.siringayrimenkul.com/mahalleler/seyh-samil/etaplar/3
3	0	7.3	https://www.siringayrimenkul.com/mahalleler/seyh-samil/ilksebat-sitesi
22	0	9.0	https://www.siringayrimenkul.com/mahalleler/seyh-samil/ozluce-guzelevim
6	0	7.3	https://www.siringayrimenkul.com/mahalleler/seyh-samil/serender-sitesi
1	0	10.0	https://www.siringayrimenkul.com/mahalleler/seyh-samil/sitekonut-sitesi
3	0	4.0	https://www.siringayrimenkul.com/mahalleler/seyh-samil/sumeyra-sitesi
52	0	7.8	https://www.siringayrimenkul.com/mahalleler/seyh-samil/taniskent-sitesi
53	0	7.9	https://www.siringayrimenkul.com/mahalleler/seyh-samil/tepe-bloklari
18	0	7.1	https://www.siringayrimenkul.com/mahalleler/seyh-samil/tugce-kent-sitesi
6	0	6.3	https://www.siringayrimenkul.com/mahalleler/seyh-samil/unsal-rezidans
27	0	7.4	https://www.siringayrimenkul.com/mahalleler/seyh-samil/yagan-kent
3	0	6.7	https://www.siringayrimenkul.com/mahalleler/seyh-samil/yeni-burak-sitesi
13	0	8.6	https://www.siringayrimenkul.com/mahalleler/seyh-samil/zadegan-sitesi
7	0	12.3	https://www.siringayrimenkul.com/mahalleler/susuz-mahallesi/adalar/44752-1
20	0	6.7	https://www.siringayrimenkul.com/mahalleler/susuz-mahallesi/adalar/46185-1
5	0	5.4	https://www.siringayrimenkul.com/mahalleler/susuz-mahallesi/adalar/46186-1
2	0	12.5	https://www.siringayrimenkul.com/mahalleler/susuz-mahallesi/adalar/46187-1
33	0	8.3	https://www.siringayrimenkul.com/mahalleler/susuz-mahallesi/adalar/63268-3
22	0	9.3	https://www.siringayrimenkul.com/mahalleler/susuz-mahallesi/adalar/63276-1
8	0	7.9	https://www.siringayrimenkul.com/mahalleler/susuz-mahallesi/adalar/63280-2
15	0	10.1	https://www.siringayrimenkul.com/mahalleler/susuz-mahallesi/adalar/63316-2
20	0	10.0	https://www.siringayrimenkul.com/mahalleler/susuz-mahallesi/adalar/63331-4
7	0	9.3	https://www.siringayrimenkul.com/mahalleler/susuz-mahallesi/adalar/63339-4
5	0	15.8	https://www.siringayrimenkul.com/mahalleler/susuz-mahallesi/adalar/63340-5
55	0	8.4	https://www.siringayrimenkul.com/mahalleler/susuz-mahallesi/adalar/63352-2
8	0	7.8	https://www.siringayrimenkul.com/mahalleler/susuz-mahallesi/adalar/63352-5
32	0	8.3	https://www.siringayrimenkul.com/mahalleler/susuz-mahallesi/adalar/63356-1
4	0	10.0	https://www.siringayrimenkul.com/mahalleler/susuz-mahallesi/adalar/63368-3
16	0	8.5	https://www.siringayrimenkul.com/mahalleler/susuz-mahallesi/adalar/63376-4
26	0	8.7	https://www.siringayrimenkul.com/mahalleler/susuz-mahallesi/adalar/63376-5
15	0	11.3	https://www.siringayrimenkul.com/mahalleler/susuz-mahallesi/adalar/63376-6
13	0	8.3	https://www.siringayrimenkul.com/mahalleler/susuz-mahallesi/adalar/63377-5
82	0	8.5	https://www.siringayrimenkul.com/mahalleler/susuz-mahallesi/adalar/63384-1
14	0	10.5	https://www.siringayrimenkul.com/mahalleler/susuz-mahallesi/adalar/63385-3
7	0	10.3	https://www.siringayrimenkul.com/mahalleler/susuz-mahallesi/adalar/63929-3
11	0	6.6	https://www.siringayrimenkul.com/mahalleler/susuz-mahallesi/adalar/64515-2
12	0	11.0	https://www.siringayrimenkul.com/mahalleler/susuz-mahallesi/adalar/64527-1
10	0	9.6	https://www.siringayrimenkul.com/mahalleler/susuz-mahallesi/adalar/64527-7
50	0	6.1	https://www.siringayrimenkul.com/mahalleler/susuz-mahallesi/baskent-goksu
5	0	4.4	https://www.siringayrimenkul.com/mahalleler/susuz-mahallesi/batimahal-baspinar
111	0	6.5	https://www.siringayrimenkul.com/mahalleler/susuz-mahallesi/eser-yapi-sitesi
12	0	4.5	https://www.siringayrimenkul.com/mahalleler/susuz-mahallesi/merdin-sitesi
23	0	5.8	https://www.siringayrimenkul.com/mahalleler/susuz-mahallesi/neva-palas
5	0	6.2	https://www.siringayrimenkul.com/mahalleler/susuz-mahallesi/serline-konutlari
62	0	5.6	https://www.siringayrimenkul.com/mahalleler/susuz-mahallesi/starlife
1	0	54.0	https://www.siringayrimenkul.com/mahalleler/susuz/adalar/46187-1
1	0	12.0	https://www.siringayrimenkul.com/mahalleler/susuz/adalar/46188-1
23	0	8.0	https://www.siringayrimenkul.com/mahalleler/susuz/adalar/63268-3
8	0	9.8	https://www.siringayrimenkul.com/mahalleler/susuz/adalar/63285-5
2	0	11.5	https://www.siringayrimenkul.com/mahalleler/susuz/adalar/63339-4
7	0	10.4	https://www.siringayrimenkul.com/mahalleler/susuz/adalar/63340-5
21	0	11.8	https://www.siringayrimenkul.com/mahalleler/susuz/adalar/63340-6
23	0	11.0	https://www.siringayrimenkul.com/mahalleler/susuz/adalar/63352-2
8	0	8.3	https://www.siringayrimenkul.com/mahalleler/susuz/adalar/63355-1
13	0	10.9	https://www.siringayrimenkul.com/mahalleler/susuz/adalar/63356-1
31	0	10.0	https://www.siringayrimenkul.com/mahalleler/susuz/adalar/63360-1
11	0	9.5	https://www.siringayrimenkul.com/mahalleler/susuz/adalar/63376-5
6	0	4.8	https://www.siringayrimenkul.com/mahalleler/susuz/adalar/63379-1
8	0	7.0	https://www.siringayrimenkul.com/mahalleler/susuz/adalar/63380-3
6	0	6.2	https://www.siringayrimenkul.com/mahalleler/susuz/adalar/63385-1
109	0	10.2	https://www.siringayrimenkul.com/mahalleler/susuz/adalar/63929-3
18	0	8.7	https://www.siringayrimenkul.com/mahalleler/susuz/adalar/64515-1
15	0	10.7	https://www.siringayrimenkul.com/mahalleler/susuz/adalar/64515-2
35	0	8.8	https://www.siringayrimenkul.com/mahalleler/susuz/adalar/64515-3
7	0	12.4	https://www.siringayrimenkul.com/mahalleler/susuz/adalar/64526-3
35	0	12.5	https://www.siringayrimenkul.com/mahalleler/susuz/adalar/64527-1
5	0	5.8	https://www.siringayrimenkul.com/mahalleler/susuz/adalar/64527-10
15	0	8.1	https://www.siringayrimenkul.com/mahalleler/susuz/adalar/64527-7
87	0	9.4	https://www.siringayrimenkul.com/mahalleler/susuz/ap-forest-gate
38	0	7.3	https://www.siringayrimenkul.com/mahalleler/susuz/basak-life
5	0	10.6	https://www.siringayrimenkul.com/mahalleler/susuz/batimahal-baspinar
65	0	7.8	https://www.siringayrimenkul.com/mahalleler/susuz/eser-yapi-sitesi
57	0	6.2	https://www.siringayrimenkul.com/mahalleler/susuz/green-life-goksu-konutlari
52	0	6.0	https://www.siringayrimenkul.com/mahalleler/susuz/korucam-sitesi
41	0	7.3	https://www.siringayrimenkul.com/mahalleler/susuz/liva-goksu
33	0	9.0	https://www.siringayrimenkul.com/mahalleler/susuz/mavera-goksu
13	0	8.6	https://www.siringayrimenkul.com/mahalleler/susuz/merdin-sitesi
56	0	7.8	https://www.siringayrimenkul.com/mahalleler/susuz/neovadi-konutlari
38	0	7.2	https://www.siringayrimenkul.com/mahalleler/susuz/nil-my-home
63	0	9.0	https://www.siringayrimenkul.com/mahalleler/susuz/park-goksu-konutlari
28	0	6.7	https://www.siringayrimenkul.com/mahalleler/susuz/starlife
53	0	7.2	https://www.siringayrimenkul.com/mahalleler/susuz/yildiz-life
44	0	9.9	https://www.siringayrimenkul.com/mahalleler/tunahan-mahallesi
5	0	12.6	https://www.siringayrimenkul.com/mahalleler/tunahan-mahallesi/adalar/17621-1
32	0	9.5	https://www.siringayrimenkul.com/mahalleler/tunahan-mahallesi/adalar/17622-1
5	0	8.2	https://www.siringayrimenkul.com/mahalleler/tunahan-mahallesi/adalar/17625-1
2	0	4.0	https://www.siringayrimenkul.com/mahalleler/tunahan-mahallesi/adalar/17629
16	0	7.4	https://www.siringayrimenkul.com/mahalleler/tunahan-mahallesi/adalar/17629-1
11	0	8.7	https://www.siringayrimenkul.com/mahalleler/tunahan-mahallesi/adalar/17635-1
34	0	8.3	https://www.siringayrimenkul.com/mahalleler/tunahan-mahallesi/adalar/17636-1
21	0	7.7	https://www.siringayrimenkul.com/mahalleler/tunahan-mahallesi/adalar/17637-1
17	0	8.9	https://www.siringayrimenkul.com/mahalleler/tunahan-mahallesi/adalar/17639-1
21	0	6.0	https://www.siringayrimenkul.com/mahalleler/tunahan-mahallesi/adalar/17646-1
6	0	7.5	https://www.siringayrimenkul.com/mahalleler/tunahan-mahallesi/adalar/17647-1
17	0	9.0	https://www.siringayrimenkul.com/mahalleler/tunahan-mahallesi/adalar/17652-1
14	0	7.8	https://www.siringayrimenkul.com/mahalleler/tunahan-mahallesi/adalar/17653-1
14	0	7.4	https://www.siringayrimenkul.com/mahalleler/tunahan-mahallesi/adalar/17654-1
6	0	6.0	https://www.siringayrimenkul.com/mahalleler/tunahan-mahallesi/adalar/17655-1
10	0	5.4	https://www.siringayrimenkul.com/mahalleler/tunahan-mahallesi/adalar/17657-1
6	0	7.8	https://www.siringayrimenkul.com/mahalleler/tunahan-mahallesi/adalar/17658-1
8	0	8.6	https://www.siringayrimenkul.com/mahalleler/tunahan-mahallesi/adalar/17659-1
15	0	9.1	https://www.siringayrimenkul.com/mahalleler/tunahan-mahallesi/adalar/17661-1
24	0	8.5	https://www.siringayrimenkul.com/mahalleler/tunahan-mahallesi/adalar/17662-1
16	0	6.8	https://www.siringayrimenkul.com/mahalleler/tunahan-mahallesi/adalar/17665-1
14	0	8.3	https://www.siringayrimenkul.com/mahalleler/tunahan-mahallesi/adalar/17669-1
33	0	7.4	https://www.siringayrimenkul.com/mahalleler/tunahan-mahallesi/adalar/17670-1
41	0	8.4	https://www.siringayrimenkul.com/mahalleler/tunahan-mahallesi/adalar/17689-1
27	0	9.5	https://www.siringayrimenkul.com/mahalleler/tunahan-mahallesi/adalar/17703-1
9	0	8.9	https://www.siringayrimenkul.com/mahalleler/tunahan-mahallesi/adalar/17704-1
34	0	7.5	https://www.siringayrimenkul.com/mahalleler/tunahan-mahallesi/adalar/17705-1
29	0	8.0	https://www.siringayrimenkul.com/mahalleler/tunahan-mahallesi/adalar/45878-2
24	0	9.9	https://www.siringayrimenkul.com/mahalleler/tunahan-mahallesi/adalar/46495-2
23	0	7.6	https://www.siringayrimenkul.com/mahalleler/tunahan-mahallesi/adalar/46496-2
18	0	10.2	https://www.siringayrimenkul.com/mahalleler/tunahan-mahallesi/adalar/46497-2
26	0	7.9	https://www.siringayrimenkul.com/mahalleler/tunahan-mahallesi/adalar/46500-2
32	0	8.7	https://www.siringayrimenkul.com/mahalleler/tunahan-mahallesi/adalar/46501-2
42	0	8.6	https://www.siringayrimenkul.com/mahalleler/tunahan-mahallesi/adalar/46502-1
39	0	8.8	https://www.siringayrimenkul.com/mahalleler/tunahan-mahallesi/adalar/46503-2
4	0	10.3	https://www.siringayrimenkul.com/mahalleler/tunahan-mahallesi/adalar/46505-6
21	0	8.0	https://www.siringayrimenkul.com/mahalleler/tunahan-mahallesi/adalar/46506-1
13	0	10.2	https://www.siringayrimenkul.com/mahalleler/tunahan-mahallesi/adalar/46508-1
1	0	9.0	https://www.siringayrimenkul.com/mahalleler/tunahan-mahallesi/adalar/46510-1
63	0	9.6	https://www.siringayrimenkul.com/mahalleler/tunahan-mahallesi/adalar/46512-9
30	0	9.1	https://www.siringayrimenkul.com/mahalleler/tunahan-mahallesi/adalar/46514-2
12	0	6.8	https://www.siringayrimenkul.com/mahalleler/tunahan-mahallesi/akturk-sitesi
4	0	8.3	https://www.siringayrimenkul.com/mahalleler/tunahan-mahallesi/camli-klima-bloklari
2	0	3.5	https://www.siringayrimenkul.com/mahalleler/tunahan-mahallesi/ilgazlar-sitesi
100	0	8.3	https://www.siringayrimenkul.com/mahalleler/tunahan-mahallesi/klima-bloklari
182	0	8.3	https://www.siringayrimenkul.com/mahalleler/tunahan-mahallesi/metromall-sitesi
2	0	8.0	https://www.siringayrimenkul.com/mahalleler/tunahan-mahallesi/okyanus-plaza
60	0	9.1	https://www.siringayrimenkul.com/mahalleler/tunahan-mahallesi/soyak-sitesi
10	0	8.6	https://www.siringayrimenkul.com/mahalleler/tunahan-mahallesi/tunahan-sitesi
18	0	10.0	https://www.siringayrimenkul.com/mahalleler/tunahan-mahallesi/yuksel-bloklari
3	0	4.0	https://www.siringayrimenkul.com/mahalleler/tunahan/adalar/17622
4	0	8.5	https://www.siringayrimenkul.com/mahalleler/tunahan/adalar/17622-1
6	0	7.5	https://www.siringayrimenkul.com/mahalleler/tunahan/adalar/17623
2	0	6.5	https://www.siringayrimenkul.com/mahalleler/tunahan/adalar/17623-1
8	0	7.8	https://www.siringayrimenkul.com/mahalleler/tunahan/adalar/17624
2	0	5.5	https://www.siringayrimenkul.com/mahalleler/tunahan/adalar/17625
1	0	6.0	https://www.siringayrimenkul.com/mahalleler/tunahan/adalar/17625-1
7	0	5.3	https://www.siringayrimenkul.com/mahalleler/tunahan/adalar/17629
4	0	5.0	https://www.siringayrimenkul.com/mahalleler/tunahan/adalar/17630
3	0	7.0	https://www.siringayrimenkul.com/mahalleler/tunahan/adalar/17631-1
7	0	5.6	https://www.siringayrimenkul.com/mahalleler/tunahan/adalar/17632
7	0	7.1	https://www.siringayrimenkul.com/mahalleler/tunahan/adalar/17633
11	0	7.2	https://www.siringayrimenkul.com/mahalleler/tunahan/adalar/17634
27	0	7.4	https://www.siringayrimenkul.com/mahalleler/tunahan/adalar/17635-1
10	0	8.8	https://www.siringayrimenkul.com/mahalleler/tunahan/adalar/17636
3	0	8.0	https://www.siringayrimenkul.com/mahalleler/tunahan/adalar/17636-1
8	0	5.8	https://www.siringayrimenkul.com/mahalleler/tunahan/adalar/17637
8	0	8.0	https://www.siringayrimenkul.com/mahalleler/tunahan/adalar/17637-1
5	0	9.8	https://www.siringayrimenkul.com/mahalleler/tunahan/adalar/17639
11	0	9.2	https://www.siringayrimenkul.com/mahalleler/tunahan/adalar/17639-1
7	0	5.9	https://www.siringayrimenkul.com/mahalleler/tunahan/adalar/17645
12	0	5.8	https://www.siringayrimenkul.com/mahalleler/tunahan/adalar/17646
2	0	8.0	https://www.siringayrimenkul.com/mahalleler/tunahan/adalar/17646-1
24	0	8.4	https://www.siringayrimenkul.com/mahalleler/tunahan/adalar/17648
56	0	9.0	https://www.siringayrimenkul.com/mahalleler/tunahan/adalar/17648-1
17	0	7.0	https://www.siringayrimenkul.com/mahalleler/tunahan/adalar/17649
1	0	5.0	https://www.siringayrimenkul.com/mahalleler/tunahan/adalar/17649-1
7	0	8.3	https://www.siringayrimenkul.com/mahalleler/tunahan/adalar/17650-1
5	0	6.4	https://www.siringayrimenkul.com/mahalleler/tunahan/adalar/17651
1	0	5.0	https://www.siringayrimenkul.com/mahalleler/tunahan/adalar/17651-1
3	0	7.7	https://www.siringayrimenkul.com/mahalleler/tunahan/adalar/17652
13	0	6.8	https://www.siringayrimenkul.com/mahalleler/tunahan/adalar/17653
7	0	8.9	https://www.siringayrimenkul.com/mahalleler/tunahan/adalar/17653-1
3	0	6.3	https://www.siringayrimenkul.com/mahalleler/tunahan/adalar/17654-1
4	0	6.5	https://www.siringayrimenkul.com/mahalleler/tunahan/adalar/17655
5	0	8.6	https://www.siringayrimenkul.com/mahalleler/tunahan/adalar/17656
7	0	10.3	https://www.siringayrimenkul.com/mahalleler/tunahan/adalar/17656-1
3	0	6.3	https://www.siringayrimenkul.com/mahalleler/tunahan/adalar/17657
3	0	4.7	https://www.siringayrimenkul.com/mahalleler/tunahan/adalar/17658
6	0	7.0	https://www.siringayrimenkul.com/mahalleler/tunahan/adalar/17659
2	0	6.0	https://www.siringayrimenkul.com/mahalleler/tunahan/adalar/17659-1
14	0	8.4	https://www.siringayrimenkul.com/mahalleler/tunahan/adalar/17660
9	0	8.7	https://www.siringayrimenkul.com/mahalleler/tunahan/adalar/17661
57	0	9.2	https://www.siringayrimenkul.com/mahalleler/tunahan/adalar/17661-1
5	0	3.6	https://www.siringayrimenkul.com/mahalleler/tunahan/adalar/17662
4	0	4.5	https://www.siringayrimenkul.com/mahalleler/tunahan/adalar/17662-1
13	0	7.7	https://www.siringayrimenkul.com/mahalleler/tunahan/adalar/17665
5	0	8.0	https://www.siringayrimenkul.com/mahalleler/tunahan/adalar/17666-1
11	0	8.4	https://www.siringayrimenkul.com/mahalleler/tunahan/adalar/17669
4	0	8.3	https://www.siringayrimenkul.com/mahalleler/tunahan/adalar/17670
17	0	10.1	https://www.siringayrimenkul.com/mahalleler/tunahan/adalar/17670-1
6	0	8.2	https://www.siringayrimenkul.com/mahalleler/tunahan/adalar/17671
12	0	8.1	https://www.siringayrimenkul.com/mahalleler/tunahan/adalar/17671-1
2	0	4.5	https://www.siringayrimenkul.com/mahalleler/tunahan/adalar/17673
6	0	5.5	https://www.siringayrimenkul.com/mahalleler/tunahan/adalar/17674
2	0	6.0	https://www.siringayrimenkul.com/mahalleler/tunahan/adalar/17675
4	0	9.3	https://www.siringayrimenkul.com/mahalleler/tunahan/adalar/17675-1
16	0	7.9	https://www.siringayrimenkul.com/mahalleler/tunahan/adalar/17688-1
4	0	5.0	https://www.siringayrimenkul.com/mahalleler/tunahan/adalar/17703
33	0	9.0	https://www.siringayrimenkul.com/mahalleler/tunahan/adalar/17703-1
16	0	7.9	https://www.siringayrimenkul.com/mahalleler/tunahan/adalar/17704
11	0	7.4	https://www.siringayrimenkul.com/mahalleler/tunahan/adalar/17704-1
13	0	5.7	https://www.siringayrimenkul.com/mahalleler/tunahan/adalar/17705
4	0	5.3	https://www.siringayrimenkul.com/mahalleler/tunahan/adalar/17705-1
5	0	7.8	https://www.siringayrimenkul.com/mahalleler/tunahan/adalar/17711
4	0	9.8	https://www.siringayrimenkul.com/mahalleler/tunahan/adalar/46495-2
8	0	7.4	https://www.siringayrimenkul.com/mahalleler/tunahan/adalar/46496-2
24	0	10.0	https://www.siringayrimenkul.com/mahalleler/tunahan/adalar/46497-2
72	0	9.5	https://www.siringayrimenkul.com/mahalleler/tunahan/adalar/46498-7
12	0	7.3	https://www.siringayrimenkul.com/mahalleler/tunahan/adalar/46501-2
23	0	7.8	https://www.siringayrimenkul.com/mahalleler/tunahan/adalar/46505-6
18	0	7.2	https://www.siringayrimenkul.com/mahalleler/tunahan/adalar/46507-2
56	0	10.3	https://www.siringayrimenkul.com/mahalleler/tunahan/camli-klima-bloklari
20	0	8.3	https://www.siringayrimenkul.com/mahalleler/tunahan/haznedaroglu-bloklari
41	0	11.2	https://www.siringayrimenkul.com/mahalleler/tunahan/tunahan-sitesi
63	0	8.2	https://www.siringayrimenkul.com/mahalleler/tunahan/yuksel-bloklari
9	0	10.0	https://www.siringayrimenkul.com/mahalleler/yavuz-selim-mahallesi/adalar/19501-2
17	0	7.8	https://www.siringayrimenkul.com/mahalleler/yavuz-selim-mahallesi/adalar/19502-1
13	0	9.2	https://www.siringayrimenkul.com/mahalleler/yavuz-selim-mahallesi/adalar/19507-1
5	0	7.2	https://www.siringayrimenkul.com/mahalleler/yavuz-selim-mahallesi/adalar/19508-3
5	0	17.6	https://www.siringayrimenkul.com/mahalleler/yavuz-selim-mahallesi/adalar/19511-1
43	0	8.6	https://www.siringayrimenkul.com/mahalleler/yavuz-selim-mahallesi/adalar/19514-1
31	0	9.1	https://www.siringayrimenkul.com/mahalleler/yavuz-selim-mahallesi/adalar/19523-1
2	0	7.0	https://www.siringayrimenkul.com/mahalleler/yavuz-selim-mahallesi/adalar/19524-1
2	0	9.5	https://www.siringayrimenkul.com/mahalleler/yavuz-selim-mahallesi/adalar/19524-3
12	0	7.8	https://www.siringayrimenkul.com/mahalleler/yavuz-selim-mahallesi/adalar/19525-3
4	0	5.8	https://www.siringayrimenkul.com/mahalleler/yavuz-selim-mahallesi/adalar/19526-1
1	0	11.0	https://www.siringayrimenkul.com/mahalleler/yavuz-selim-mahallesi/adalar/19527-1
4	0	10.8	https://www.siringayrimenkul.com/mahalleler/yavuz-selim-mahallesi/adalar/19528-1
34	0	9.4	https://www.siringayrimenkul.com/mahalleler/yavuz-selim-mahallesi/adalar/19529-1
15	0	15.1	https://www.siringayrimenkul.com/mahalleler/yavuz-selim-mahallesi/adalar/19530-1
13	0	11.0	https://www.siringayrimenkul.com/mahalleler/yavuz-selim-mahallesi/adalar/19531-1
3	0	11.7	https://www.siringayrimenkul.com/mahalleler/yavuz-selim-mahallesi/adalar/19532-1
13	0	9.6	https://www.siringayrimenkul.com/mahalleler/yavuz-selim-mahallesi/adalar/19533-1
6	0	5.8	https://www.siringayrimenkul.com/mahalleler/yavuz-selim-mahallesi/adalar/19536-1
21	0	9.6	https://www.siringayrimenkul.com/mahalleler/yavuz-selim-mahallesi/adalar/45819-1
18	0	8.7	https://www.siringayrimenkul.com/mahalleler/yavuz-selim-mahallesi/adalar/45820-1
56	0	10.2	https://www.siringayrimenkul.com/mahalleler/yavuz-selim-mahallesi/adalar/45822-1
33	0	10.3	https://www.siringayrimenkul.com/mahalleler/yavuz-selim-mahallesi/adalar/45824-1
13	0	7.1	https://www.siringayrimenkul.com/mahalleler/yavuz-selim-mahallesi/adalar/45831-1
20	0	10.8	https://www.siringayrimenkul.com/mahalleler/yavuz-selim-mahallesi/adalar/46234-1
32	0	8.6	https://www.siringayrimenkul.com/mahalleler/yavuz-selim-mahallesi/adalar/46235-1
15	0	14.3	https://www.siringayrimenkul.com/mahalleler/yavuz-selim-mahallesi/adalar/46237-1
12	0	10.0	https://www.siringayrimenkul.com/mahalleler/yavuz-selim-mahallesi/adalar/46239-1
49	0	7.9	https://www.siringayrimenkul.com/mahalleler/yavuz-selim-mahallesi/adalar/46434-1
152	0	11.4	https://www.siringayrimenkul.com/mahalleler/yavuz-selim-mahallesi/adalar/46435-1
37	0	9.9	https://www.siringayrimenkul.com/mahalleler/yavuz-selim-mahallesi/adalar/46439-1
4	0	9.5	https://www.siringayrimenkul.com/mahalleler/yavuz-selim-mahallesi/adalar/46443-1
1	0	12.0	https://www.siringayrimenkul.com/mahalleler/yavuz-selim-mahallesi/adalar/46446-1
47	0	9.8	https://www.siringayrimenkul.com/mahalleler/yavuz-selim-mahallesi/adalar/47603-1
8	0	8.9	https://www.siringayrimenkul.com/mahalleler/yavuz-selim-mahallesi/adalar/47614-1
24	0	10.3	https://www.siringayrimenkul.com/mahalleler/yavuz-selim-mahallesi/altintepe-sitesi
30	0	8.3	https://www.siringayrimenkul.com/mahalleler/yavuz-selim-mahallesi/atadostlar-sitesi
24	0	7.5	https://www.siringayrimenkul.com/mahalleler/yavuz-selim-mahallesi/celikler-sitesi
44	0	8.8	https://www.siringayrimenkul.com/mahalleler/yavuz-selim-mahallesi/concept-eryaman
21	0	8.8	https://www.siringayrimenkul.com/mahalleler/yavuz-selim-mahallesi/dogakent-camlik-sitesi
13	0	8.8	https://www.siringayrimenkul.com/mahalleler/yavuz-selim-mahallesi/esenkent-sitesi
51	0	8.6	https://www.siringayrimenkul.com/mahalleler/yavuz-selim-mahallesi/eylul-evleri
11	0	7.4	https://www.siringayrimenkul.com/mahalleler/yavuz-selim-mahallesi/goksu-sitesi
41	0	32.8	https://www.siringayrimenkul.com/mahalleler/yavuz-selim-mahallesi/guz-gol-sitesi
32	0	8.0	https://www.siringayrimenkul.com/mahalleler/yavuz-selim-mahallesi/ilkiz-sitesi
88	0	8.8	https://www.siringayrimenkul.com/mahalleler/yavuz-selim-mahallesi/karkoy-villalari
1	0	4.0	https://www.siringayrimenkul.com/mahalleler/yavuz-selim-mahallesi/korukent-sitesi
18	0	5.5	https://www.siringayrimenkul.com/mahalleler/yavuz-selim-mahallesi/kucukevlerimiz-sitesi
33	0	8.8	https://www.siringayrimenkul.com/mahalleler/yavuz-selim-mahallesi/ozenkent-villalari
7	0	5.1	https://www.siringayrimenkul.com/mahalleler/yavuz-selim-mahallesi/ozharitacilar-sitesi
20	0	9.4	https://www.siringayrimenkul.com/mahalleler/yavuz-selim-mahallesi/pasaj-eryaman
115	0	8.0	https://www.siringayrimenkul.com/mahalleler/yavuz-selim-mahallesi/sahil-kent-sitesi
14	0	6.7	https://www.siringayrimenkul.com/mahalleler/yavuz-selim-mahallesi/turaykent-sitesi
32	0	7.2	https://www.siringayrimenkul.com/mahalleler/yavuz-selim-mahallesi/yuksel-kent-91-sitesi
25	0	6.1	https://www.siringayrimenkul.com/mahalleler/yavuz-selim/acat-konutlari
21	0	10.6	https://www.siringayrimenkul.com/mahalleler/yavuz-selim/adalar/19502-1
7	0	5.4	https://www.siringayrimenkul.com/mahalleler/yavuz-selim/adalar/19504-1
15	0	8.5	https://www.siringayrimenkul.com/mahalleler/yavuz-selim/adalar/19507-1
3	0	10.7	https://www.siringayrimenkul.com/mahalleler/yavuz-selim/adalar/19508-1
17	0	9.9	https://www.siringayrimenkul.com/mahalleler/yavuz-selim/adalar/19524-1
1	0	9.0	https://www.siringayrimenkul.com/mahalleler/yavuz-selim/adalar/19524-2
12	0	11.9	https://www.siringayrimenkul.com/mahalleler/yavuz-selim/adalar/19524-3
17	0	9.3	https://www.siringayrimenkul.com/mahalleler/yavuz-selim/adalar/19526-1
8	0	9.0	https://www.siringayrimenkul.com/mahalleler/yavuz-selim/adalar/19527-1
3	0	8.0	https://www.siringayrimenkul.com/mahalleler/yavuz-selim/adalar/19528-1
10	0	8.1	https://www.siringayrimenkul.com/mahalleler/yavuz-selim/adalar/19529-1
2	0	9.5	https://www.siringayrimenkul.com/mahalleler/yavuz-selim/adalar/19536-1
10	0	11.0	https://www.siringayrimenkul.com/mahalleler/yavuz-selim/adalar/19537-1
25	0	7.8	https://www.siringayrimenkul.com/mahalleler/yavuz-selim/adalar/19540-1
21	0	7.9	https://www.siringayrimenkul.com/mahalleler/yavuz-selim/adalar/45819-1
5	0	9.8	https://www.siringayrimenkul.com/mahalleler/yavuz-selim/adalar/45821-1
20	0	8.9	https://www.siringayrimenkul.com/mahalleler/yavuz-selim/adalar/45822-1
20	0	11.1	https://www.siringayrimenkul.com/mahalleler/yavuz-selim/adalar/45823-1
16	0	8.3	https://www.siringayrimenkul.com/mahalleler/yavuz-selim/adalar/45824-1
10	0	7.6	https://www.siringayrimenkul.com/mahalleler/yavuz-selim/adalar/45830-1
3	0	8.7	https://www.siringayrimenkul.com/mahalleler/yavuz-selim/adalar/46229-1
32	0	9.5	https://www.siringayrimenkul.com/mahalleler/yavuz-selim/adalar/46230-1
1	0	10.0	https://www.siringayrimenkul.com/mahalleler/yavuz-selim/adalar/46231-1
39	0	9.3	https://www.siringayrimenkul.com/mahalleler/yavuz-selim/adalar/46233-1
1	0	8.0	https://www.siringayrimenkul.com/mahalleler/yavuz-selim/adalar/46234-1
19	0	10.1	https://www.siringayrimenkul.com/mahalleler/yavuz-selim/adalar/46235-1
12	0	8.6	https://www.siringayrimenkul.com/mahalleler/yavuz-selim/adalar/46236-1
37	0	10.8	https://www.siringayrimenkul.com/mahalleler/yavuz-selim/adalar/46238-1
61	0	10.2	https://www.siringayrimenkul.com/mahalleler/yavuz-selim/adalar/46239-1
1	0	8.0	https://www.siringayrimenkul.com/mahalleler/yavuz-selim/adalar/46263-2
60	0	9.5	https://www.siringayrimenkul.com/mahalleler/yavuz-selim/adalar/46432-1
9	0	5.9	https://www.siringayrimenkul.com/mahalleler/yavuz-selim/adalar/46434-1
5	0	10.2	https://www.siringayrimenkul.com/mahalleler/yavuz-selim/adalar/46435-1
5	0	10.6	https://www.siringayrimenkul.com/mahalleler/yavuz-selim/adalar/46437-1
14	0	7.5	https://www.siringayrimenkul.com/mahalleler/yavuz-selim/adalar/46439-1
1	0	4.0	https://www.siringayrimenkul.com/mahalleler/yavuz-selim/adalar/46443-1
4	0	12.0	https://www.siringayrimenkul.com/mahalleler/yavuz-selim/adalar/46445-1
3	0	9.3	https://www.siringayrimenkul.com/mahalleler/yavuz-selim/adalar/46446-1
43	0	10.0	https://www.siringayrimenkul.com/mahalleler/yavuz-selim/adalar/47603-1
27	0	8.4	https://www.siringayrimenkul.com/mahalleler/yavuz-selim/adalar/47614-1
6	0	10.3	https://www.siringayrimenkul.com/mahalleler/yavuz-selim/aker-mucevher-evleri
1	0	1.0	https://www.siringayrimenkul.com/mahalleler/yavuz-selim/demirglass-sitesi
25	0	8.1	https://www.siringayrimenkul.com/mahalleler/yavuz-selim/dogakent-camlik-sitesi
1	0	11.0	https://www.siringayrimenkul.com/mahalleler/yavuz-selim/guzel-ev-sitesi
35	0	6.7	https://www.siringayrimenkul.com/mahalleler/yavuz-selim/ilkiz-sitesi
8	0	14.3	https://www.siringayrimenkul.com/mahalleler/yavuz-selim/korukent-sitesi
1	0	10.0	https://www.siringayrimenkul.com/mahalleler/yavuz-selim/kucukevlerimiz-sitesi
6	0	9.0	https://www.siringayrimenkul.com/mahalleler/yavuz-selim/ozenkent-villalari
4	0	5.3	https://www.siringayrimenkul.com/mahalleler/yavuz-selim/serenkoy-sitesi
14	0	9.6	https://www.siringayrimenkul.com/mahalleler/yavuz-selim/taskent-sitesi
3	0	3.0	https://www.siringayrimenkul.com/mahalleler/yavuz-selim/turaykent-sitesi
60	0	7.6	https://www.siringayrimenkul.com/mahalleler/yesilova-mahallesi/adalar/46395-1
8	0	9.0	https://www.siringayrimenkul.com/mahalleler/yesilova-mahallesi/adalar/47529-1
24	0	8.4	https://www.siringayrimenkul.com/mahalleler/yesilova-mahallesi/adalar/47538-1
16	0	10.1	https://www.siringayrimenkul.com/mahalleler/yesilova-mahallesi/adalar/47540-2
23	0	9.5	https://www.siringayrimenkul.com/mahalleler/yesilova-mahallesi/adalar/47541-3
10	0	10.7	https://www.siringayrimenkul.com/mahalleler/yesilova-mahallesi/adalar/47542-6
1	0	8.0	https://www.siringayrimenkul.com/mahalleler/yesilova-mahallesi/adalar/47545-1
13	0	14.8	https://www.siringayrimenkul.com/mahalleler/yesilova-mahallesi/adalar/47546-1
9	0	10.6	https://www.siringayrimenkul.com/mahalleler/yesilova-mahallesi/adalar/47546-3
4	0	10.8	https://www.siringayrimenkul.com/mahalleler/yesilova-mahallesi/adalar/47547-1
14	0	8.9	https://www.siringayrimenkul.com/mahalleler/yesilova-mahallesi/adalar/47549-1
22	0	8.6	https://www.siringayrimenkul.com/mahalleler/yesilova-mahallesi/adalar/47549-2
37	0	9.4	https://www.siringayrimenkul.com/mahalleler/yesilova-mahallesi/adalar/47549-5
35	0	9.0	https://www.siringayrimenkul.com/mahalleler/yesilova-mahallesi/adalar/47563-7
6	0	6.3	https://www.siringayrimenkul.com/mahalleler/yesilova-mahallesi/adalar/47564-7
11	0	6.3	https://www.siringayrimenkul.com/mahalleler/yesilova-mahallesi/adalar/47568-5
16	0	8.1	https://www.siringayrimenkul.com/mahalleler/yesilova-mahallesi/adalar/49152-1
26	0	7.0	https://www.siringayrimenkul.com/mahalleler/yesilova-mahallesi/dogan-city
44	0	6.9	https://www.siringayrimenkul.com/mahalleler/yesilova-mahallesi/dogan-life
42	0	7.4	https://www.siringayrimenkul.com/mahalleler/yesilova-mahallesi/eryaman-port
97	0	7.5	https://www.siringayrimenkul.com/mahalleler/yesilova-mahallesi/green-hill
34	0	5.7	https://www.siringayrimenkul.com/mahalleler/yesilova-mahallesi/kocaklar-tower
19	0	10.3	https://www.siringayrimenkul.com/mahalleler/yesilova-mahallesi/lowland-business
8	0	8.1	https://www.siringayrimenkul.com/mahalleler/yesilova/adalar/46395-1
25	0	8.8	https://www.siringayrimenkul.com/mahalleler/yesilova/adalar/46395-6
37	0	7.6	https://www.siringayrimenkul.com/mahalleler/yesilova/adalar/47541-3
2	0	10.0	https://www.siringayrimenkul.com/mahalleler/yesilova/adalar/47544-2
10	0	6.1	https://www.siringayrimenkul.com/mahalleler/yesilova/adalar/47544-4
6	0	9.8	https://www.siringayrimenkul.com/mahalleler/yesilova/adalar/47546-1
5	0	5.8	https://www.siringayrimenkul.com/mahalleler/yesilova/adalar/47547-1
17	0	8.5	https://www.siringayrimenkul.com/mahalleler/yesilova/adalar/47549-2
5	0	10.2	https://www.siringayrimenkul.com/mahalleler/yesilova/adalar/47549-5
23	0	9.0	https://www.siringayrimenkul.com/mahalleler/yesilova/adalar/47550-3
19	0	7.9	https://www.siringayrimenkul.com/mahalleler/yesilova/adalar/47563-7
8	0	6.1	https://www.siringayrimenkul.com/mahalleler/yesilova/adalar/47564-7
29	0	5.9	https://www.siringayrimenkul.com/mahalleler/yesilova/adalar/47568-5
50	0	6.0	https://www.siringayrimenkul.com/mahalleler/yesilova/alpar-sitesi
28	0	7.4	https://www.siringayrimenkul.com/mahalleler/yesilova/dogan-life
7	0	6.1	https://www.siringayrimenkul.com/mahalleler/yesilova/doganlife-yesilova
114	0	8.2	https://www.siringayrimenkul.com/mahalleler/yesilova/green-place-residence
113	0	8.9	https://www.siringayrimenkul.com/mahalleler/yesilova/kayra-loft
20	0	9.2	https://www.siringayrimenkul.com/mahalleler/yesilova/sertower-busidence
28	0	9.6	https://www.siringayrimenkul.com/siteler/yenimahalle
5	0	11.4	https://www.siringayrimenkul.com/sozluk
